Country,Sex,Year,Prevalence,Indicator,Prevalence_pct,Population,GDP_per_capita,Income_group,Region,Absolute_count
Afghanistan,Men,1975,0.251040658526807,Blood Pressure,25.1,12773954.0,1074.0,,"Middle East, North Africa, Afghanistan & Pakistan",3206781.8241511406
Afghanistan,Men,1976,0.252481921805874,Blood Pressure,25.2,13059851.0,1105.0,,"Middle East, North Africa, Afghanistan & Pakistan",3297376.278978365
Afghanistan,Men,1977,0.254044186183753,Blood Pressure,25.4,13340756.0,1022.0,,"Middle East, North Africa, Afghanistan & Pakistan",3389141.50109602
Afghanistan,Men,1978,0.255709455745401,Blood Pressure,25.6,13611441.0,1070.0,,"Middle East, North Africa, Afghanistan & Pakistan",3480574.1700206366
Afghanistan,Men,1979,0.257459142285672,Blood Pressure,25.7,13655567.0,1023.0,,"Middle East, North Africa, Afghanistan & Pakistan",3515750.5672445274
Afghanistan,Men,1980,0.259258959212401,Blood Pressure,25.9,13169311.0,1019.0,,"Middle East, North Africa, Afghanistan & Pakistan",3414261.863404424
Afghanistan,Men,1981,0.261066610780281,Blood Pressure,26.1,11937581.0,1144.0,,"Middle East, North Africa, Afghanistan & Pakistan",3116503.8125850772
Afghanistan,Men,1982,0.262911794675949,Blood Pressure,26.3,10991378.0,1270.0,,"Middle East, North Africa, Afghanistan & Pakistan",2889762.9159417427
Afghanistan,Men,1983,0.264801691732571,Blood Pressure,26.5,10917982.0,1347.0,,"Middle East, North Africa, Afghanistan & Pakistan",2891100.1039057593
Afghanistan,Men,1984,0.266718923262507,Blood Pressure,26.7,11190221.0,1337.0,,"Middle East, North Africa, Afghanistan & Pakistan",2984643.6961894943
Afghanistan,Men,1985,0.268537180857703,Blood Pressure,26.9,11426852.0,1304.0,,"Middle East, North Africa, Afghanistan & Pakistan",3068534.622158205
Afghanistan,Men,1986,0.270139060186724,Blood Pressure,27.0,11420074.0,1344.0,,"Middle East, North Africa, Afghanistan & Pakistan",3085008.057622842
Afghanistan,Men,1987,0.271577400643142,Blood Pressure,27.2,11387818.0,1211.0,Low income,"Middle East, North Africa, Afghanistan & Pakistan",3092674.011437184
Afghanistan,Men,1988,0.272995035985522,Blood Pressure,27.3,11523298.0,1101.0,Low income,"Middle East, North Africa, Afghanistan & Pakistan",3145803.1521818936
Afghanistan,Men,1989,0.274337638078487,Blood Pressure,27.4,11874088.0,999.0,Low income,"Middle East, North Africa, Afghanistan & Pakistan",3257509.2562561054
Afghanistan,Men,1990,0.275730333397407,Blood Pressure,27.6,12045660.0,963.0,Low income,"Middle East, North Africa, Afghanistan & Pakistan",3321353.8477918096
Afghanistan,Men,1991,0.277155847471613,Blood Pressure,27.7,12238879.0,881.1704,Low income,"Middle East, North Africa, Afghanistan & Pakistan",3392076.8813475273
Afghanistan,Men,1992,0.278593859583683,Blood Pressure,27.9,13278974.0,843.87537,Low income,"Middle East, North Africa, Afghanistan & Pakistan",3699440.6179713774
Afghanistan,Men,1993,0.280055483769966,Blood Pressure,28.0,14943172.0,578.4028,Low income,"Middle East, North Africa, Afghanistan & Pakistan",4184917.26351781
Afghanistan,Men,1994,0.281611476157885,Blood Pressure,28.2,16250794.0,428.42456,Low income,"Middle East, North Africa, Afghanistan & Pakistan",4576410.0870777005
Afghanistan,Men,1995,0.283328255654546,Blood Pressure,28.3,17065836.0,632.94037,Low income,"Middle East, North Africa, Afghanistan & Pakistan",4835233.545166555
Afghanistan,Men,1996,0.285228018306936,Blood Pressure,28.5,17763266.0,600.1753,Low income,"Middle East, North Africa, Afghanistan & Pakistan",5066581.159838974
Afghanistan,Men,1997,0.287271499616728,Blood Pressure,28.7,18452091.0,570.59814,Low income,"Middle East, North Africa, Afghanistan & Pakistan",5300759.85263433
Afghanistan,Men,1998,0.289438116340899,Blood Pressure,28.9,19159996.0,545.03876,Low income,"Middle East, North Africa, Afghanistan & Pakistan",5545633.151339159
Afghanistan,Men,1999,0.291664488667249,Blood Pressure,29.2,19887785.0,518.65784,Low income,"Middle East, North Africa, Afghanistan & Pakistan",5800560.642749184
Afghanistan,Men,2000,0.293755330360394,Blood Pressure,29.4,20130327.0,502.37274,Low income,"Middle East, North Africa, Afghanistan & Pakistan",5913390.858147759
Afghanistan,Men,2001,0.295524281434236,Blood Pressure,29.6,20284307.0,489.682,Low income,"Middle East, North Africa, Afghanistan & Pakistan",5994505.2505664425
Afghanistan,Men,2002,0.297160963832117,Blood Pressure,29.7,21378117.0,796.8166,Low income,"Middle East, North Africa, Afghanistan & Pakistan",6352741.852635765
Afghanistan,Men,2003,0.298597161636498,Blood Pressure,29.9,22733049.0,842.8052,Low income,"Middle East, North Africa, Afghanistan & Pakistan",6788023.90674343
Afghanistan,Men,2004,0.299889538773068,Blood Pressure,30.0,23560654.0,869.03925,Low income,"Middle East, North Africa, Afghanistan & Pakistan",7065593.66125184
Afghanistan,Men,2005,0.300975283536711,Blood Pressure,30.1,24404567.0,964.4081,Low income,"Middle East, North Africa, Afghanistan & Pakistan",7345171.4724156605
Afghanistan,Men,2006,0.301812618972994,Blood Pressure,30.2,25424094.0,1057.0966,Low income,"Middle East, North Africa, Afghanistan & Pakistan",7673312.395155583
Afghanistan,Men,2007,0.302385030213277,Blood Pressure,30.2,25909852.0,1259.9967,Low income,"Middle East, North Africa, Afghanistan & Pakistan",7834751.379841535
Afghanistan,Men,2008,0.30280659512588,Blood Pressure,30.3,26482622.0,1319.6074,Low income,"Middle East, North Africa, Afghanistan & Pakistan",8019112.597825722
Afghanistan,Men,2009,0.303158229834593,Blood Pressure,30.3,27466101.0,1557.3207,Low income,"Middle East, North Africa, Afghanistan & Pakistan",8326574.559618145
Afghanistan,Men,2010,0.303429752672417,Blood Pressure,30.3,28284089.0,1627.6716,Low income,"Middle East, North Africa, Afghanistan & Pakistan",8582234.12983463
Afghanistan,Men,2011,0.303657382744929,Blood Pressure,30.4,29347708.0,1792.0,Low income,"Middle East, North Africa, Afghanistan & Pakistan",8911648.200842414
Afghanistan,Men,2012,0.303847223716514,Blood Pressure,30.4,30560034.0,1945.0,Low income,"Middle East, North Africa, Afghanistan & Pakistan",9285581.487582274
Afghanistan,Men,2013,0.304031294322244,Blood Pressure,30.4,31622704.0,2025.0,Low income,"Middle East, North Africa, Afghanistan & Pakistan",9614291.627089202
Afghanistan,Men,2014,0.304193068005631,Blood Pressure,30.4,32792523.0,2022.0,Low income,"Middle East, North Africa, Afghanistan & Pakistan",9975258.17901522
Afghanistan,Men,2015,0.304321156881429,Blood Pressure,30.4,33831764.0,1928.0,Low income,"Middle East, North Africa, Afghanistan & Pakistan",10295721.559819482
Algeria,Men,1975,0.306640257330756,Blood Pressure,30.7,15678596.0,4020.0,,"Middle East, North Africa, Afghanistan & Pakistan",4807688.712024962
Algeria,Men,1976,0.305859706594001,Blood Pressure,30.6,16409170.0,4157.0,,"Middle East, North Africa, Afghanistan & Pakistan",5018903.921651084
Algeria,Men,1977,0.305245953315046,Blood Pressure,30.5,17015994.0,4398.0,,"Middle East, North Africa, Afghanistan & Pakistan",5194063.310133103
Algeria,Men,1978,0.30480002110553,Blood Pressure,30.5,17506974.0,4812.0,,"Middle East, North Africa, Afghanistan & Pakistan",5336126.044693965
Algeria,Men,1979,0.304458378054159,Blood Pressure,30.4,18036655.0,5088.0,,"Middle East, North Africa, Afghanistan & Pakistan",5491410.726822437
Algeria,Men,1980,0.304203544277399,Blood Pressure,30.4,18607174.0,5024.0,,"Middle East, North Africa, Afghanistan & Pakistan",5660368.279786267
Algeria,Men,1981,0.304150260963632,Blood Pressure,30.4,19220704.0,4991.0,,"Middle East, North Africa, Afghanistan & Pakistan",5845982.137504726
Algeria,Men,1982,0.304238102220259,Blood Pressure,30.4,19872348.0,5145.0,,"Middle East, North Africa, Afghanistan & Pakistan",6045925.442180559
Algeria,Men,1983,0.304556557909919,Blood Pressure,30.5,20558115.0,5243.0,,"Middle East, North Africa, Afghanistan & Pakistan",6261108.741516274
Algeria,Men,1984,0.304884328454986,Blood Pressure,30.5,21271969.0,5361.0,,"Middle East, North Africa, Afghanistan & Pakistan",6485489.983480279
Algeria,Men,1985,0.305181568801488,Blood Pressure,30.5,22008544.0,5469.0,,"Middle East, North Africa, Afghanistan & Pakistan",6716601.984956576
Algeria,Men,1986,0.305334786620897,Blood Pressure,30.5,22745499.0,5262.0,,"Middle East, North Africa, Afghanistan & Pakistan",6944992.083750826
Algeria,Men,1987,0.305392384519488,Blood Pressure,30.5,23443624.0,5088.0,Upper middle income,"Middle East, North Africa, Afghanistan & Pakistan",7159504.235138298
Algeria,Men,1988,0.305261072860048,Blood Pressure,30.5,24109536.0,4850.0,Upper middle income,"Middle East, North Africa, Afghanistan & Pakistan",7359702.825517951
Algeria,Men,1989,0.304919003491161,Blood Pressure,30.5,24754485.0,4889.0,Lower middle income,"Middle East, North Africa, Afghanistan & Pakistan",7548112.898136893
Algeria,Men,1990,0.304465275046201,Blood Pressure,30.4,25375810.0,4697.0,Lower middle income,"Middle East, North Africa, Afghanistan & Pakistan",7726052.971170139
Algeria,Men,1991,0.303784255521146,Blood Pressure,30.4,25987928.0,4708.232,Lower middle income,"Middle East, North Africa, Afghanistan & Pakistan",7894723.360017145
Algeria,Men,1992,0.302830544722132,Blood Pressure,30.3,26628568.0,4850.223,Lower middle income,"Middle East, North Africa, Afghanistan & Pakistan",8063943.752610333
Algeria,Men,1993,0.301785688160784,Blood Pressure,30.2,27277048.0,4816.924,Lower middle income,"Middle East, North Africa, Afghanistan & Pakistan",8231822.701674737
Algeria,Men,1994,0.300620428336228,Blood Pressure,30.1,27887279.0,4856.9854,Lower middle income,"Middle East, North Africa, Afghanistan & Pakistan",8383485.758111896
Algeria,Men,1995,0.299336432400356,Blood Pressure,29.9,28470191.0,5142.384,Lower middle income,"Middle East, North Africa, Afghanistan & Pakistan",8522165.403696723
Algeria,Men,1996,0.297840296105259,Blood Pressure,29.8,29033044.0,5451.6343,Lower middle income,"Middle East, North Africa, Afghanistan & Pakistan",8647210.421797013
Algeria,Men,1997,0.296243065915926,Blood Pressure,29.6,29579301.0,5638.48,Lower middle income,"Middle East, North Africa, Afghanistan & Pakistan",8762662.815890014
Algeria,Men,1998,0.29443546245659,Blood Pressure,29.4,30054133.0,6069.7773,Lower middle income,"Middle East, North Africa, Afghanistan & Pakistan",8849002.548586864
Algeria,Men,1999,0.292378697131641,Blood Pressure,29.2,30474354.0,6421.5083,Lower middle income,"Middle East, North Africa, Afghanistan & Pakistan",8910051.918448413
Algeria,Men,2000,0.290390279954379,Blood Pressure,29.0,30903893.0,6834.5537,Lower middle income,"Middle East, North Africa, Afghanistan & Pakistan",8974190.139950173
Algeria,Men,2001,0.288393517679779,Blood Pressure,28.8,31331221.0,7218.2456,Lower middle income,"Middle East, North Africa, Afghanistan & Pakistan",9035721.037392562
Algeria,Men,2002,0.286402663704781,Blood Pressure,28.6,31750835.0,7814.8384,Lower middle income,"Middle East, North Africa, Afghanistan & Pakistan",9093523.71885099
Algeria,Men,2003,0.284330541332812,Blood Pressure,28.4,32175818.0,8590.178,Lower middle income,"Middle East, North Africa, Afghanistan & Pakistan",9148567.749766037
Algeria,Men,2004,0.282217878774984,Blood Pressure,28.2,32628286.0,9182.294,Lower middle income,"Middle East, North Africa, Afghanistan & Pakistan",9208285.662983507
Algeria,Men,2005,0.280014389148005,Blood Pressure,28.0,33109249.0,9969.623,Lower middle income,"Middle East, North Africa, Afghanistan & Pakistan",9271066.133884197
Algeria,Men,2006,0.277677404388113,Blood Pressure,27.8,33623506.0,10385.779,Lower middle income,"Middle East, North Africa, Afghanistan & Pakistan",9336487.872508144
Algeria,Men,2007,0.27536132473147,Blood Pressure,27.5,34189416.0,10974.742,Lower middle income,"Middle East, North Africa, Afghanistan & Pakistan",9414442.881555317
Algeria,Men,2008,0.272989797270375,Blood Pressure,27.3,34816961.0,11475.002,Upper middle income,"Middle East, North Africa, Afghanistan & Pakistan",9504675.124960553
Algeria,Men,2009,0.270541108404919,Blood Pressure,27.1,35490445.0,11907.021,Upper middle income,"Middle East, North Africa, Afghanistan & Pakistan",9601624.328083817
Algeria,Men,2010,0.267962192509248,Blood Pressure,26.8,36188236.0,12587.744,Upper middle income,"Middle East, North Africa, Afghanistan & Pakistan",9697079.061602099
Algeria,Men,2011,0.265231945049748,Blood Pressure,26.5,36903376.0,13204.0,Upper middle income,"Middle East, North Africa, Afghanistan & Pakistan",9787954.195382189
Algeria,Men,2012,0.262539493110421,Blood Pressure,26.3,37646166.0,13392.944,Upper middle income,"Middle East, North Africa, Afghanistan & Pakistan",9883605.339190766
Algeria,Men,2013,0.259805788079447,Blood Pressure,26.0,38414171.0,13508.265,Upper middle income,"Middle East, North Africa, Afghanistan & Pakistan",9980223.970073638
Algeria,Men,2014,0.256999024104721,Blood Pressure,25.7,39205031.0,13760.384,Upper middle income,"Middle East, North Africa, Afghanistan & Pakistan",10075654.706995333
Algeria,Men,2015,0.254158233914663,Blood Pressure,25.4,40019529.0,14007.894,Upper middle income,"Middle East, North Africa, Afghanistan & Pakistan",10171292.81273664
Bahrain,Men,1975,0.406111955181811,Blood Pressure,40.6,283243.0,6252.0,,"Middle East, North Africa, Afghanistan & Pakistan",115028.36852156169
Bahrain,Men,1976,0.401331187306757,Blood Pressure,40.1,297863.0,6875.0,,"Middle East, North Africa, Afghanistan & Pakistan",119541.71144475255
Bahrain,Men,1977,0.396513505756992,Blood Pressure,39.7,312823.0,7084.0,,"Middle East, North Africa, Afghanistan & Pakistan",124038.54441141951
Bahrain,Men,1978,0.391697976424825,Blood Pressure,39.2,328046.0,7037.0,,"Middle East, North Africa, Afghanistan & Pakistan",128494.95437425814
Bahrain,Men,1979,0.386921007210059,Blood Pressure,38.7,343457.0,6730.0,,"Middle East, North Africa, Afghanistan & Pakistan",132890.72837334525
Bahrain,Men,1980,0.382257260258211,Blood Pressure,38.2,358978.0,6994.0,,"Middle East, North Africa, Afghanistan & Pakistan",137221.94677297206
Bahrain,Men,1981,0.37768647971957,Blood Pressure,37.8,373524.0,6875.0,,"Middle East, North Africa, Afghanistan & Pakistan",141074.96465077266
Bahrain,Men,1982,0.373201999551844,Blood Pressure,37.3,386983.0,7036.0,,"Middle East, North Africa, Afghanistan & Pakistan",144422.82939257126
Bahrain,Men,1983,0.368735576485826,Blood Pressure,36.9,400707.0,7240.0,,"Middle East, North Africa, Afghanistan & Pakistan",147754.9266469059
Bahrain,Men,1984,0.364275823615119,Blood Pressure,36.4,415154.0,7264.0,,"Middle East, North Africa, Afghanistan & Pakistan",151230.5652771111
Bahrain,Men,1985,0.359707478520738,Blood Pressure,36.0,430358.0,6972.0,,"Middle East, North Africa, Afghanistan & Pakistan",154802.99104122777
Bahrain,Men,1986,0.354991979965917,Blood Pressure,35.5,446286.0,6880.0,,"Middle East, North Africa, Afghanistan & Pakistan",158427.95077106924
Bahrain,Men,1987,0.350091781388829,Blood Pressure,35.0,462854.0,6786.0,High income,"Middle East, North Africa, Afghanistan & Pakistan",162041.38138294505
Bahrain,Men,1988,0.34503970078932,Blood Pressure,34.5,479929.0,6802.0,High income,"Middle East, North Africa, Afghanistan & Pakistan",165594.55856011756
Bahrain,Men,1989,0.339822742341442,Blood Pressure,34.0,497327.0,6751.0,High income,"Middle East, North Africa, Afghanistan & Pakistan",169003.02498044234
Bahrain,Men,1990,0.334442735658785,Blood Pressure,33.4,514797.0,6542.0,Upper middle income,"Middle East, North Africa, Afghanistan & Pakistan",172170.11698893554
Bahrain,Men,1991,0.32891824998532,Blood Pressure,32.9,503052.0,7059.957,Upper middle income,"Middle East, North Africa, Afghanistan & Pakistan",165462.9834916152
Bahrain,Men,1992,0.323357440803188,Blood Pressure,32.3,516458.0,7993.8926,Upper middle income,"Middle East, North Africa, Afghanistan & Pakistan",167000.53716233288
Bahrain,Men,1993,0.317899417562464,Blood Pressure,31.8,530225.0,9102.066,Upper middle income,"Middle East, North Africa, Afghanistan & Pakistan",168558.21867705748
Bahrain,Men,1994,0.312592296929599,Blood Pressure,31.3,544366.0,9935.004,Upper middle income,"Middle East, North Africa, Afghanistan & Pakistan",170164.61831037808
Bahrain,Men,1995,0.307478744790073,Blood Pressure,30.7,558879.0,10695.393,Upper middle income,"Middle East, North Africa, Afghanistan & Pakistan",171843.4134095312
Bahrain,Men,1996,0.302526537212778,Blood Pressure,30.3,573792.0,11640.821,Upper middle income,"Middle East, North Africa, Afghanistan & Pakistan",173587.3068403943
Bahrain,Men,1997,0.29778802819063,Blood Pressure,29.8,589115.0,12528.39,Upper middle income,"Middle East, North Africa, Afghanistan & Pakistan",175431.39422752298
Bahrain,Men,1998,0.29320636733146,Blood Pressure,29.3,604842.0,13776.008,Upper middle income,"Middle East, North Africa, Afghanistan & Pakistan",177343.52562949492
Bahrain,Men,1999,0.288764183283062,Blood Pressure,28.9,620989.0,15263.758,Upper middle income,"Middle East, North Africa, Afghanistan & Pakistan",179319.38141276542
Bahrain,Men,2000,0.284456559516279,Blood Pressure,28.4,637582.0,17021.723,Upper middle income,"Middle East, North Africa, Afghanistan & Pakistan",181364.38212950822
Bahrain,Men,2001,0.280236236997,Blood Pressure,28.0,661316.0,18152.963,High income,"Middle East, North Africa, Afghanistan & Pakistan",185324.70730590806
Bahrain,Men,2002,0.276066556602018,Blood Pressure,27.6,710553.0,19487.842,High income,"Middle East, North Africa, Afghanistan & Pakistan",196159.9199932337
Bahrain,Men,2003,0.271944515016836,Blood Pressure,27.2,764517.0,21391.611,High income,"Middle East, North Africa, Afghanistan & Pakistan",207906.2047871264
Bahrain,Men,2004,0.26787111177499,Blood Pressure,26.8,823741.0,23389.602,High income,"Middle East, North Africa, Afghanistan & Pakistan",220656.41748464204
Bahrain,Men,2005,0.263810347421935,Blood Pressure,26.4,888822.0,25230.9,High income,"Middle East, North Africa, Afghanistan & Pakistan",234480.4406162591
Bahrain,Men,2006,0.259730519845545,Blood Pressure,26.0,960424.0,26840.125,High income,"Middle East, North Africa, Afghanistan & Pakistan",249451.42479213772
Bahrain,Men,2007,0.255711836767441,Blood Pressure,25.6,1039295.0,28884.697,High income,"Middle East, North Africa, Afghanistan & Pakistan",265760.0333932176
Bahrain,Men,2008,0.251721710071488,Blood Pressure,25.2,1103496.0,30612.498,High income,"Middle East, North Africa, Afghanistan & Pakistan",277773.9001770468
Bahrain,Men,2009,0.247717785844717,Blood Pressure,24.8,1178415.0,31729.566,High income,"Middle East, North Africa, Afghanistan & Pakistan",291914.35460620216
Bahrain,Men,2010,0.24370762477281,Blood Pressure,24.4,1228543.0,34057.715,High income,"Middle East, North Africa, Afghanistan & Pakistan",299405.29646126233
Bahrain,Men,2011,0.239627964268872,Blood Pressure,24.0,1195020.0,36372.0,High income,"Middle East, North Africa, Afghanistan & Pakistan",286360.20986058743
Bahrain,Men,2012,0.235758307973471,Blood Pressure,23.6,1208964.0,36711.39,High income,"Middle East, North Africa, Afghanistan & Pakistan",285023.3070408394
Bahrain,Men,2013,0.231975037509257,Blood Pressure,23.2,1253191.0,37704.21,High income,"Middle East, North Africa, Afghanistan & Pakistan",290709.02923126327
Bahrain,Men,2014,0.228269406110236,Blood Pressure,22.8,1314562.0,38364.83,High income,"Middle East, North Africa, Afghanistan & Pakistan",300074.28703508404
Bahrain,Men,2015,0.224658423798375,Blood Pressure,22.5,1370322.0,38369.66,High income,"Middle East, North Africa, Afghanistan & Pakistan",307854.3806162368
Djibouti,Men,1975,0.403083188997808,Blood Pressure,40.3,209908.0,4691.0,,"Middle East, North Africa, Afghanistan & Pakistan",84610.38603615187
Djibouti,Men,1976,0.402421682102028,Blood Pressure,40.2,230737.0,4878.0,,"Middle East, North Africa, Afghanistan & Pakistan",92853.57166317564
Djibouti,Men,1977,0.401609543649025,Blood Pressure,40.2,254613.0,4036.0,,"Middle East, North Africa, Afghanistan & Pakistan",102255.0107371092
Djibouti,Men,1978,0.400702214733092,Blood Pressure,40.1,280031.0,3419.0,,"Middle East, North Africa, Afghanistan & Pakistan",112209.04189392248
Djibouti,Men,1979,0.399636342180472,Blood Pressure,40.0,304513.0,3308.0,,"Middle East, North Africa, Afghanistan & Pakistan",121694.46146640208
Djibouti,Men,1980,0.398367349833161,Blood Pressure,39.8,325815.0,3167.0,,"Middle East, North Africa, Afghanistan & Pakistan",129794.05808589136
Djibouti,Men,1981,0.396675010308726,Blood Pressure,39.7,343047.0,3091.0,,"Middle East, North Africa, Afghanistan & Pakistan",136078.17226137753
Djibouti,Men,1982,0.394506753542819,Blood Pressure,39.5,356880.0,3043.0,,"Middle East, North Africa, Afghanistan & Pakistan",140791.57020436125
Djibouti,Men,1983,0.392040968815482,Blood Pressure,39.2,369553.0,2963.0,,"Middle East, North Africa, Afghanistan & Pakistan",144879.91614866783
Djibouti,Men,1984,0.389225451990852,Blood Pressure,38.9,384053.0,2944.0,,"Middle East, North Africa, Afghanistan & Pakistan",149483.2025134427
Djibouti,Men,1985,0.386143385686654,Blood Pressure,38.6,402687.0,2880.0,,"Middle East, North Africa, Afghanistan & Pakistan",155494.92155200164
Djibouti,Men,1986,0.382798945851484,Blood Pressure,38.3,426341.0,2743.0,,"Middle East, North Africa, Afghanistan & Pakistan",163202.88537326755
Djibouti,Men,1987,0.379224147448275,Blood Pressure,37.9,454399.0,2670.0,,"Middle East, North Africa, Afghanistan & Pakistan",172319.0733763487
Djibouti,Men,1988,0.37543324874922,Blood Pressure,37.5,484523.0,2652.0,,"Middle East, North Africa, Afghanistan & Pakistan",181906.04398371832
Djibouti,Men,1989,0.371524772842297,Blood Pressure,37.2,523355.0,2436.0,,"Middle East, North Africa, Afghanistan & Pakistan",194439.34749088035
Djibouti,Men,1990,0.367457743604153,Blood Pressure,36.7,579538.0,2308.0,Lower middle income,"Middle East, North Africa, Afghanistan & Pakistan",212955.72581286362
Djibouti,Men,1991,0.363341326814658,Blood Pressure,36.3,631092.0,2013.3427,Lower middle income,"Middle East, North Africa, Afghanistan & Pakistan",229301.80462211618
Djibouti,Men,1992,0.359220058457529,Blood Pressure,35.9,626010.0,2141.634,Lower middle income,"Middle East, North Africa, Afghanistan & Pakistan",224875.34879499776
Djibouti,Men,1993,0.355179740853595,Blood Pressure,35.5,614245.0,2290.7847,Lower middle income,"Middle East, North Africa, Afghanistan & Pakistan",218167.37992061645
Djibouti,Men,1994,0.351188886685316,Blood Pressure,35.1,626710.0,2175.3618,Lower middle income,"Middle East, North Africa, Afghanistan & Pakistan",220093.58717455438
Djibouti,Men,1995,0.347261726325708,Blood Pressure,34.7,633074.0,2262.4287,Lower middle income,"Middle East, North Africa, Afghanistan & Pakistan",219842.37013192129
Djibouti,Men,1996,0.343423840232138,Blood Pressure,34.3,648348.0,2081.9954,Lower middle income,"Middle East, North Africa, Afghanistan & Pakistan",222658.1599668262
Djibouti,Men,1997,0.339675969228188,Blood Pressure,34.0,671817.0,2080.5134,Lower middle income,"Middle East, North Africa, Afghanistan & Pakistan",228200.09061897357
Djibouti,Men,1998,0.336007816987399,Blood Pressure,33.6,699352.0,1974.5657,Lower middle income,"Middle East, North Africa, Afghanistan & Pakistan",234987.73882577146
Djibouti,Men,1999,0.332417802906763,Blood Pressure,33.2,724218.0,1930.5078,Lower middle income,"Middle East, North Africa, Afghanistan & Pakistan",240742.95638553007
Djibouti,Men,2000,0.329028121499704,Blood Pressure,32.9,747318.0,1880.9988,Lower middle income,"Middle East, North Africa, Afghanistan & Pakistan",245888.6377029158
Djibouti,Men,2001,0.325737565183121,Blood Pressure,32.6,771313.0,1845.6991,Lower middle income,"Middle East, North Africa, Afghanistan & Pakistan",251245.61861408863
Djibouti,Men,2002,0.322498674174866,Blood Pressure,32.2,795574.0,1824.4551,Lower middle income,"Middle East, North Africa, Afghanistan & Pakistan",256571.56020799483
Djibouti,Men,2003,0.31924946823053,Blood Pressure,31.9,813519.0,1945.6655,Lower middle income,"Middle East, North Africa, Afghanistan & Pakistan",259715.50814543254
Djibouti,Men,2004,0.316030234882478,Blood Pressure,31.6,826124.0,2097.1233,Lower middle income,"Middle East, North Africa, Afghanistan & Pakistan",261080.16176205224
Djibouti,Men,2005,0.312775388803394,Blood Pressure,31.3,839167.0,2126.8052,Lower middle income,"Middle East, North Africa, Afghanistan & Pakistan",262470.78469597775
Djibouti,Men,2006,0.309567609064314,Blood Pressure,31.0,855764.0,2342.2192,Lower middle income,"Middle East, North Africa, Afghanistan & Pakistan",264916.8154033136
Djibouti,Men,2007,0.306450175171401,Blood Pressure,30.6,874528.0,2396.018,Lower middle income,"Middle East, North Africa, Afghanistan & Pakistan",267999.25879229495
Djibouti,Men,2008,0.303503056666922,Blood Pressure,30.4,892734.0,2463.4448,Lower middle income,"Middle East, North Africa, Afghanistan & Pakistan",270947.49779048795
Djibouti,Men,2009,0.300181510810399,Blood Pressure,30.0,911527.0,2521.5046,Lower middle income,"Middle East, North Africa, Afghanistan & Pakistan",273623.5520044706
Djibouti,Men,2010,0.296704089873381,Blood Pressure,29.7,930251.0,2543.8733,Lower middle income,"Middle East, North Africa, Afghanistan & Pakistan",276009.27630880254
Djibouti,Men,2011,0.292878851378692,Blood Pressure,29.3,948558.0,2590.0,Lower middle income,"Middle East, North Africa, Afghanistan & Pakistan",277812.5775060693
Djibouti,Men,2012,0.289503182291733,Blood Pressure,29.0,966747.0,2654.0,Lower middle income,"Middle East, North Africa, Afghanistan & Pakistan",279876.332970986
Djibouti,Men,2013,0.28613968458115,Blood Pressure,28.6,984824.0,2724.0,Lower middle income,"Middle East, North Africa, Afghanistan & Pakistan",281797.22872794647
Djibouti,Men,2014,0.282813322111159,Blood Pressure,28.3,1002717.0,2823.0,Lower middle income,"Middle East, North Africa, Afghanistan & Pakistan",283581.725907335
Djibouti,Men,2015,0.279533965943009,Blood Pressure,28.0,1020313.0,2941.0,Lower middle income,"Middle East, North Africa, Afghanistan & Pakistan",285212.13939320936
Egypt,Men,1975,0.291730720530357,Blood Pressure,29.2,38875327.0,2265.0,,"Middle East, North Africa, Afghanistan & Pakistan",11341127.156563241
Egypt,Men,1976,0.290710982200125,Blood Pressure,29.1,39795557.0,2560.0,,"Middle East, North Africa, Afghanistan & Pakistan",11569005.462671058
Egypt,Men,1977,0.289651797003085,Blood Pressure,29.0,40748870.0,2817.0,,"Middle East, North Africa, Afghanistan & Pakistan",11802983.421345102
Egypt,Men,1978,0.288571322017633,Blood Pressure,28.9,41761431.0,2939.0,,"Middle East, North Africa, Afghanistan & Pakistan",12051151.353018163
Egypt,Men,1979,0.287430568731084,Blood Pressure,28.7,42818628.0,3076.0,,"Middle East, North Africa, Afghanistan & Pakistan",12307382.598324718
Egypt,Men,1980,0.286279822667312,Blood Pressure,28.6,43950413.0,3298.0,,"Middle East, North Africa, Afghanistan & Pakistan",12582116.439795123
Egypt,Men,1981,0.285146313201249,Blood Pressure,28.5,45147224.0,3309.0,,"Middle East, North Africa, Afghanistan & Pakistan",12873564.474870946
Egypt,Men,1982,0.284026365209357,Blood Pressure,28.4,46407611.0,3543.0,,"Middle East, North Africa, Afghanistan & Pakistan",13180985.070379773
Egypt,Men,1983,0.282965772048226,Blood Pressure,28.3,47786402.0,3701.0,,"Middle East, North Africa, Afghanistan & Pakistan",13521916.13533689
Egypt,Men,1984,0.281997441847449,Blood Pressure,28.2,49247334.0,3810.0,,"Middle East, North Africa, Afghanistan & Pakistan",13887622.205806898
Egypt,Men,1985,0.281115258252404,Blood Pressure,28.1,50734968.0,3939.0,,"Middle East, North Africa, Afghanistan & Pakistan",14262373.631747454
Egypt,Men,1986,0.28019188310042,Blood Pressure,28.0,52206295.0,3921.0,,"Middle East, North Africa, Afghanistan & Pakistan",14627780.10574604
Egypt,Men,1987,0.279179107288674,Blood Pressure,27.9,53674435.0,3929.0,Lower middle income,"Middle East, North Africa, Afghanistan & Pakistan",14984780.84752396
Egypt,Men,1988,0.278161317575448,Blood Pressure,27.8,55187681.0,4001.0,Lower middle income,"Middle East, North Africa, Afghanistan & Pakistan",15351078.060893517
Egypt,Men,1989,0.277139461568498,Blood Pressure,27.7,56710642.0,4030.0,Lower middle income,"Middle East, North Africa, Afghanistan & Pakistan",15716756.789083848
Egypt,Men,1990,0.27603535606056,Blood Pressure,27.6,58396618.0,4022.0,Low income,"Middle East, North Africa, Afghanistan & Pakistan",16119531.242362509
Egypt,Men,1991,0.274842099857775,Blood Pressure,27.5,60028997.0,4180.133,Low income,"Middle East, North Africa, Afghanistan & Pakistan",16498495.587836077
Egypt,Men,1992,0.273590693225502,Blood Pressure,27.4,61480660.0,4338.9536,Low income,"Middle East, North Africa, Afghanistan & Pakistan",16820536.389361393
Egypt,Men,1993,0.272279777840387,Blood Pressure,27.2,62915681.0,4542.6323,Low income,"Middle East, North Africa, Afghanistan & Pakistan",17130667.645356655
Egypt,Men,1994,0.270956033976303,Blood Pressure,27.1,64285589.0,4746.5884,Low income,"Middle East, North Africa, Afghanistan & Pakistan",17418568.237270653
Egypt,Men,1995,0.269660124986476,Blood Pressure,27.0,65652622.0,5001.067,Lower middle income,"Middle East, North Africa, Afghanistan & Pakistan",17703894.254209865
Egypt,Men,1996,0.26835637033002,Blood Pressure,26.8,67028048.0,5293.1006,Lower middle income,"Middle East, North Africa, Afghanistan & Pakistan",17987403.671586357
Egypt,Men,1997,0.267150887200575,Blood Pressure,26.7,68431740.0,5594.597,Lower middle income,"Middle East, North Africa, Afghanistan & Pakistan",18281600.053679075
Egypt,Men,1998,0.266028967070974,Blood Pressure,26.6,69943294.0,5884.802,Lower middle income,"Middle East, North Africa, Afghanistan & Pakistan",18606942.256361455
Egypt,Men,1999,0.264953593225381,Blood Pressure,26.5,71520954.0,6211.0156,Lower middle income,"Middle East, North Africa, Afghanistan & Pakistan",18949733.753207184
Egypt,Men,2000,0.263898650309591,Blood Pressure,26.4,73083284.0,6593.5317,Lower middle income,"Middle East, North Africa, Afghanistan & Pakistan",19286580.007792525
Egypt,Men,2001,0.262834882396668,Blood Pressure,26.3,74652029.0,6914.937,Lower middle income,"Middle East, North Africa, Afghanistan & Pakistan",19621157.26288765
Egypt,Men,2002,0.261776400073545,Blood Pressure,26.2,76239137.0,7142.6865,Lower middle income,"Middle East, North Africa, Afghanistan & Pakistan",19957606.828573808
Egypt,Men,2003,0.260715656018172,Blood Pressure,26.1,77853548.0,7365.8027,Lower middle income,"Middle East, North Africa, Afghanistan & Pakistan",20297638.84016224
Egypt,Men,2004,0.25957195807448,Blood Pressure,26.0,79477443.0,7661.86,Lower middle income,"Middle East, North Africa, Afghanistan & Pakistan",20630115.502262875
Egypt,Men,2005,0.258372544502423,Blood Pressure,25.8,81101004.0,8021.8833,Lower middle income,"Middle East, North Africa, Afghanistan & Pakistan",20954272.765181184
Egypt,Men,2006,0.257142882962528,Blood Pressure,25.7,82700403.0,8509.614,Lower middle income,"Middle East, North Africa, Afghanistan & Pakistan",21265820.049582902
Egypt,Men,2007,0.255976988572954,Blood Pressure,25.6,84276225.0,9130.598,Lower middle income,"Middle East, North Africa, Afghanistan & Pakistan",21572774.283796698
Egypt,Men,2008,0.254880747339401,Blood Pressure,25.5,85864789.0,9698.017,Lower middle income,"Middle East, North Africa, Afghanistan & Pakistan",21885281.59045998
Egypt,Men,2009,0.253746160653835,Blood Pressure,25.4,87501636.0,10159.002,Lower middle income,"Middle East, North Africa, Afghanistan & Pakistan",22203204.18592939
Egypt,Men,2010,0.252790588186108,Blood Pressure,25.3,89196072.0,10719.291,Lower middle income,"Middle East, North Africa, Afghanistan & Pakistan",22547927.50477044
Egypt,Men,2011,0.252033232157783,Blood Pressure,25.2,91093059.0,10737.0,Lower middle income,"Middle East, North Africa, Afghanistan & Pakistan",22958478.086909626
Egypt,Men,2012,0.251065589237434,Blood Pressure,25.1,93161001.0,10774.53,Lower middle income,"Middle East, North Africa, Afghanistan & Pakistan",23389521.610014178
Egypt,Men,2013,0.250137852599367,Blood Pressure,25.0,95333553.0,10871.145,Lower middle income,"Middle East, North Africa, Afghanistan & Pakistan",23846530.22808794
Egypt,Men,2014,0.249260260874327,Blood Pressure,24.9,97528654.0,11135.728,Lower middle income,"Middle East, North Africa, Afghanistan & Pakistan",24310017.738761976
Egypt,Men,2015,0.248442575663039,Blood Pressure,24.8,99597342.0,11312.848,Lower middle income,"Middle East, North Africa, Afghanistan & Pakistan",24744220.175672572
Iran,Men,1975,0.29617583155566,Blood Pressure,29.6,33802973.0,9377.0,,"Middle East, North Africa, Afghanistan & Pakistan",10011623.637328524
Iran,Men,1976,0.296062875179556,Blood Pressure,29.6,34837271.0,10665.0,,"Middle East, North Africa, Afghanistan & Pakistan",10314022.615669366
Iran,Men,1977,0.295949426601329,Blood Pressure,29.6,35933181.0,10205.0,,"Middle East, North Africa, Afghanistan & Pakistan",10634404.31291177
Iran,Men,1978,0.295738147421105,Blood Pressure,29.6,37126535.0,8710.0,,"Middle East, North Africa, Afghanistan & Pakistan",10979732.681064814
Iran,Men,1979,0.295410255436405,Blood Pressure,29.5,38424952.0,7678.0,,"Middle East, North Africa, Afghanistan & Pakistan",11351124.8854516
Iran,Men,1980,0.294895649747055,Blood Pressure,29.5,39842324.0,6334.0,,"Middle East, North Africa, Afghanistan & Pakistan",11749328.023412684
Iran,Men,1981,0.293989982713016,Blood Pressure,29.4,41989312.0,5887.0,,"Middle East, North Africa, Afghanistan & Pakistan",12344437.109011436
Iran,Men,1982,0.292632518439845,Blood Pressure,29.3,44272141.0,6535.0,,"Middle East, North Africa, Afghanistan & Pakistan",12955468.117553918
Iran,Men,1983,0.290844359477234,Blood Pressure,29.1,46029535.0,7108.0,,"Middle East, North Africa, Afghanistan & Pakistan",13387430.624109926
Iran,Men,1984,0.288796027682865,Blood Pressure,28.9,47793998.0,6951.0,,"Middle East, North Africa, Afghanistan & Pakistan",13802716.769482795
Iran,Men,1985,0.286504490219823,Blood Pressure,28.7,49582289.0,6853.0,,"Middle East, North Africa, Afghanistan & Pakistan",14205548.433876937
Iran,Men,1986,0.283926922359263,Blood Pressure,28.4,51446045.0,5984.0,,"Middle East, North Africa, Afghanistan & Pakistan",14606917.22440615
Iran,Men,1987,0.281258597665275,Blood Pressure,28.1,53323493.0,5713.0,Upper middle income,"Middle East, North Africa, Afghanistan & Pakistan",14997690.863794107
Iran,Men,1988,0.278559342141977,Blood Pressure,27.9,55072694.0,5249.0,Upper middle income,"Middle East, North Africa, Afghanistan & Pakistan",15341013.410626402
Iran,Men,1989,0.275890424187514,Blood Pressure,27.6,56704914.0,5303.0,Upper middle income,"Middle East, North Africa, Afghanistan & Pakistan",15644342.776976503
Iran,Men,1990,0.273245097739349,Blood Pressure,27.3,58380092.0,5620.0,Lower middle income,"Middle East, North Africa, Afghanistan & Pakistan",15952073.944572188
Iran,Men,1991,0.270746517407947,Blood Pressure,27.1,59986931.0,6380.55,Lower middle income,"Middle East, North Africa, Afghanistan & Pakistan",16241252.658240814
Iran,Men,1992,0.268369515388605,Blood Pressure,26.8,61184983.0,7036.315,Lower middle income,"Middle East, North Africa, Afghanistan & Pakistan",16420184.236770034
Iran,Men,1993,0.266040875572205,Blood Pressure,26.6,61403543.0,6914.7666,Lower middle income,"Middle East, North Africa, Afghanistan & Pakistan",16335852.34295554
Iran,Men,1994,0.263749257648992,Blood Pressure,26.4,61520598.0,6884.706,Lower middle income,"Middle East, North Africa, Afghanistan & Pakistan",16226012.052622061
Iran,Men,1995,0.261512004561381,Blood Pressure,26.2,62205567.0,7093.735,Lower middle income,"Middle East, North Africa, Afghanistan & Pakistan",16267502.521047292
Iran,Men,1996,0.259268383813623,Blood Pressure,25.9,62881300.0,7746.409,Lower middle income,"Middle East, North Africa, Afghanistan & Pakistan",16303133.023099571
Iran,Men,1997,0.256911783760361,Blood Pressure,25.7,63639638.0,8113.724,Lower middle income,"Middle East, North Africa, Afghanistan & Pakistan",16349772.916443653
Iran,Men,1998,0.254526915118043,Blood Pressure,25.5,64519859.0,8458.387,Lower middle income,"Middle East, North Africa, Afghanistan & Pakistan",16422040.675121102
Iran,Men,1999,0.252058963957009,Blood Pressure,25.2,65445391.0,8714.627,Lower middle income,"Middle East, North Africa, Afghanistan & Pakistan",16496097.451221362
Iran,Men,2000,0.24965538201434,Blood Pressure,25.0,66418659.0,9104.763,Lower middle income,"Middle East, North Africa, Afghanistan & Pakistan",16581775.685525183
Iran,Men,2001,0.247251841303521,Blood Pressure,24.7,67452005.0,9620.627,Lower middle income,"Middle East, North Africa, Afghanistan & Pakistan",16677632.435864305
Iran,Men,2002,0.244807016333693,Blood Pressure,24.5,68011317.0,10467.371,Lower middle income,"Middle East, North Africa, Afghanistan & Pakistan",16649647.591694973
Iran,Men,2003,0.242423366503881,Blood Pressure,24.2,68769340.0,11502.853,Lower middle income,"Middle East, North Africa, Afghanistan & Pakistan",16671294.915050004
Iran,Men,2004,0.240169152432507,Blood Pressure,24.0,70256316.0,12404.323,Lower middle income,"Middle East, North Africa, Afghanistan & Pakistan",16873399.866750382
Iran,Men,2005,0.237834393429409,Blood Pressure,23.8,71828455.0,13110.143,Lower middle income,"Middle East, North Africa, Afghanistan & Pakistan",17083277.0258966
Iran,Men,2006,0.235431239071879,Blood Pressure,23.5,73392747.0,14185.753,Lower middle income,"Middle East, North Africa, Afghanistan & Pakistan",17278945.36509893
Iran,Men,2007,0.232770041009927,Blood Pressure,23.3,74602648.0,15467.107,Lower middle income,"Middle East, North Africa, Afghanistan & Pakistan",17365261.43440915
Iran,Men,2008,0.229728950569116,Blood Pressure,23.0,75514204.0,15739.983,Lower middle income,"Middle East, North Africa, Afghanistan & Pakistan",17347798.83798214
Iran,Men,2009,0.226314110294602,Blood Pressure,22.6,76457825.0,16575.07,Upper middle income,"Middle East, North Africa, Afghanistan & Pakistan",17303484.639935378
Iran,Men,2010,0.222637180217236,Blood Pressure,22.3,77420842.0,17751.33,Upper middle income,"Middle East, North Africa, Afghanistan & Pakistan",17236757.952924155
Iran,Men,2011,0.218715707731066,Blood Pressure,21.9,78383598.0,18024.0,Upper middle income,"Middle East, North Africa, Afghanistan & Pakistan",17143724.11107737
Iran,Men,2012,0.215172993505128,Blood Pressure,21.5,79370580.0,17556.533,Upper middle income,"Middle East, North Africa, Afghanistan & Pakistan",17078405.294838242
Iran,Men,2013,0.211589327644327,Blood Pressure,21.2,80414686.0,16842.896,Upper middle income,"Middle East, North Africa, Afghanistan & Pakistan",17014889.343469676
Iran,Men,2014,0.207978529180717,Blood Pressure,20.8,81502045.0,17449.938,Upper middle income,"Middle East, North Africa, Afghanistan & Pakistan",16950675.444320608
Iran,Men,2015,0.204397864530216,Blood Pressure,20.4,82619362.0,16922.88,Upper middle income,"Middle East, North Africa, Afghanistan & Pakistan",16887221.161648877
Iraq,Men,1975,0.34316996779511,Blood Pressure,34.3,11543639.0,6878.0,,"Middle East, North Africa, Afghanistan & Pakistan",3961430.2238683756
Iraq,Men,1976,0.342814398017942,Blood Pressure,34.3,11927651.0,8007.0,,"Middle East, North Africa, Afghanistan & Pakistan",4088970.497333104
Iraq,Men,1977,0.342257223679588,Blood Pressure,34.2,12331046.0,7957.0,,"Middle East, North Africa, Afghanistan & Pakistan",4220389.569025289
Iraq,Men,1978,0.341386911054071,Blood Pressure,34.1,12753355.0,9075.0,,"Middle East, North Africa, Afghanistan & Pakistan",4353828.469025992
Iraq,Men,1979,0.340318739997425,Blood Pressure,34.0,13170365.0,10769.0,,"Middle East, North Africa, Afghanistan & Pakistan",4482122.0221061865
Iraq,Men,1980,0.339000195994405,Blood Pressure,33.9,13591992.0,10165.0,,"Middle East, North Africa, Afghanistan & Pakistan",4607687.951954385
Iraq,Men,1981,0.337351261553137,Blood Pressure,33.7,14006381.0,8035.0,,"Middle East, North Africa, Afghanistan & Pakistan",4725070.300143888
Iraq,Men,1982,0.335412428034522,Blood Pressure,33.5,14406083.0,7704.0,,"Middle East, North Africa, Afghanistan & Pakistan",4831979.27749685
Iraq,Men,1983,0.33326565211048,Blood Pressure,33.3,14840555.0,6805.0,,"Middle East, North Africa, Afghanistan & Pakistan",4945847.2397564445
Iraq,Men,1984,0.330924925024863,Blood Pressure,33.1,15310733.0,6593.0,,"Middle East, North Africa, Afghanistan & Pakistan",5066703.170100695
Iraq,Men,1985,0.328304914030706,Blood Pressure,32.8,15683430.0,6268.0,,"Middle East, North Africa, Afghanistan & Pakistan",5148947.137856595
Iraq,Men,1986,0.325472037317993,Blood Pressure,32.5,16074145.0,5992.0,,"Middle East, North Africa, Afghanistan & Pakistan",5231684.721294831
Iraq,Men,1987,0.322593843660003,Blood Pressure,32.3,16521049.0,6052.0,Upper middle income,"Middle East, North Africa, Afghanistan & Pakistan",5329588.698205248
Iraq,Men,1988,0.31965581437666,Blood Pressure,32.0,16908819.0,4635.0,Upper middle income,"Middle East, North Africa, Afghanistan & Pakistan",5405002.307592542
Iraq,Men,1989,0.316674025438056,Blood Pressure,31.7,17364542.0,4098.0,Upper middle income,"Middle East, North Africa, Afghanistan & Pakistan",5498899.415028192
Iraq,Men,1990,0.313593862343,Blood Pressure,31.4,17581206.0,3918.0,Upper middle income,"Middle East, North Africa, Afghanistan & Pakistan",5513358.294187926
Iraq,Men,1991,0.31042161139294,Blood Pressure,31.0,17767253.0,1518.7421,Lower middle income,"Middle East, North Africa, Afghanistan & Pakistan",5515339.306286047
Iraq,Men,1992,0.307236917478555,Blood Pressure,30.7,18300845.0,2046.1809,Lower middle income,"Middle East, North Africa, Afghanistan & Pakistan",5622695.205052827
Iraq,Men,1993,0.304071814991567,Blood Pressure,30.4,19201195.0,2132.3823,Lower middle income,"Middle East, North Africa, Afghanistan & Pakistan",5838542.213657001
Iraq,Men,1994,0.300953000240593,Blood Pressure,30.1,20139807.0,2108.538,Lower middle income,"Middle East, North Africa, Afghanistan & Pakistan",6061135.340916497
Iraq,Men,1995,0.297901825793376,Blood Pressure,29.8,20825860.0,1996.9279,Lower middle income,"Middle East, North Africa, Afghanistan & Pakistan",6204061.717717237
Iraq,Men,1996,0.294844345635911,Blood Pressure,29.5,21501321.0,2337.5227,Lower middle income,"Middle East, North Africa, Afghanistan & Pakistan",6339542.920552672
Iraq,Men,1997,0.291937789275298,Blood Pressure,29.2,22176593.0,2337.948,Lower middle income,"Middle East, North Africa, Afghanistan & Pakistan",6474185.534078049
Iraq,Men,1998,0.289196700523996,Blood Pressure,28.9,22884399.0,2794.7864,Lower middle income,"Middle East, North Africa, Afghanistan & Pakistan",6618092.684274633
Iraq,Men,1999,0.286722074457034,Blood Pressure,28.7,23636527.0,3157.1125,Lower middle income,"Middle East, North Africa, Afghanistan & Pakistan",6777114.054399695
Iraq,Men,2000,0.28451208971441,Blood Pressure,28.5,24424056.0,3649.493,Lower middle income,"Middle East, North Africa, Afghanistan & Pakistan",6948939.211861773
Iraq,Men,2001,0.282422865628974,Blood Pressure,28.2,25197840.0,4147.6484,Lower middle income,"Middle East, North Africa, Afghanistan & Pakistan",7116446.180460386
Iraq,Men,2002,0.280528305758527,Blood Pressure,28.1,26006559.0,4631.6523,Lower middle income,"Middle East, North Africa, Afghanistan & Pakistan",7295575.934879172
Iraq,Men,2003,0.278570395784834,Blood Pressure,27.9,26802659.0,3782.4526,Lower middle income,"Middle East, North Africa, Afghanistan & Pakistan",7466427.325715943
Iraq,Men,2004,0.276673042966274,Blood Pressure,27.7,27577878.0,6061.5547,Lower middle income,"Middle East, North Africa, Afghanistan & Pakistan",7630055.424812662
Iraq,Men,2005,0.274759086306119,Blood Pressure,27.5,28407448.0,6441.41,Lower middle income,"Middle East, North Africa, Afghanistan & Pakistan",7805204.456768588
Iraq,Men,2006,0.272825286739936,Blood Pressure,27.3,28616515.0,7117.6133,Lower middle income,"Middle East, North Africa, Afghanistan & Pakistan",7807308.91037268
Iraq,Men,2007,0.270890383990359,Blood Pressure,27.1,28391607.0,7587.6055,Lower middle income,"Middle East, North Africa, Afghanistan & Pakistan",7691013.322333364
Iraq,Men,2008,0.269066768683004,Blood Pressure,26.9,28971036.0,8587.265,Lower middle income,"Middle East, North Africa, Afghanistan & Pakistan",7795143.041918982
Iraq,Men,2009,0.267287874918609,Blood Pressure,26.7,30058206.0,9268.709,Lower middle income,"Middle East, North Africa, Afghanistan & Pakistan",8034194.005605782
Iraq,Men,2010,0.265519024713291,Blood Pressure,26.6,31045366.0,10274.33,Lower middle income,"Middle East, North Africa, Afghanistan & Pakistan",8243135.302187163
Iraq,Men,2011,0.263780750716829,Blood Pressure,26.4,32161424.0,11484.0,Lower middle income,"Middle East, North Africa, Afghanistan & Pakistan",8483564.566842241
Iraq,Men,2012,0.261944458077078,Blood Pressure,26.2,33654842.0,12521.541,Upper middle income,"Middle East, North Africa, Afghanistan & Pakistan",8815699.349359684
Iraq,Men,2013,0.260141859954749,Blood Pressure,26.0,35281989.0,12877.205,Upper middle income,"Middle East, North Africa, Afghanistan & Pakistan",9178322.241362995
Iraq,Men,2014,0.258325340740533,Blood Pressure,25.8,36550059.0,12559.504,Upper middle income,"Middle East, North Africa, Afghanistan & Pakistan",9441806.445261585
Iraq,Men,2015,0.25649655216397,Blood Pressure,25.6,37560535.0,12574.508,Upper middle income,"Middle East, North Africa, Afghanistan & Pakistan",9634147.72493412
Israel,Men,1975,0.409758766686004,Blood Pressure,41.0,3455000.0,16176.0,,"Middle East, North Africa, Afghanistan & Pakistan",1415716.5389001437
Israel,Men,1976,0.405683025418096,Blood Pressure,40.6,3533000.0,16053.0,,"Middle East, North Africa, Afghanistan & Pakistan",1433278.128802133
Israel,Men,1977,0.401637101087227,Blood Pressure,40.2,3613000.0,15721.0,,"Middle East, North Africa, Afghanistan & Pakistan",1451114.8462281511
Israel,Men,1978,0.397627030333067,Blood Pressure,39.8,3690000.0,16139.0,,"Middle East, North Africa, Afghanistan & Pakistan",1467243.7419290172
Israel,Men,1979,0.393760401201493,Blood Pressure,39.4,3786000.0,16761.0,,"Middle East, North Africa, Afghanistan & Pakistan",1490776.8789488527
Israel,Men,1980,0.389781306970088,Blood Pressure,39.0,3878000.0,17508.0,,"Middle East, North Africa, Afghanistan & Pakistan",1511571.9084300012
Israel,Men,1981,0.385701929370936,Blood Pressure,38.6,3956000.0,18103.0,,"Middle East, North Africa, Afghanistan & Pakistan",1525836.8325914228
Israel,Men,1982,0.381488138437926,Blood Pressure,38.1,4031000.0,18155.0,,"Middle East, North Africa, Afghanistan & Pakistan",1537778.6860432797
Israel,Men,1983,0.377084768841477,Blood Pressure,37.7,4105000.0,18468.0,,"Middle East, North Africa, Afghanistan & Pakistan",1547932.9760942631
Israel,Men,1984,0.372708580502175,Blood Pressure,37.3,4159000.0,18305.0,,"Middle East, North Africa, Afghanistan & Pakistan",1550094.9863085458
Israel,Men,1985,0.368299207461858,Blood Pressure,36.8,4233000.0,18605.0,,"Middle East, North Africa, Afghanistan & Pakistan",1559010.5451860449
Israel,Men,1986,0.363451013591283,Blood Pressure,36.3,4299000.0,19160.0,,"Middle East, North Africa, Afghanistan & Pakistan",1562475.9074289256
Israel,Men,1987,0.358212947737148,Blood Pressure,35.8,4369000.0,20196.0,High income,"Middle East, North Africa, Afghanistan & Pakistan",1565032.3686635997
Israel,Men,1988,0.352750847567639,Blood Pressure,35.3,4442000.0,20256.0,High income,"Middle East, North Africa, Afghanistan & Pakistan",1566919.2648954527
Israel,Men,1989,0.347043657963459,Blood Pressure,34.7,4518000.0,20091.0,High income,"Middle East, North Africa, Afghanistan & Pakistan",1567943.2466789077
Israel,Men,1990,0.340975494470998,Blood Pressure,34.1,4660000.0,20829.0,High income,"Middle East, North Africa, Afghanistan & Pakistan",1588945.8042348507
Israel,Men,1991,0.334721825106894,Blood Pressure,33.5,4949000.0,20912.941,High income,"Middle East, North Africa, Afghanistan & Pakistan",1656538.3124540185
Israel,Men,1992,0.328449295684215,Blood Pressure,32.8,5123000.0,21531.596,High income,"Middle East, North Africa, Afghanistan & Pakistan",1682645.7417902334
Israel,Men,1993,0.322156046895167,Blood Pressure,32.2,5261000.0,21484.979,High income,"Middle East, North Africa, Afghanistan & Pakistan",1694862.9627154737
Israel,Men,1994,0.316069375178787,Blood Pressure,31.6,5399000.0,22128.805,High income,"Middle East, North Africa, Afghanistan & Pakistan",1706458.5565902712
Israel,Men,1995,0.310100521003886,Blood Pressure,31.0,5545000.0,23378.16,High income,"Middle East, North Africa, Afghanistan & Pakistan",1719507.388966548
Israel,Men,1996,0.30414641035557,Blood Pressure,30.4,5692000.0,23979.996,High income,"Middle East, North Africa, Afghanistan & Pakistan",1731201.3677439045
Israel,Men,1997,0.298355890570794,Blood Pressure,29.8,5836000.0,24226.73,High income,"Middle East, North Africa, Afghanistan & Pakistan",1741204.9773711537
Israel,Men,1998,0.292845889843264,Blood Pressure,29.3,5971000.0,24506.16,High income,"Middle East, North Africa, Afghanistan & Pakistan",1748582.8082541293
Israel,Men,1999,0.287501696550142,Blood Pressure,28.8,6125000.0,24644.205,High income,"Middle East, North Africa, Afghanistan & Pakistan",1760947.8913696199
Israel,Men,2000,0.282413723356415,Blood Pressure,28.2,6289000.0,26058.84,High income,"Middle East, North Africa, Afghanistan & Pakistan",1776099.906188494
Israel,Men,2001,0.277362239798906,Blood Pressure,27.7,6439000.0,25427.32,High income,"Middle East, North Africa, Afghanistan & Pakistan",1785935.4620651559
Israel,Men,2002,0.272302765905478,Blood Pressure,27.2,6570000.0,24823.553,High income,"Middle East, North Africa, Afghanistan & Pakistan",1789029.1719989902
Israel,Men,2003,0.267259416494437,Blood Pressure,26.7,6689700.0,24545.244,High income,"Middle East, North Africa, Afghanistan & Pakistan",1787885.3185228354
Israel,Men,2004,0.262101163764008,Blood Pressure,26.2,6809000.0,25210.879,High income,"Middle East, North Africa, Afghanistan & Pakistan",1784646.8240691305
Israel,Men,2005,0.256760494088265,Blood Pressure,25.7,6930100.0,25686.406,High income,"Middle East, North Africa, Afghanistan & Pakistan",1779375.9000810853
Israel,Men,2006,0.251344096521089,Blood Pressure,25.1,7053700.0,26571.256,High income,"Middle East, North Africa, Afghanistan & Pakistan",1772905.8536308056
Israel,Men,2007,0.245968872808336,Blood Pressure,24.6,7180100.0,27624.883,High income,"Middle East, North Africa, Afghanistan & Pakistan",1766081.1036511331
Israel,Men,2008,0.240614150603242,Blood Pressure,24.1,7308800.0,27857.62,High income,"Middle East, North Africa, Afghanistan & Pakistan",1758600.7039289752
Israel,Men,2009,0.235214373629434,Blood Pressure,23.5,7485600.0,27644.697,High income,"Middle East, North Africa, Afghanistan & Pakistan",1760720.7152404913
Israel,Men,2010,0.230003985150049,Blood Pressure,23.0,7623600.0,28575.531,High income,"Middle East, North Africa, Afghanistan & Pakistan",1753458.3811899135
Israel,Men,2011,0.225149120144811,Blood Pressure,22.5,7765800.0,29370.0,High income,"Middle East, North Africa, Afghanistan & Pakistan",1748463.0372205733
Israel,Men,2012,0.220116135467103,Blood Pressure,22.0,7910500.0,29580.836,High income,"Middle East, North Africa, Afghanistan & Pakistan",1741228.6896125183
Israel,Men,2013,0.21518683614754,Blood Pressure,21.5,8059500.0,30316.602,High income,"Middle East, North Africa, Afghanistan & Pakistan",1734298.3059310985
Israel,Men,2014,0.210413879368844,Blood Pressure,21.0,8215700.0,30906.148,High income,"Middle East, North Africa, Afghanistan & Pakistan",1728697.3087306118
Israel,Men,2015,0.205763560086839,Blood Pressure,20.6,8380100.0,31050.408,High income,"Middle East, North Africa, Afghanistan & Pakistan",1724319.2098837194
Jordan,Men,1975,0.325084987688665,Blood Pressure,32.5,1899055.0,4117.0,,"Middle East, North Africa, Afghanistan & Pakistan",617354.2712950978
Jordan,Men,1976,0.3235871651187,Blood Pressure,32.4,1958177.0,4935.0,,"Middle East, North Africa, Afghanistan & Pakistan",633640.9442306407
Jordan,Men,1977,0.322086769206104,Blood Pressure,32.2,2019002.0,5072.0,,"Middle East, North Africa, Afghanistan & Pakistan",650293.8312006624
Jordan,Men,1978,0.320543828192721,Blood Pressure,32.1,2083595.0,5926.0,,"Middle East, North Africa, Afghanistan & Pakistan",667883.5177032124
Jordan,Men,1979,0.319103461622548,Blood Pressure,31.9,2153882.0,6247.0,,"Middle East, North Africa, Afghanistan & Pakistan",687311.2021264969
Jordan,Men,1980,0.31766482535888,Blood Pressure,31.8,2234186.0,7141.0,,"Middle East, North Africa, Afghanistan & Pakistan",709722.3055092547
Jordan,Men,1981,0.316548428021683,Blood Pressure,31.7,2325517.0,7176.0,,"Middle East, North Africa, Afghanistan & Pakistan",736138.7506877001
Jordan,Men,1982,0.315667926171962,Blood Pressure,31.6,2426927.0,7401.0,,"Middle East, North Africa, Afghanistan & Pakistan",766103.0130607412
Jordan,Men,1983,0.314773786295243,Blood Pressure,31.5,2537307.0,7262.0,,"Middle East, North Africa, Afghanistan & Pakistan",798677.7313834241
Jordan,Men,1984,0.313936952022385,Blood Pressure,31.4,2654688.0,7599.0,,"Middle East, North Africa, Afghanistan & Pakistan",833404.6592904011
Jordan,Men,1985,0.313094640438051,Blood Pressure,31.3,2778810.0,7578.0,,"Middle East, North Africa, Afghanistan & Pakistan",870030.5177956605
Jordan,Men,1986,0.31201965175848,Blood Pressure,31.2,2909887.0,7973.0,,"Middle East, North Africa, Afghanistan & Pakistan",907941.9283965281
Jordan,Men,1987,0.310595601176965,Blood Pressure,31.1,3047634.0,7911.0,Lower middle income,"Middle East, North Africa, Afghanistan & Pakistan",946581.7143973586
Jordan,Men,1988,0.308816185438527,Blood Pressure,30.9,3193039.0,7571.0,Lower middle income,"Middle East, North Africa, Afghanistan & Pakistan",986062.1239364488
Jordan,Men,1989,0.306697746083125,Blood Pressure,30.7,3349627.0,6540.0,Lower middle income,"Middle East, North Africa, Afghanistan & Pakistan",1027323.0511191797
Jordan,Men,1990,0.304308670256237,Blood Pressure,30.4,3621908.0,6044.0,Lower middle income,"Middle East, North Africa, Afghanistan & Pakistan",1102178.0072704267
Jordan,Men,1991,0.301788215175256,Blood Pressure,30.2,3915149.0,5900.5093,Lower middle income,"Middle East, North Africa, Afghanistan & Pakistan",1181545.8288551883
Jordan,Men,1992,0.299052660564833,Blood Pressure,29.9,4127693.0,6456.123,Lower middle income,"Middle East, North Africa, Afghanistan & Pakistan",1234397.5736448371
Jordan,Men,1993,0.296477448390357,Blood Pressure,29.6,4348020.0,6460.6626,Lower middle income,"Middle East, North Africa, Afghanistan & Pakistan",1289089.87515024
Jordan,Men,1994,0.293759080113398,Blood Pressure,29.4,4561406.0,6538.1733,Lower middle income,"Middle East, North Africa, Afghanistan & Pakistan",1339954.4305837343
Jordan,Men,1995,0.290828673005717,Blood Pressure,29.1,4752096.0,6760.1084,Lower middle income,"Middle East, North Africa, Afghanistan & Pakistan",1382045.7736757759
Jordan,Men,1996,0.287748038220868,Blood Pressure,28.8,4912516.0,6783.229,Lower middle income,"Middle East, North Africa, Afghanistan & Pakistan",1413566.8417286254
Jordan,Men,1997,0.284683640609071,Blood Pressure,28.5,5046285.0,6942.459,Lower middle income,"Middle East, North Africa, Afghanistan & Pakistan",1436594.7853509458
Jordan,Men,1998,0.281839370448447,Blood Pressure,28.2,5164284.0,7120.4937,Lower middle income,"Middle East, North Africa, Afghanistan & Pakistan",1455498.5513769875
Jordan,Men,1999,0.27897173113854,Blood Pressure,27.9,5276444.0,7340.4937,Lower middle income,"Middle East, North Africa, Afghanistan & Pakistan",1471978.7169355627
Jordan,Men,2000,0.276074798600125,Blood Pressure,27.6,5386945.0,7621.841,Lower middle income,"Middle East, North Africa, Afghanistan & Pakistan",1487199.7559449505
Jordan,Men,2001,0.273139303492284,Blood Pressure,27.3,5498894.0,7982.7407,Lower middle income,"Middle East, North Africa, Afghanistan & Pakistan",1501964.0771378996
Jordan,Men,2002,0.269961932941106,Blood Pressure,27.0,5616066.0,8394.055,Lower middle income,"Middle East, North Africa, Afghanistan & Pakistan",1516124.0328848253
Jordan,Men,2003,0.266657372578394,Blood Pressure,26.7,5741828.0,8669.625,Lower middle income,"Middle East, North Africa, Afghanistan & Pakistan",1531100.768277055
Jordan,Men,2004,0.26337833198697,Blood Pressure,26.3,5882061.0,9288.616,Lower middle income,"Middle East, North Africa, Afghanistan & Pakistan",1549207.414825609
Jordan,Men,2005,0.260013679295857,Blood Pressure,26.0,6029587.0,9860.809,Lower middle income,"Middle East, North Africa, Afghanistan & Pakistan",1567775.1005044684
Jordan,Men,2006,0.256610789980682,Blood Pressure,25.7,6427371.0,10404.562,Lower middle income,"Middle East, North Africa, Afghanistan & Pakistan",1649332.749808926
Jordan,Men,2007,0.253346154898659,Blood Pressure,25.3,6827227.0,10938.805,Lower middle income,"Middle East, North Africa, Afghanistan & Pakistan",1729651.7090703072
Jordan,Men,2008,0.250370255520532,Blood Pressure,25.0,6989866.0,11378.256,Lower middle income,"Middle East, North Africa, Afghanistan & Pakistan",1750054.536474279
Jordan,Men,2009,0.247443226843539,Blood Pressure,24.7,7141753.0,11651.25,Lower middle income,"Middle East, North Africa, Afghanistan & Pakistan",1767178.4076395251
Jordan,Men,2010,0.244623140678954,Blood Pressure,24.5,7297043.0,11601.088,Upper middle income,"Middle East, North Africa, Afghanistan & Pakistan",1785025.5763293765
Jordan,Men,2011,0.241763383652999,Blood Pressure,24.2,7480424.0,11615.0,Upper middle income,"Middle East, North Africa, Afghanistan & Pakistan",1808492.6173991014
Jordan,Men,2012,0.238983456172938,Blood Pressure,23.9,7587127.0,11704.657,Upper middle income,"Middle East, North Africa, Afghanistan & Pakistan",1813197.8328830146
Jordan,Men,2013,0.236266240710578,Blood Pressure,23.6,7991809.0,10834.426,Upper middle income,"Middle East, North Africa, Afghanistan & Pakistan",1888194.6689069637
Jordan,Men,2014,0.233586133759228,Blood Pressure,23.4,8791710.0,9765.811,Upper middle income,"Middle East, North Africa, Afghanistan & Pakistan",2053621.5480323422
Jordan,Men,2015,0.230956858228999,Blood Pressure,23.1,9544729.0,9307.248,Upper middle income,"Middle East, North Africa, Afghanistan & Pakistan",2204420.6224872153
Kuwait,Men,1975,0.425098978704825,Blood Pressure,42.5,1104863.0,28950.0,,"Middle East, North Africa, Afghanistan & Pakistan",469676.13290874904
Kuwait,Men,1976,0.4227078493753,Blood Pressure,42.3,1178711.0,28956.0,,"Middle East, North Africa, Afghanistan & Pakistan",498250.39184500923
Kuwait,Men,1977,0.420554163655615,Blood Pressure,42.1,1258023.0,26168.0,,"Middle East, North Africa, Afghanistan & Pakistan",529066.8106245277
Kuwait,Men,1978,0.418572970191064,Blood Pressure,41.9,1340319.0,26363.0,,"Middle East, North Africa, Afghanistan & Pakistan",561021.3048335167
Kuwait,Men,1979,0.416947437422199,Blood Pressure,41.7,1423514.0,28174.0,,"Middle East, North Africa, Afghanistan & Pakistan",593530.5144346241
Kuwait,Men,1980,0.415694752530287,Blood Pressure,41.6,1504782.0,21154.0,,"Middle East, North Africa, Afghanistan & Pakistan",625529.9811020303
Kuwait,Men,1981,0.414516322868634,Blood Pressure,41.5,1583426.0,16402.0,,"Middle East, North Africa, Afghanistan & Pakistan",656355.9230545897
Kuwait,Men,1982,0.413488624014998,Blood Pressure,41.3,1662480.0,13845.0,,"Middle East, North Africa, Afghanistan & Pakistan",687416.5676524538
Kuwait,Men,1983,0.412280929125359,Blood Pressure,41.2,1744295.0,14292.0,,"Middle East, North Africa, Afghanistan & Pakistan",719139.5632687181
Kuwait,Men,1984,0.41093979654109,Blood Pressure,41.1,1820688.0,14384.0,,"Middle East, North Africa, Afghanistan & Pakistan",748193.156284804
Kuwait,Men,1985,0.409020222187482,Blood Pressure,40.9,1894242.0,13015.0,,"Middle East, North Africa, Afghanistan & Pakistan",774783.2837168603
Kuwait,Men,1986,0.406413725011468,Blood Pressure,40.6,1972520.0,13509.0,,"Middle East, North Africa, Afghanistan & Pakistan",801659.2008596208
Kuwait,Men,1987,0.403035106510078,Blood Pressure,40.3,2052994.0,12416.0,High income,"Middle East, North Africa, Afghanistan & Pakistan",827428.6554545511
Kuwait,Men,1988,0.398625426928264,Blood Pressure,39.9,2134707.0,12317.0,High income,"Middle East, North Africa, Afghanistan & Pakistan",850948.4892417537
Kuwait,Men,1989,0.393244311882959,Blood Pressure,39.3,2217468.0,12701.0,High income,"Middle East, North Africa, Afghanistan & Pakistan",872006.6777824813
Kuwait,Men,1990,0.386576505790609,Blood Pressure,38.7,1684819.0,9757.0,High income,"Middle East, North Africa, Afghanistan & Pakistan",651311.441909628
Kuwait,Men,1991,0.378855600670042,Blood Pressure,37.9,1351399.0,6310.9067,High income,"Middle East, North Africa, Afghanistan & Pakistan",511985.07988989406
Kuwait,Men,1992,0.370690014118091,Blood Pressure,37.1,1634961.0,12965.067,High income,"Middle East, North Africa, Afghanistan & Pakistan",606063.7161725282
Kuwait,Men,1993,0.362690795901303,Blood Pressure,36.3,1672151.0,19955.314,High income,"Middle East, North Africa, Afghanistan & Pakistan",606473.7770571597
Kuwait,Men,1994,0.355607527896809,Blood Pressure,35.6,1664361.0,24532.414,High income,"Middle East, North Africa, Afghanistan & Pakistan",591859.300737861
Kuwait,Men,1995,0.349384812444993,Blood Pressure,34.9,1681513.0,27552.96,High income,"Middle East, North Africa, Afghanistan & Pakistan",587495.1041288174
Kuwait,Men,1996,0.343871215859983,Blood Pressure,34.4,1730246.0,29612.66,High income,"Middle East, North Africa, Afghanistan & Pakistan",594981.7957568722
Kuwait,Men,1997,0.339050370680415,Blood Pressure,33.9,1787683.0,31511.191,High income,"Middle East, North Africa, Afghanistan & Pakistan",606114.5838090763
Kuwait,Men,1998,0.334737848488721,Blood Pressure,33.5,1844302.0,33331.297,High income,"Middle East, North Africa, Afghanistan & Pakistan",617357.6834434451
Kuwait,Men,1999,0.330609025964449,Blood Pressure,33.1,1900030.0,33351.195,High income,"Middle East, North Africa, Afghanistan & Pakistan",628167.0676032321
Kuwait,Men,2000,0.326684774925083,Blood Pressure,32.7,1954709.0,35844.746,High income,"Middle East, North Africa, Afghanistan & Pakistan",638573.6697090341
Kuwait,Men,2001,0.322812762182031,Blood Pressure,32.3,2008121.0,37225.87,High income,"Middle East, North Africa, Afghanistan & Pakistan",648247.0868057422
Kuwait,Men,2002,0.318806075814147,Blood Pressure,31.9,2059974.0,39943.15,High income,"Middle East, North Africa, Afghanistan & Pakistan",656732.2272191716
Kuwait,Men,2003,0.314555127564637,Blood Pressure,31.5,2109881.0,48809.71,High income,"Middle East, North Africa, Afghanistan & Pakistan",663673.8871012039
Kuwait,Men,2004,0.310183092877781,Blood Pressure,31.0,2157320.0,55911.793,High income,"Middle East, North Africa, Afghanistan & Pakistan",669164.1899270945
Kuwait,Men,2005,0.305958294580313,Blood Pressure,30.6,2236788.0,62959.6,High income,"Middle East, North Africa, Afghanistan & Pakistan",684363.8418177092
Kuwait,Men,2006,0.301260028384169,Blood Pressure,30.1,2364733.0,68546.14,High income,"Middle East, North Africa, Afghanistan & Pakistan",712399.530700981
Kuwait,Men,2007,0.29631619197303,Blood Pressure,29.6,2507887.0,73096.87,High income,"Middle East, North Africa, Afghanistan & Pakistan",743127.5257386663
Kuwait,Men,2008,0.291293612394941,Blood Pressure,29.1,2651421.0,75138.12,High income,"Middle East, North Africa, Afghanistan & Pakistan",772342.0010698069
Kuwait,Men,2009,0.286218221866589,Blood Pressure,28.6,2795484.0,70072.73,High income,"Middle East, North Africa, Afghanistan & Pakistan",800118.4597364997
Kuwait,Men,2010,0.280974704767451,Blood Pressure,28.1,2943372.0,68865.31,High income,"Middle East, North Africa, Afghanistan & Pakistan",827013.0787207818
Kuwait,Men,2011,0.275333669360631,Blood Pressure,27.5,3132814.0,77126.0,High income,"Middle East, North Africa, Afghanistan & Pakistan",862569.1740443558
Kuwait,Men,2012,0.270241551408103,Blood Pressure,27.0,3337109.0,80657.13,High income,"Middle East, North Africa, Afghanistan & Pakistan",901825.5133779433
Kuwait,Men,2013,0.26523347613246,Blood Pressure,26.5,3507844.0,80098.64,High income,"Middle East, North Africa, Afghanistan & Pakistan",930397.6578503931
Kuwait,Men,2014,0.260285005810406,Blood Pressure,26.0,3665876.0,79103.414,High income,"Middle East, North Africa, Afghanistan & Pakistan",954172.5559602279
Kuwait,Men,2015,0.255422632394573,Blood Pressure,25.5,3834574.0,78261.195,High income,"Middle East, North Africa, Afghanistan & Pakistan",979436.9851917875
Lebanon,Men,1975,0.350981367777872,Blood Pressure,35.1,2693191.0,5742.0,,"Middle East, North Africa, Afghanistan & Pakistan",945259.8608670548
Lebanon,Men,1976,0.350701687999171,Blood Pressure,35.1,2726469.0,2442.0,,"Middle East, North Africa, Afghanistan & Pakistan",956177.2805774118
Lebanon,Men,1977,0.350290809174015,Blood Pressure,35.0,2762155.0,4417.0,,"Middle East, North Africa, Afghanistan & Pakistan",967557.5100140515
Lebanon,Men,1978,0.349607286004203,Blood Pressure,35.0,2822682.0,4218.0,,"Middle East, North Africa, Afghanistan & Pakistan",986830.1932729157
Lebanon,Men,1979,0.348798886473808,Blood Pressure,34.9,2882635.0,4536.0,,"Middle East, North Africa, Afghanistan & Pakistan",1005459.8781104255
Lebanon,Men,1980,0.348055058441996,Blood Pressure,34.8,2944763.0,4608.0,,"Middle East, North Africa, Afghanistan & Pakistan",1024939.6580628275
Lebanon,Men,1981,0.347292322031966,Blood Pressure,34.7,3008981.0,4549.0,,"Middle East, North Africa, Afghanistan & Pakistan",1044995.9984400672
Lebanon,Men,1982,0.346394599962742,Blood Pressure,34.6,3054931.0,2823.0,,"Middle East, North Africa, Afghanistan & Pakistan",1058211.6016587794
Lebanon,Men,1983,0.345272055869349,Blood Pressure,34.5,3094996.0,3402.0,,"Middle East, North Africa, Afghanistan & Pakistan",1068615.6318274117
Lebanon,Men,1984,0.343795349335151,Blood Pressure,34.4,3152744.0,4828.0,,"Middle East, North Africa, Afghanistan & Pakistan",1083898.7248443014
Lebanon,Men,1985,0.341801106969804,Blood Pressure,34.2,3217376.0,5895.0,,"Middle East, North Africa, Afghanistan & Pakistan",1099702.67833808
Lebanon,Men,1986,0.338912836735607,Blood Pressure,33.9,3300365.0,5400.0,,"Middle East, North Africa, Afghanistan & Pakistan",1118536.0644129117
Lebanon,Men,1987,0.335021570661515,Blood Pressure,33.5,3385555.0,6202.0,Lower middle income,"Middle East, North Africa, Afghanistan & Pakistan",1134233.9536609454
Lebanon,Men,1988,0.330552379788047,Blood Pressure,33.1,3454649.0,4385.0,Lower middle income,"Middle East, North Africa, Afghanistan & Pakistan",1141942.448282397
Lebanon,Men,1989,0.325462429881197,Blood Pressure,32.5,3525285.0,2488.0,Lower middle income,"Middle East, North Africa, Afghanistan & Pakistan",1147347.8221237357
Lebanon,Men,1990,0.31972926524209,Blood Pressure,32.0,3595175.0,3086.0,Lower middle income,"Middle East, North Africa, Afghanistan & Pakistan",1149482.6611667308
Lebanon,Men,1991,0.313232293620207,Blood Pressure,31.3,3668912.0,4326.2993,Lower middle income,"Middle East, North Africa, Afghanistan & Pakistan",1149221.720850701
Lebanon,Men,1992,0.306631223584671,Blood Pressure,30.7,3747371.0,4618.0054,Lower middle income,"Middle East, North Africa, Afghanistan & Pakistan",1149060.9549557122
Lebanon,Men,1993,0.300222072630564,Blood Pressure,30.0,3820647.0,5053.2803,Lower middle income,"Middle East, North Africa, Afghanistan & Pakistan",1147042.5611297465
Lebanon,Men,1994,0.294084745828682,Blood Pressure,29.4,3889799.0,5585.667,Lower middle income,"Middle East, North Africa, Afghanistan & Pakistan",1143930.5502396615
Lebanon,Men,1995,0.288073107871134,Blood Pressure,28.8,3960735.0,6095.397,Lower middle income,"Middle East, North Africa, Afghanistan & Pakistan",1140981.240903976
Lebanon,Men,1996,0.282109746872071,Blood Pressure,28.2,4034781.0,6567.4004,Lower middle income,"Middle East, North Africa, Afghanistan & Pakistan",1138251.0465942416
Lebanon,Men,1997,0.276346580290771,Blood Pressure,27.6,4108405.0,6581.053,Upper middle income,"Middle East, North Africa, Afghanistan & Pakistan",1135343.6721995051
Lebanon,Men,1998,0.27075721090036,Blood Pressure,27.1,4181281.0,6994.1567,Upper middle income,"Middle East, North Africa, Afghanistan & Pakistan",1132111.9815506681
Lebanon,Men,1999,0.265575405491103,Blood Pressure,26.6,4255277.0,7147.5547,Upper middle income,"Middle East, North Africa, Afghanistan & Pakistan",1130096.9147519642
Lebanon,Men,2000,0.260888986914375,Blood Pressure,26.1,4329340.0,7405.707,Upper middle income,"Middle East, North Africa, Afghanistan & Pakistan",1129477.1266078802
Lebanon,Men,2001,0.256585786859794,Blood Pressure,25.7,4401918.0,7836.8267,Upper middle income,"Middle East, North Africa, Afghanistan & Pakistan",1129469.5937222906
Lebanon,Men,2002,0.252944966661527,Blood Pressure,25.3,4463504.0,8248.101,Upper middle income,"Middle East, North Africa, Afghanistan & Pakistan",1129020.8704735923
Lebanon,Men,2003,0.249770684906243,Blood Pressure,25.0,4525508.0,8671.1875,Upper middle income,"Middle East, North Africa, Afghanistan & Pakistan",1130339.2327086818
Lebanon,Men,2004,0.247226368267179,Blood Pressure,24.7,4599279.0,9491.61,Upper middle income,"Middle East, North Africa, Afghanistan & Pakistan",1137063.0438175027
Lebanon,Men,2005,0.245270957203487,Blood Pressure,24.5,4671102.0,9933.082,Upper middle income,"Middle East, North Africa, Afghanistan & Pakistan",1145685.6587351225
Lebanon,Men,2006,0.243740390189445,Blood Pressure,24.4,4751136.0,10236.868,Upper middle income,"Middle East, North Africa, Afghanistan & Pakistan",1158043.742483119
Lebanon,Men,2007,0.242507389560334,Blood Pressure,24.3,4844118.0,11276.507,Upper middle income,"Middle East, North Africa, Afghanistan & Pakistan",1174734.4109022259
Lebanon,Men,2008,0.24130863312112,Blood Pressure,24.1,4925354.0,12479.107,Upper middle income,"Middle East, North Africa, Afghanistan & Pakistan",1188530.441377641
Lebanon,Men,2009,0.240037407234981,Blood Pressure,24.0,4992287.0,14039.346,Upper middle income,"Middle East, North Africa, Afghanistan & Pakistan",1198335.6276529015
Lebanon,Men,2010,0.238713830445259,Blood Pressure,23.9,5041288.0,15622.367,Upper middle income,"Middle East, North Africa, Afghanistan & Pakistan",1203425.1688577188
Lebanon,Men,2011,0.237254684366221,Blood Pressure,23.7,5096020.0,16230.0,Upper middle income,"Middle East, North Africa, Afghanistan & Pakistan",1209054.6166239495
Lebanon,Men,2012,0.236164307702397,Blood Pressure,23.6,5235742.0,16284.763,Upper middle income,"Middle East, North Africa, Afghanistan & Pakistan",1236495.3847383633
Lebanon,Men,2013,0.235112472680032,Blood Pressure,23.5,5743436.0,15145.569,Upper middle income,"Middle East, North Africa, Afghanistan & Pakistan",1350353.4396395122
Lebanon,Men,2014,0.234089367231578,Blood Pressure,23.4,6346990.0,13586.273,Upper middle income,"Middle East, North Africa, Afghanistan & Pakistan",1485762.8729251532
Lebanon,Men,2015,0.233138526581467,Blood Pressure,23.3,6472469.0,12982.721,Upper middle income,"Middle East, North Africa, Afghanistan & Pakistan",1508981.8860042212
Libya,Men,1975,0.347375300158414,Blood Pressure,34.7,2571556.0,6872.0,,"Middle East, North Africa, Afghanistan & Pakistan",893295.0373741705
Libya,Men,1976,0.350782113136128,Blood Pressure,35.1,2721237.0,8142.0,,"Middle East, North Africa, Afghanistan & Pakistan",954561.2652042175
Libya,Men,1977,0.35341582944732,Blood Pressure,35.3,2881533.0,8682.0,,"Middle East, North Africa, Afghanistan & Pakistan",1018379.3752748242
Libya,Men,1978,0.35543443697347,Blood Pressure,35.5,3052526.0,8730.0,,"Middle East, North Africa, Afghanistan & Pakistan",1084972.8601568784
Libya,Men,1979,0.356984579475823,Blood Pressure,35.7,3233846.0,9086.0,,"Middle East, North Africa, Afghanistan & Pakistan",1154433.1543995724
Libya,Men,1980,0.358195553672811,Blood Pressure,35.8,3424378.0,8741.0,,"Middle East, North Africa, Afghanistan & Pakistan",1226596.9736949932
Libya,Men,1981,0.358901196162188,Blood Pressure,35.9,3621486.0,6760.0,,"Middle East, North Africa, Afghanistan & Pakistan",1299755.6572846177
Libya,Men,1982,0.359101861997136,Blood Pressure,35.9,3724765.0,6661.0,,"Middle East, North Africa, Afghanistan & Pakistan",1337570.0470017623
Libya,Men,1983,0.358978854163912,Blood Pressure,35.9,3718961.0,6237.0,,"Middle East, North Africa, Afghanistan & Pakistan",1335028.3584602764
Libya,Men,1984,0.358425971391533,Blood Pressure,35.8,3773633.0,5695.0,,"Middle East, North Africa, Afghanistan & Pakistan",1352568.073700145
Libya,Men,1985,0.357415963585362,Blood Pressure,35.7,3898745.0,6092.0,,"Middle East, North Africa, Afghanistan & Pakistan",1393473.700948612
Libya,Men,1986,0.355517791845406,Blood Pressure,35.6,4017403.0,5370.0,,"Middle East, North Africa, Afghanistan & Pakistan",1428258.2435131096
Libya,Men,1987,0.352666705458255,Blood Pressure,35.3,4129739.0,4465.0,Upper middle income,"Middle East, North Africa, Afghanistan & Pakistan",1456421.4475324687
Libya,Men,1988,0.348924304769872,Blood Pressure,34.9,4237755.0,4670.0,Upper middle income,"Middle East, North Africa, Afghanistan & Pakistan",1478655.717160049
Libya,Men,1989,0.344466277041879,Blood Pressure,34.4,4342920.0,4873.0,Upper middle income,"Middle East, North Africa, Afghanistan & Pakistan",1495989.4838907172
Libya,Men,1990,0.339483250067422,Blood Pressure,33.9,4445239.0,4921.0,Upper middle income,"Middle East, North Africa, Afghanistan & Pakistan",1509084.1830464571
Libya,Men,1991,0.334213262352467,Blood Pressure,33.4,4544400.0,5977.337,Upper middle income,"Middle East, North Africa, Afghanistan & Pakistan",1518798.749434551
Libya,Men,1992,0.328862365671885,Blood Pressure,32.9,4640352.0,6113.3535,Upper middle income,"Middle East, North Africa, Afghanistan & Pakistan",1526037.1362702628
Libya,Men,1993,0.32359524155859,Blood Pressure,32.4,4733045.0,6190.681,Upper middle income,"Middle East, North Africa, Afghanistan & Pakistan",1531590.8400826766
Libya,Men,1994,0.318482212581783,Blood Pressure,31.8,4822037.0,6645.0767,Upper middle income,"Middle East, North Africa, Afghanistan & Pakistan",1535733.012911223
Libya,Men,1995,0.313695070954817,Blood Pressure,31.4,4906843.0,6898.952,Upper middle income,"Middle East, North Africa, Afghanistan & Pakistan",1539252.4630491473
Libya,Men,1996,0.309151949421116,Blood Pressure,30.9,4987393.0,7543.9355,Upper middle income,"Middle East, North Africa, Afghanistan & Pakistan",1541862.268479228
Libya,Men,1997,0.305021765156047,Blood Pressure,30.5,5064639.0,8422.215,Upper middle income,"Middle East, North Africa, Afghanistan & Pakistan",1544825.1276581567
Libya,Men,1998,0.301198108295326,Blood Pressure,30.1,5140704.0,8545.48,Upper middle income,"Middle East, North Africa, Afghanistan & Pakistan",1548370.3201062155
Libya,Men,1999,0.297666323964237,Blood Pressure,29.8,5218038.0,9064.067,Upper middle income,"Middle East, North Africa, Afghanistan & Pakistan",1553234.1897656992
Libya,Men,2000,0.294337016399717,Blood Pressure,29.4,5305021.0,9770.98,Upper middle income,"Middle East, North Africa, Afghanistan & Pakistan",1561464.053077843
Libya,Men,2001,0.291256915651562,Blood Pressure,29.1,5403639.0,10354.482,Upper middle income,"Middle East, North Africa, Afghanistan & Pakistan",1573847.2284344907
Libya,Men,2002,0.288265124047098,Blood Pressure,28.8,5508410.0,10787.675,Upper middle income,"Middle East, North Africa, Afghanistan & Pakistan",1587882.491952275
Libya,Men,2003,0.285225799985795,Blood Pressure,28.5,5619398.0,12870.574,Upper middle income,"Middle East, North Africa, Afghanistan & Pakistan",1602797.2899885764
Libya,Men,2004,0.282271938327755,Blood Pressure,28.2,5736693.0,14193.259,Upper middle income,"Middle East, North Africa, Afghanistan & Pakistan",1619307.4527012638
Libya,Men,2005,0.27943587833326,Blood Pressure,27.9,5858798.0,16538.557,Upper middle income,"Middle East, North Africa, Afghanistan & Pakistan",1637158.365107147
Libya,Men,2006,0.276726784237706,Blood Pressure,27.7,5980211.0,18657.062,Upper middle income,"Middle East, North Africa, Afghanistan & Pakistan",1654884.5590929561
Libya,Men,2007,0.274031352183552,Blood Pressure,27.4,6104380.0,20731.719,Upper middle income,"Middle East, North Africa, Afghanistan & Pakistan",1672791.5056422313
Libya,Men,2008,0.271383446674399,Blood Pressure,27.1,6235430.0,25140.6,Upper middle income,"Middle East, North Africa, Afghanistan & Pakistan",1692192.4848969479
Libya,Men,2009,0.268624663861445,Blood Pressure,26.9,6366686.0,26403.787,Upper middle income,"Middle East, North Africa, Afghanistan & Pakistan",1710248.886661368
Libya,Men,2010,0.265867317959508,Blood Pressure,26.6,6497839.0,29157.143,Upper middle income,"Middle East, North Africa, Afghanistan & Pakistan",1727563.0274626915
Libya,Men,2011,0.262954322928361,Blood Pressure,26.3,6343203.0,12893.0,Upper middle income,"Middle East, North Africa, Afghanistan & Pakistan",1667972.6500621485
Libya,Men,2012,0.260215066785669,Blood Pressure,26.0,6179328.0,25302.516,Upper middle income,"Middle East, North Africa, Afghanistan & Pakistan",1607954.2482105547
Libya,Men,2013,0.257503554425005,Blood Pressure,25.8,6304628.0,20190.09,Upper middle income,"Middle East, North Africa, Afghanistan & Pakistan",1623464.1193274104
Libya,Men,2014,0.25481096052765,Blood Pressure,25.5,6427252.0,15154.099,Upper middle income,"Middle East, North Africa, Afghanistan & Pakistan",1637734.2556732595
Libya,Men,2015,0.252164277632696,Blood Pressure,25.2,6531819.0,14720.548,Upper middle income,"Middle East, North Africa, Afghanistan & Pakistan",1647091.4197625187
Malta,Men,1975,0.458758807923602,Blood Pressure,45.9,304222.0,5738.0,,"Middle East, North Africa, Afghanistan & Pakistan",139564.52206413404
Malta,Men,1976,0.455679458304084,Blood Pressure,45.6,305774.0,6684.0,,"Middle East, North Africa, Afghanistan & Pakistan",139334.93068347298
Malta,Men,1977,0.452680541582922,Blood Pressure,45.3,306970.0,7438.0,,"Middle East, North Africa, Afghanistan & Pakistan",138959.34584970956
Malta,Men,1978,0.449725260820331,Blood Pressure,45.0,310182.0,8080.0,,"Middle East, North Africa, Afghanistan & Pakistan",139496.6808517719
Malta,Men,1979,0.446441542617986,Blood Pressure,44.6,313342.0,8745.0,,"Middle East, North Africa, Afghanistan & Pakistan",139888.88584700497
Malta,Men,1980,0.442792717895575,Blood Pressure,44.3,316645.0,8920.0,,"Middle East, North Africa, Afghanistan & Pakistan",140208.10015804434
Malta,Men,1981,0.438631395900938,Blood Pressure,43.9,318982.0,9224.0,,"Middle East, North Africa, Afghanistan & Pakistan",139915.519927273
Malta,Men,1982,0.433866253965949,Blood Pressure,43.4,325898.0,9526.0,,"Middle East, North Africa, Afghanistan & Pakistan",141396.14443499484
Malta,Men,1983,0.428570263371589,Blood Pressure,42.9,330524.0,9586.0,,"Middle East, North Africa, Afghanistan & Pakistan",141652.75773063107
Malta,Men,1984,0.422684890719728,Blood Pressure,42.3,330593.0,9797.0,,"Middle East, North Africa, Afghanistan & Pakistan",139736.66607770702
Malta,Men,1985,0.416549040445923,Blood Pressure,41.7,336452.0,10176.0,,"Middle East, North Africa, Afghanistan & Pakistan",140148.75775611168
Malta,Men,1986,0.410102037637613,Blood Pressure,41.0,342121.0,10584.0,,"Middle East, North Africa, Afghanistan & Pakistan",140304.5192186178
Malta,Men,1987,0.403614653460107,Blood Pressure,40.4,344485.0,10943.0,Upper middle income,"Middle East, North Africa, Afghanistan & Pakistan",139039.19389720497
Malta,Men,1988,0.397181273720189,Blood Pressure,39.7,347325.0,11765.0,Upper middle income,"Middle East, North Africa, Afghanistan & Pakistan",137950.98589486466
Malta,Men,1989,0.391116092850543,Blood Pressure,39.1,350722.0,12607.0,High income,"Middle East, North Africa, Afghanistan & Pakistan",137173.01831672815
Malta,Men,1990,0.384893769207553,Blood Pressure,38.5,354170.0,13259.0,Upper middle income,"Middle East, North Africa, Afghanistan & Pakistan",136317.82624023905
Malta,Men,1991,0.378967987660036,Blood Pressure,37.9,363845.0,13834.927,Upper middle income,"Middle East, North Africa, Afghanistan & Pakistan",137885.6074701658
Malta,Men,1992,0.373418061773199,Blood Pressure,37.3,367618.0,14341.302,Upper middle income,"Middle East, North Africa, Afghanistan & Pakistan",137275.20103293986
Malta,Men,1993,0.367953411516296,Blood Pressure,36.8,371308.0,14840.319,Upper middle income,"Middle East, North Africa, Afghanistan & Pakistan",136624.04532329284
Malta,Men,1994,0.362515259855231,Blood Pressure,36.3,374797.0,15539.06,Upper middle income,"Middle East, North Africa, Afghanistan & Pakistan",135869.631847961
Malta,Men,1995,0.3572647080971,Blood Pressure,35.7,377419.0,16417.174,Upper middle income,"Middle East, North Africa, Afghanistan & Pakistan",134838.48886529938
Malta,Men,1996,0.3520016405814,Blood Pressure,35.2,379905.0,16932.047,Upper middle income,"Middle East, North Africa, Afghanistan & Pakistan",133727.18326507678
Malta,Men,1997,0.346857626231996,Blood Pressure,34.7,382791.0,17694.79,Upper middle income,"Middle East, North Africa, Afghanistan & Pakistan",132773.97760297198
Malta,Men,1998,0.341773764689322,Blood Pressure,34.2,385287.0,18488.666,High income,"Middle East, North Africa, Afghanistan & Pakistan",131680.98847585483
Malta,Men,1999,0.336781819140019,Blood Pressure,33.7,387578.0,19254.365,Upper middle income,"Middle East, North Africa, Afghanistan & Pakistan",130529.22389865028
Malta,Men,2000,0.331604045229096,Blood Pressure,33.2,390087.0,20434.549,High income,"Middle East, North Africa, Afghanistan & Pakistan",129354.42719128236
Malta,Men,2001,0.326297650396676,Blood Pressure,32.6,393028.0,20413.05,Upper middle income,"Middle East, North Africa, Afghanistan & Pakistan",128244.11294010478
Malta,Men,2002,0.32066935182627,Blood Pressure,32.1,395969.0,20873.984,High income,"Middle East, North Africa, Afghanistan & Pakistan",126975.1225732963
Malta,Men,2003,0.315025717253072,Blood Pressure,31.5,398582.0,21273.135,High income,"Middle East, North Africa, Afghanistan & Pakistan",125563.58043416395
Malta,Men,2004,0.309368347712961,Blood Pressure,30.9,401268.0,21233.002,High income,"Middle East, North Africa, Afghanistan & Pakistan",124139.61815008444
Malta,Men,2005,0.303425716025977,Blood Pressure,30.3,403834.0,21905.215,High income,"Middle East, North Africa, Afghanistan & Pakistan",122533.6206056344
Malta,Men,2006,0.29738796170584,Blood Pressure,29.7,405308.0,22233.717,High income,"Middle East, North Africa, Afghanistan & Pakistan",120533.7199830706
Malta,Men,2007,0.291133452979147,Blood Pressure,29.1,406724.0,23048.264,High income,"Middle East, North Africa, Afghanistan & Pakistan",118410.96252949059
Malta,Men,2008,0.284926731290927,Blood Pressure,28.5,409379.0,23674.594,High income,"Middle East, North Africa, Afghanistan & Pakistan",116643.0203291484
Malta,Men,2009,0.278723995789429,Blood Pressure,27.9,412477.0,22927.654,High income,"Middle East, North Africa, Afghanistan & Pakistan",114967.23761123631
Malta,Men,2010,0.272488276197913,Blood Pressure,27.2,414508.0,23632.625,High income,"Middle East, North Africa, Afghanistan & Pakistan",112948.57039024452
Malta,Men,2011,0.266301121691769,Blood Pressure,26.6,416268.0,23871.0,High income,"Middle East, North Africa, Afghanistan & Pakistan",110852.6353243893
Malta,Men,2012,0.260236759663064,Blood Pressure,26.0,420028.0,24629.777,High income,"Middle East, North Africa, Afghanistan & Pakistan",109306.72568775744
Malta,Men,2013,0.254253868982947,Blood Pressure,25.4,424810.0,25611.121,High income,"Middle East, North Africa, Afghanistan & Pakistan",108009.5860826457
Malta,Men,2014,0.248365112658129,Blood Pressure,24.8,433481.0,27007.89,High income,"Middle East, North Africa, Afghanistan & Pakistan",107661.55740015842
Malta,Men,2015,0.242554348148258,Blood Pressure,24.3,444220.0,28906.48,High income,"Middle East, North Africa, Afghanistan & Pakistan",107747.49253441917
Morocco,Men,1975,0.298744417267683,Blood Pressure,29.9,17150786.0,2919.0,,"Middle East, North Africa, Afghanistan & Pakistan",5123701.569252736
Morocco,Men,1976,0.298595650128734,Blood Pressure,29.9,17574182.0,3175.0,,"Middle East, North Africa, Afghanistan & Pakistan",5247574.299770695
Morocco,Men,1977,0.298450407603284,Blood Pressure,29.8,18014756.0,3268.0,,"Middle East, North Africa, Afghanistan & Pakistan",5376511.271073706
Morocco,Men,1978,0.298356190104627,Blood Pressure,29.8,18477385.0,3298.0,,"Middle East, North Africa, Afghanistan & Pakistan",5512842.191696383
Morocco,Men,1979,0.298176280160559,Blood Pressure,29.8,18955589.0,3382.0,,"Middle East, North Africa, Afghanistan & Pakistan",5652107.016272411
Morocco,Men,1980,0.298014421303967,Blood Pressure,29.8,19459943.0,3622.0,,"Middle East, North Africa, Afghanistan & Pakistan",5799343.651753183
Morocco,Men,1981,0.297839770091219,Blood Pressure,29.8,19985401.0,3457.0,,"Middle East, North Africa, Afghanistan & Pakistan",5952447.239020818
Morocco,Men,1982,0.29757189971311,Blood Pressure,29.8,20520318.0,3725.0,,"Middle East, North Africa, Afghanistan & Pakistan",6106270.009977126
Morocco,Men,1983,0.297213334410273,Blood Pressure,29.7,21060696.0,3606.0,,"Middle East, North Africa, Afghanistan & Pakistan",6259519.6831610985
Morocco,Men,1984,0.29675492770301,Blood Pressure,29.7,21593778.0,3657.0,,"Middle East, North Africa, Afghanistan & Pakistan",6408060.029224847
Morocco,Men,1985,0.296156348668332,Blood Pressure,29.6,22113953.0,3784.0,,"Middle East, North Africa, Afghanistan & Pakistan",6549187.575103107
Morocco,Men,1986,0.295393664919101,Blood Pressure,29.5,22600803.0,3977.0,,"Middle East, North Africa, Afghanistan & Pakistan",6676134.028284613
Morocco,Men,1987,0.294562631676775,Blood Pressure,29.5,23054392.0,3790.0,Lower middle income,"Middle East, North Africa, Afghanistan & Pakistan",6790962.3792279875
Morocco,Men,1988,0.293672141277269,Blood Pressure,29.4,23500524.0,4077.0,Lower middle income,"Middle East, North Africa, Afghanistan & Pakistan",6901449.20421785
Morocco,Men,1989,0.292692775299974,Blood Pressure,29.3,23939414.0,4073.0,Lower middle income,"Middle East, North Africa, Afghanistan & Pakistan",7006893.522715052
Morocco,Men,1990,0.29163116672511,Blood Pressure,29.2,24375551.0,4130.0,Lower middle income,"Middle East, North Africa, Afghanistan & Pakistan",7108670.377697422
Morocco,Men,1991,0.290440901349952,Blood Pressure,29.0,24799014.0,4353.7295,Lower middle income,"Middle East, North Africa, Afghanistan & Pakistan",7202647.978750078
Morocco,Men,1992,0.289568015110677,Blood Pressure,29.0,25212468.0,4194.447,Lower middle income,"Middle East, North Africa, Afghanistan & Pakistan",7300724.31480146
Morocco,Men,1993,0.289000240005274,Blood Pressure,28.9,25614586.0,4097.281,Lower middle income,"Middle East, North Africa, Afghanistan & Pakistan",7402621.501635732
Morocco,Men,1994,0.288601333024457,Blood Pressure,28.9,26000822.0,4461.0625,Lower middle income,"Middle East, North Africa, Afghanistan & Pakistan",7503871.888931628
Morocco,Men,1995,0.288512373926703,Blood Pressure,28.9,26399429.0,4156.9253,Lower middle income,"Middle East, North Africa, Afghanistan & Pakistan",7616561.9310994465
Morocco,Men,1996,0.288302422068451,Blood Pressure,28.8,26808107.0,4603.652,Lower middle income,"Middle East, North Africa, Afghanistan & Pakistan",7728842.179170196
Morocco,Men,1997,0.288024771903448,Blood Pressure,28.8,27213337.0,4469.19,Lower middle income,"Middle East, North Africa, Afghanistan & Pakistan",7838115.1821566615
Morocco,Men,1998,0.287611774513262,Blood Pressure,28.8,27621648.0,4729.183,Lower middle income,"Middle East, North Africa, Afghanistan & Pakistan",7944311.1962606935
Morocco,Men,1999,0.28707961988756,Blood Pressure,28.7,28027179.0,4720.7715,Lower middle income,"Middle East, North Africa, Afghanistan & Pakistan",8046031.8938406035
Morocco,Men,2000,0.28662060837069,Blood Pressure,28.7,28423435.0,4753.638,Lower middle income,"Middle East, North Africa, Afghanistan & Pakistan",8146742.231684762
Morocco,Men,2001,0.285935755479556,Blood Pressure,28.6,28814643.0,5042.073,Lower middle income,"Middle East, North Africa, Afghanistan & Pakistan",8239136.7150787
Morocco,Men,2002,0.284959466822846,Blood Pressure,28.5,29198142.0,5140.8726,Lower middle income,"Middle East, North Africa, Afghanistan & Pakistan",8320286.976537746
Morocco,Men,2003,0.283744483966071,Blood Pressure,28.4,29571415.0,5386.8506,Lower middle income,"Middle East, North Africa, Afghanistan & Pakistan",8390725.889321532
Morocco,Men,2004,0.282271147264209,Blood Pressure,28.2,29953018.0,5584.154,Lower middle income,"Middle East, North Africa, Afghanistan & Pakistan",8454872.754885502
Morocco,Men,2005,0.280719634451956,Blood Pressure,28.1,30358144.0,5708.0312,Lower middle income,"Middle East, North Africa, Afghanistan & Pakistan",8522127.086319841
Morocco,Men,2006,0.278905304731981,Blood Pressure,27.9,30771178.0,6076.9526,Lower middle income,"Middle East, North Africa, Afghanistan & Pakistan",8582244.77705203
Morocco,Men,2007,0.277082979377721,Blood Pressure,27.7,31186468.0,6228.4316,Lower middle income,"Middle East, North Africa, Afghanistan & Pakistan",8641239.469707955
Morocco,Men,2008,0.275309797103108,Blood Pressure,27.5,31606767.0,6530.978,Lower middle income,"Middle East, North Africa, Afghanistan & Pakistan",8701652.609855209
Morocco,Men,2009,0.273568803857775,Blood Pressure,27.4,32030778.0,6741.4604,Lower middle income,"Middle East, North Africa, Afghanistan & Pakistan",8762621.624093935
Morocco,Men,2010,0.271810025027754,Blood Pressure,27.2,32467016.0,6931.558,Lower middle income,"Middle East, North Africa, Afghanistan & Pakistan",8824860.431536488
Morocco,Men,2011,0.270010591170139,Blood Pressure,27.0,32912588.0,7226.0,Lower middle income,"Middle East, North Africa, Afghanistan & Pakistan",8886747.342819221
Morocco,Men,2012,0.26808261303493,Blood Pressure,26.8,33355241.0,7355.326,Lower middle income,"Middle East, North Africa, Afghanistan & Pakistan",8941960.16568983
Morocco,Men,2013,0.266138210621488,Blood Pressure,26.6,33787571.0,7599.724,Lower middle income,"Middle East, North Africa, Afghanistan & Pakistan",8992163.68718648
Morocco,Men,2014,0.264163480074564,Blood Pressure,26.4,34204780.0,7714.632,Lower middle income,"Middle East, North Africa, Afghanistan & Pakistan",9035653.719984846
Morocco,Men,2015,0.262150338243454,Blood Pressure,26.2,34607588.0,7959.528,Lower middle income,"Middle East, North Africa, Afghanistan & Pakistan",9072390.8999901
Palestine,Men,1975,0.327265849633765,Blood Pressure,32.7,,4085.0,,"Middle East, North Africa, Afghanistan & Pakistan",
Palestine,Men,1976,0.326546798851547,Blood Pressure,32.7,,4605.0,,"Middle East, North Africa, Afghanistan & Pakistan",
Palestine,Men,1977,0.325534931700024,Blood Pressure,32.6,,4439.0,,"Middle East, North Africa, Afghanistan & Pakistan",
Palestine,Men,1978,0.324239355849558,Blood Pressure,32.4,,4874.0,,"Middle East, North Africa, Afghanistan & Pakistan",
Palestine,Men,1979,0.322688493059422,Blood Pressure,32.3,,4677.0,,"Middle East, North Africa, Afghanistan & Pakistan",
Palestine,Men,1980,0.320954101822258,Blood Pressure,32.1,,5239.0,,"Middle East, North Africa, Afghanistan & Pakistan",
Palestine,Men,1981,0.319064270427135,Blood Pressure,31.9,,4811.0,,"Middle East, North Africa, Afghanistan & Pakistan",
Palestine,Men,1982,0.317027308198906,Blood Pressure,31.7,,5088.0,,"Middle East, North Africa, Afghanistan & Pakistan",
Palestine,Men,1983,0.314894110227719,Blood Pressure,31.5,,4733.0,,"Middle East, North Africa, Afghanistan & Pakistan",
Palestine,Men,1984,0.312661189917751,Blood Pressure,31.3,,4807.0,,"Middle East, North Africa, Afghanistan & Pakistan",
Palestine,Men,1985,0.310388202761394,Blood Pressure,31.0,,4619.0,,"Middle East, North Africa, Afghanistan & Pakistan",
Palestine,Men,1986,0.308077921484264,Blood Pressure,30.8,,5330.0,,"Middle East, North Africa, Afghanistan & Pakistan",
Palestine,Men,1987,0.305747830020555,Blood Pressure,30.6,,5004.0,,"Middle East, North Africa, Afghanistan & Pakistan",
Palestine,Men,1988,0.30341122111198,Blood Pressure,30.3,,4745.0,,"Middle East, North Africa, Afghanistan & Pakistan",
Palestine,Men,1989,0.301062383470303,Blood Pressure,30.1,,4682.0,,"Middle East, North Africa, Afghanistan & Pakistan",
Palestine,Men,1990,0.298675525586824,Blood Pressure,29.9,1978248.0,5345.0,,"Middle East, North Africa, Afghanistan & Pakistan",590854.2611410833
Palestine,Men,1991,0.296257098762335,Blood Pressure,29.6,2068845.0,4732.171,,"Middle East, North Africa, Afghanistan & Pakistan",612910.017488963
Palestine,Men,1992,0.293867248569002,Blood Pressure,29.4,2163591.0,5410.625,,"Middle East, North Africa, Afghanistan & Pakistan",635808.5341986555
Palestine,Men,1993,0.291514532175466,Blood Pressure,29.2,2262676.0,5527.995,,"Middle East, North Africa, Afghanistan & Pakistan",659602.9356046547
Palestine,Men,1994,0.289140104062091,Blood Pressure,28.9,2366298.0,5893.47,Lower middle income,"Middle East, North Africa, Afghanistan & Pakistan",684191.6499619178
Palestine,Men,1995,0.286814268130345,Blood Pressure,28.7,2474666.0,5756.845,Lower middle income,"Middle East, North Africa, Afghanistan & Pakistan",709769.5176570483
Palestine,Men,1996,0.284469511773899,Blood Pressure,28.4,2587997.0,5320.2554,Lower middle income,"Middle East, North Africa, Afghanistan & Pakistan",736206.2430623153
Palestine,Men,1997,0.282293630990968,Blood Pressure,28.2,2706518.0,5598.021,Lower middle income,"Middle East, North Africa, Afghanistan & Pakistan",764032.7935624127
Palestine,Men,1998,0.280299001612279,Blood Pressure,28.0,2776568.0,6051.883,Lower middle income,"Middle East, North Africa, Afghanistan & Pakistan",778269.2383086022
Palestine,Men,1999,0.278475084446071,Blood Pressure,27.8,2848431.0,6204.6465,Lower middle income,"Middle East, North Africa, Afghanistan & Pakistan",793217.0632638065
Palestine,Men,2000,0.276804313001828,Blood Pressure,27.7,2922153.0,5377.3936,Lower middle income,"Middle East, North Africa, Afghanistan & Pakistan",808864.5536512308
Palestine,Men,2001,0.275155314822224,Blood Pressure,27.5,2997784.0,4626.303,Lower middle income,"Middle East, North Africa, Afghanistan & Pakistan",824856.2002890259
Palestine,Men,2002,0.273425339339943,Blood Pressure,27.3,3075373.0,3842.1465,Lower middle income,"Middle East, North Africa, Afghanistan & Pakistan",840884.9061218986
Palestine,Men,2003,0.271671797342087,Blood Pressure,27.2,3154969.0,4158.2993,Lower middle income,"Middle East, North Africa, Afghanistan & Pakistan",857116.0987885669
Palestine,Men,2004,0.269750123872114,Blood Pressure,27.0,3236626.0,4358.5176,Lower middle income,"Middle East, North Africa, Afghanistan & Pakistan",873080.2644277049
Palestine,Men,2005,0.267683417572085,Blood Pressure,26.8,3320396.0,4589.626,Lower middle income,"Middle East, North Africa, Afghanistan & Pakistan",888814.9489726808
Palestine,Men,2006,0.265371335741351,Blood Pressure,26.5,3406334.0,4193.154,Lower middle income,"Middle East, North Africa, Afghanistan & Pakistan",903943.4035611792
Palestine,Men,2007,0.262787160552868,Blood Pressure,26.3,3494496.0,4250.989,Lower middle income,"Middle East, North Africa, Afghanistan & Pakistan",918308.681403355
Palestine,Men,2008,0.259887305616719,Blood Pressure,26.0,3591977.0,4287.209,Lower middle income,"Middle East, North Africa, Afghanistan & Pakistan",933509.2243672255
Palestine,Men,2009,0.256776887127893,Blood Pressure,25.7,3689099.0,4426.317,Lower middle income,"Middle East, North Africa, Afghanistan & Pakistan",947275.3575266228
Palestine,Men,2010,0.253714817341087,Blood Pressure,25.4,3786161.0,4548.5312,Lower middle income,"Middle East, North Africa, Afghanistan & Pakistan",960605.1465389472
Palestine,Men,2011,0.250465648737793,Blood Pressure,25.0,3882986.0,4863.0,Lower middle income,"Middle East, North Africa, Afghanistan & Pakistan",972554.6075297678
Palestine,Men,2012,0.247309377531149,Blood Pressure,24.7,3979998.0,5054.0,Lower middle income,"Middle East, North Africa, Afghanistan & Pakistan",984290.827955218
Palestine,Men,2013,0.244197151787244,Blood Pressure,24.4,4076708.0,5054.0,Lower middle income,"Middle East, North Africa, Afghanistan & Pakistan",995520.4822682719
Palestine,Men,2014,0.241136046096813,Blood Pressure,24.1,4173398.0,4939.0,Lower middle income,"Middle East, North Africa, Afghanistan & Pakistan",1006356.6925083472
Palestine,Men,2015,0.238132404624571,Blood Pressure,23.8,4270092.0,5003.0,Lower middle income,"Middle East, North Africa, Afghanistan & Pakistan",1016847.2759281436
Oman,Men,1975,0.300972730202213,Blood Pressure,30.1,778864.0,6802.0,,"Middle East, North Africa, Afghanistan & Pakistan",234416.82453621642
Oman,Men,1976,0.303274457316612,Blood Pressure,30.3,814701.0,7328.0,,"Middle East, North Africa, Afghanistan & Pakistan",247078.00365030114
Oman,Men,1977,0.305503493312583,Blood Pressure,30.6,855314.0,6998.0,,"Middle East, North Africa, Afghanistan & Pakistan",261301.4148791586
Oman,Men,1978,0.307628146532064,Blood Pressure,30.8,900304.0,6513.0,,"Middle East, North Africa, Afghanistan & Pakistan",276958.85083540337
Oman,Men,1979,0.309676200327333,Blood Pressure,31.0,949116.0,6446.0,,"Middle East, North Africa, Afghanistan & Pakistan",293918.636549877
Oman,Men,1980,0.311719326966157,Blood Pressure,31.2,1001248.0,6491.0,,"Middle East, North Africa, Afghanistan & Pakistan",312108.35268621077
Oman,Men,1981,0.313694793387843,Blood Pressure,31.4,1057320.0,7210.0,,"Middle East, North Africa, Afghanistan & Pakistan",331675.7789448342
Oman,Men,1982,0.315560966700327,Blood Pressure,31.6,1117678.0,7651.0,,"Middle East, North Africa, Afghanistan & Pakistan",352695.5501396881
Oman,Men,1983,0.317280410569029,Blood Pressure,31.7,1181459.0,8521.0,,"Middle East, North Africa, Afghanistan & Pakistan",374853.79659047443
Oman,Men,1984,0.318786241339626,Blood Pressure,31.9,1247716.0,9526.0,,"Middle East, North Africa, Afghanistan & Pakistan",397754.6938993128
Oman,Men,1985,0.320039213594646,Blood Pressure,32.0,1325480.0,10433.0,,"Middle East, North Africa, Afghanistan & Pakistan",424205.5768354314
Oman,Men,1986,0.320884704502995,Blood Pressure,32.1,1413419.0,10268.0,,"Middle East, North Africa, Afghanistan & Pakistan",453544.5381539187
Oman,Men,1987,0.321321281732054,Blood Pressure,32.1,1500996.0,10699.0,Upper middle income,"Middle East, North Africa, Afghanistan & Pakistan",482301.9585946861
Oman,Men,1988,0.321371141840179,Blood Pressure,32.1,1588568.0,10633.0,Upper middle income,"Middle East, North Africa, Afghanistan & Pakistan",510519.9120507695
Oman,Men,1989,0.321018740271959,Blood Pressure,32.1,1676228.0,10692.0,Upper middle income,"Middle East, North Africa, Afghanistan & Pakistan",538100.6009685852
Oman,Men,1990,0.32027370778734,Blood Pressure,32.0,1763954.0,10327.0,Upper middle income,"Middle East, North Africa, Afghanistan & Pakistan",564948.0879463095
Oman,Men,1991,0.319031466970412,Blood Pressure,31.9,1851473.0,11131.0,Upper middle income,"Middle East, North Africa, Afghanistan & Pakistan",590678.1472461097
Oman,Men,1992,0.317439862606089,Blood Pressure,31.7,1938238.0,12251.157,Upper middle income,"Middle East, North Africa, Afghanistan & Pakistan",615274.0044179007
Oman,Men,1993,0.315641409104911,Blood Pressure,31.6,2021675.0,13226.644,Upper middle income,"Middle East, North Africa, Afghanistan & Pakistan",638124.345752171
Oman,Men,1994,0.313736527867408,Blood Pressure,31.4,2081834.0,14079.533,Upper middle income,"Middle East, North Africa, Afghanistan & Pakistan",653147.3707563175
Oman,Men,1995,0.311763018502409,Blood Pressure,31.2,2120528.0,15292.176,Upper middle income,"Middle East, North Africa, Afghanistan & Pakistan",661102.2100988764
Oman,Men,1996,0.309585139704868,Blood Pressure,31.0,2156926.0,16491.168,Upper middle income,"Middle East, North Africa, Afghanistan & Pakistan",667752.2370430621
Oman,Men,1997,0.307301867073177,Blood Pressure,30.7,2190720.0,18518.48,Upper middle income,"Middle East, North Africa, Afghanistan & Pakistan",673212.3462345504
Oman,Men,1998,0.304934646118764,Blood Pressure,30.5,2222489.0,20213.02,Upper middle income,"Middle East, North Africa, Afghanistan & Pakistan",677713.8967178456
Oman,Men,1999,0.302519762098982,Blood Pressure,30.3,2252909.0,21519.67,Upper middle income,"Middle East, North Africa, Afghanistan & Pakistan",681549.4947106554
Oman,Men,2000,0.300102036802142,Blood Pressure,30.0,2282131.0,24186.365,Upper middle income,"Middle East, North Africa, Afghanistan & Pakistan",684872.161349309
Oman,Men,2001,0.297662376307325,Blood Pressure,29.8,2310217.0,26431.1,Upper middle income,"Middle East, North Africa, Afghanistan & Pakistan",687664.6820055795
Oman,Men,2002,0.29516270464283,Blood Pressure,29.5,2337140.0,27141.844,Upper middle income,"Middle East, North Africa, Afghanistan & Pakistan",689836.5635289437
Oman,Men,2003,0.292646978104723,Blood Pressure,29.3,2363796.0,27313.98,Upper middle income,"Middle East, North Africa, Afghanistan & Pakistan",691757.7562560318
Oman,Men,2004,0.290102335729518,Blood Pressure,29.0,2404821.0,28607.084,Upper middle income,"Middle East, North Africa, Afghanistan & Pakistan",697644.1891113952
Oman,Men,2005,0.287534993516816,Blood Pressure,28.8,2459802.0,30392.56,Upper middle income,"Middle East, North Africa, Afghanistan & Pakistan",707279.152122651
Oman,Men,2006,0.284848108860253,Blood Pressure,28.5,2514795.0,33374.895,Upper middle income,"Middle East, North Africa, Afghanistan & Pakistan",716334.59992122
Oman,Men,2007,0.282100399805054,Blood Pressure,28.2,2570174.0,36424.98,High income,"Middle East, North Africa, Afghanistan & Pakistan",725047.112968555
Oman,Men,2008,0.279295789473463,Blood Pressure,27.9,2626529.0,40909.938,High income,"Middle East, North Africa, Afghanistan & Pakistan",733578.4906299453
Oman,Men,2009,0.276348344241545,Blood Pressure,27.6,2684659.0,44244.65,High income,"Middle East, North Africa, Afghanistan & Pakistan",741901.0695031619
Oman,Men,2010,0.273256598094168,Blood Pressure,27.3,2757446.0,46182.16,High income,"Middle East, North Africa, Afghanistan & Pakistan",753490.3133883713
Oman,Men,2011,0.269963084315084,Blood Pressure,27.0,3076763.0,44454.0,High income,"Middle East, North Africa, Afghanistan & Pakistan",830612.4291865308
Oman,Men,2012,0.266769492255617,Blood Pressure,26.7,3547106.0,47427.582,High income,"Middle East, North Africa, Afghanistan & Pakistan",946259.6665968527
Oman,Men,2013,0.263557637233469,Blood Pressure,26.4,3833913.0,48900.758,High income,"Middle East, North Africa, Afghanistan & Pakistan",1010457.0516386807
Oman,Men,2014,0.260311178286291,Blood Pressure,26.0,4002439.0,48528.41,High income,"Middle East, North Africa, Afghanistan & Pakistan",1041879.6121090044
Oman,Men,2015,0.257055730733599,Blood Pressure,25.7,4184895.0,49926.875,High income,"Middle East, North Africa, Afghanistan & Pakistan",1075751.2422683847
Pakistan,Men,1975,0.286230078589609,Blood Pressure,28.6,69461175.0,1559.0,,"Middle East, North Africa, Afghanistan & Pakistan",19881877.579176586
Pakistan,Men,1976,0.285867772022484,Blood Pressure,28.6,71620254.0,1604.0,,"Middle East, North Africa, Afghanistan & Pakistan",20473922.442664396
Pakistan,Men,1977,0.28559697801474,Blood Pressure,28.6,73901827.0,1631.0,,"Middle East, North Africa, Afghanistan & Pakistan",21106138.46096812
Pakistan,Men,1978,0.285354764662452,Blood Pressure,28.5,76307379.0,1720.0,,"Middle East, North Africa, Afghanistan & Pakistan",21774674.176553532
Pakistan,Men,1979,0.285212968147514,Blood Pressure,28.5,78997039.0,1733.0,,"Middle East, North Africa, Afghanistan & Pakistan",22530979.96805492
Pakistan,Men,1980,0.285209235140169,Blood Pressure,28.5,82291010.0,1851.0,,"Middle East, North Africa, Afghanistan & Pakistan",23470156.021011997
Pakistan,Men,1981,0.285319587368503,Blood Pressure,28.5,85802049.0,1924.0,,"Middle East, North Africa, Afghanistan & Pakistan",24481005.216052074
Pakistan,Men,1982,0.28545907218933,Blood Pressure,28.5,89089246.0,2002.0,,"Middle East, North Africa, Afghanistan & Pakistan",25431333.505206976
Pakistan,Men,1983,0.285569517424912,Blood Pressure,28.6,92227711.0,2077.0,,"Middle East, North Africa, Afghanistan & Pakistan",26337422.92347425
Pakistan,Men,1984,0.285710153174131,Blood Pressure,28.6,95164936.0,2106.0,,"Middle East, North Africa, Afghanistan & Pakistan",27189588.441366374
Pakistan,Men,1985,0.285882667355072,Blood Pressure,28.6,98229285.0,2230.0,,"Middle East, North Africa, Afghanistan & Pakistan",28082050.008181565
Pakistan,Men,1986,0.286115691617991,Blood Pressure,28.6,101606764.0,2302.0,,"Middle East, North Africa, Afghanistan & Pakistan",29071289.55492599
Pakistan,Men,1987,0.286442479782485,Blood Pressure,28.6,105130717.0,2364.0,Low income,"Middle East, North Africa, Afghanistan & Pakistan",30113903.278790653
Pakistan,Men,1988,0.286833177131125,Blood Pressure,28.7,108724739.0,2442.0,Low income,"Middle East, North Africa, Afghanistan & Pakistan",31185862.320122335
Pakistan,Men,1989,0.287175105377902,Blood Pressure,28.7,112336629.0,2487.0,Low income,"Middle East, North Africa, Afghanistan & Pakistan",32260283.27087328
Pakistan,Men,1990,0.28754477791011,Blood Pressure,28.8,116155576.0,2531.0,Low income,"Middle East, North Africa, Afghanistan & Pakistan",33399929.303940903
Pakistan,Men,1991,0.288014040246298,Blood Pressure,28.8,120060406.0,2644.5742,Low income,"Middle East, North Africa, Afghanistan & Pakistan",34579082.60567088
Pakistan,Men,1992,0.288558433948849,Blood Pressure,28.9,123546848.0,2732.3816,Low income,"Middle East, North Africa, Afghanistan & Pakistan",35650484.97819649
Pakistan,Men,1993,0.289204113515624,Blood Pressure,28.9,127020117.0,2777.332,Low income,"Middle East, North Africa, Afghanistan & Pakistan",36734740.33563584
Pakistan,Men,1994,0.289956087376126,Blood Pressure,29.0,130748083.0,2855.9062,Low income,"Middle East, North Africa, Afghanistan & Pakistan",37911202.578608975
Pakistan,Men,1995,0.290807958207248,Blood Pressure,29.1,134582253.0,2947.6826,Low income,"Middle East, North Africa, Afghanistan & Pakistan",39137590.20586127
Pakistan,Men,1996,0.291705754828863,Blood Pressure,29.2,138557092.0,2979.808,Low income,"Middle East, North Africa, Afghanistan & Pakistan",40417901.10875222
Pakistan,Men,1997,0.292705098992895,Blood Pressure,29.3,142531804.0,2986.7056,Low income,"Middle East, North Africa, Afghanistan & Pakistan",41719785.7994559
Pakistan,Men,1998,0.293724080002737,Blood Pressure,29.4,146522356.0,3035.4517,Low income,"Middle East, North Africa, Afghanistan & Pakistan",43037144.21593351
Pakistan,Men,1999,0.294779012902371,Blood Pressure,29.5,150565377.0,3111.9585,Low income,"Middle East, North Africa, Afghanistan & Pakistan",44383513.20933336
Pakistan,Men,2000,0.295871251225969,Blood Pressure,29.6,154879127.0,3154.5115,Low income,"Middle East, North Africa, Afghanistan & Pakistan",45824281.094275765
Pakistan,Men,2001,0.297076750752921,Blood Pressure,29.7,159270907.0,3176.9468,Low income,"Middle East, North Africa, Afghanistan & Pakistan",47315683.54103066
Pakistan,Men,2002,0.298362068002455,Blood Pressure,29.8,163222549.0,3265.6865,Low income,"Middle East, North Africa, Afghanistan & Pakistan",48699417.26427205
Pakistan,Men,2003,0.29969169122539,Blood Pressure,30.0,167110248.0,3437.992,Low income,"Middle East, North Africa, Afghanistan & Pakistan",50081552.84421435
Pakistan,Men,2004,0.301111735250171,Blood Pressure,30.1,171286000.0,3664.5334,Low income,"Middle East, North Africa, Afghanistan & Pakistan",51576224.68406079
Pakistan,Men,2005,0.302520856415713,Blood Pressure,30.3,175453212.0,3883.9346,Low income,"Middle East, North Africa, Afghanistan & Pakistan",53078255.95512766
Pakistan,Men,2006,0.303990297870082,Blood Pressure,30.4,179682690.0,4062.6665,Low income,"Middle East, North Africa, Afghanistan & Pakistan",54621794.45519761
Pakistan,Men,2007,0.305389298326123,Blood Pressure,30.5,184493231.0,4160.365,Low income,"Middle East, North Africa, Afghanistan & Pakistan",56342258.36100932
Pakistan,Men,2008,0.306761558991393,Blood Pressure,30.7,189499113.0,4224.405,Lower middle income,"Middle East, North Africa, Afghanistan & Pakistan",58131043.33136615
Pakistan,Men,2009,0.308040685585609,Blood Pressure,30.8,194376534.0,4288.462,Lower middle income,"Middle East, North Africa, Afghanistan & Pakistan",59875880.795114435
Pakistan,Men,2010,0.309317177065645,Blood Pressure,30.9,199239047.0,4354.267,Lower middle income,"Middle East, North Africa, Afghanistan & Pakistan",61628059.57928936
Pakistan,Men,2011,0.310492893924895,Blood Pressure,31.0,203746065.0,4464.0,Lower middle income,"Middle East, North Africa, Afghanistan & Pakistan",63261705.34765976
Pakistan,Men,2012,0.31168288975601,Blood Pressure,31.2,207667125.0,4538.3457,Lower middle income,"Middle East, North Africa, Afghanistan & Pakistan",64726289.62732255
Pakistan,Men,2013,0.312812516195019,Blood Pressure,31.3,211073978.0,4638.1616,Lower middle income,"Middle East, North Africa, Afghanistan & Pakistan",66026582.16147208
Pakistan,Men,2014,0.313877106309214,Blood Pressure,31.4,214264647.0,4750.878,Lower middle income,"Middle East, North Africa, Afghanistan & Pakistan",67252767.38472521
Pakistan,Men,2015,0.31486685845057,Blood Pressure,31.5,217290883.0,4889.915,Lower middle income,"Middle East, North Africa, Afghanistan & Pakistan",68417697.70016037
Qatar,Men,1975,0.421378648579169,Blood Pressure,42.1,193087.0,54866.0,,"Middle East, North Africa, Afghanistan & Pakistan",81362.73911820601
Qatar,Men,1976,0.416109080812994,Blood Pressure,41.6,209052.0,55169.0,,"Middle East, North Africa, Afghanistan & Pakistan",86988.43556211803
Qatar,Men,1977,0.410819687469642,Blood Pressure,41.1,225285.0,45999.0,,"Middle East, North Africa, Afghanistan & Pakistan",92551.5132915983
Qatar,Men,1978,0.405520907464878,Blood Pressure,40.6,241808.0,47072.0,,"Middle East, North Africa, Afghanistan & Pakistan",98058.19959226722
Qatar,Men,1979,0.400263324652317,Blood Pressure,40.0,258670.0,45806.0,,"Middle East, North Africa, Afghanistan & Pakistan",103536.11418781483
Qatar,Men,1980,0.395138687408629,Blood Pressure,39.5,275913.0,45860.0,,"Middle East, North Africa, Afghanistan & Pakistan",109023.90065897706
Qatar,Men,1981,0.390157395876433,Blood Pressure,39.0,293553.0,37307.0,,"Middle East, North Africa, Afghanistan & Pakistan",114531.87403171454
Qatar,Men,1982,0.385321208564792,Blood Pressure,38.5,311537.0,29046.0,,"Middle East, North Africa, Afghanistan & Pakistan",120041.81335264961
Qatar,Men,1983,0.380541887488179,Blood Pressure,38.1,329709.0,23146.0,,"Middle East, North Africa, Afghanistan & Pakistan",125468.08518184001
Qatar,Men,1984,0.375812301125551,Blood Pressure,37.6,347878.0,20354.0,,"Middle East, North Africa, Afghanistan & Pakistan",130736.83169095442
Qatar,Men,1985,0.371009350933149,Blood Pressure,37.1,365940.0,16558.0,,"Middle East, North Africa, Afghanistan & Pakistan",135767.16188047655
Qatar,Men,1986,0.366197586368915,Blood Pressure,36.6,382422.0,12881.0,,"Middle East, North Africa, Afghanistan & Pakistan",140042.0133743732
Qatar,Men,1987,0.361371432500194,Blood Pressure,36.1,397005.0,12819.0,High income,"Middle East, North Africa, Afghanistan & Pakistan",143466.26555973952
Qatar,Men,1988,0.356490035485041,Blood Pressure,35.6,411264.0,12492.0,High income,"Middle East, North Africa, Afghanistan & Pakistan",146611.5179537199
Qatar,Men,1989,0.351524465051597,Blood Pressure,35.2,425646.0,12137.0,High income,"Middle East, North Africa, Afghanistan & Pakistan",149624.98245135206
Qatar,Men,1990,0.346422178061885,Blood Pressure,34.6,440175.0,11705.0,High income,"Middle East, North Africa, Afghanistan & Pakistan",152486.38222839023
Qatar,Men,1991,0.34119482040851,Blood Pressure,34.1,454853.0,12417.643,High income,"Middle East, North Africa, Afghanistan & Pakistan",155193.487647272
Qatar,Men,1992,0.335959832992225,Blood Pressure,33.6,469657.0,15042.123,High income,"Middle East, North Africa, Afghanistan & Pakistan",157785.88728362942
Qatar,Men,1993,0.330832698738215,Blood Pressure,33.1,484545.0,16221.046,High income,"Middle East, North Africa, Afghanistan & Pakistan",160303.3300101084
Qatar,Men,1994,0.325834013329486,Blood Pressure,32.6,499459.0,17955.314,High income,"Middle East, North Africa, Afghanistan & Pakistan",162740.73046353177
Qatar,Men,1995,0.320977350501863,Blood Pressure,32.1,514325.0,19959.703,High income,"Middle East, North Africa, Afghanistan & Pakistan",165086.6757968707
Qatar,Men,1996,0.316204634777663,Blood Pressure,31.6,529019.0,22395.264,High income,"Middle East, North Africa, Afghanistan & Pakistan",167278.2596854445
Qatar,Men,1997,0.311571155210615,Blood Pressure,31.2,550500.0,30989.15,High income,"Middle East, North Africa, Afghanistan & Pakistan",171519.92094344358
Qatar,Men,1998,0.307027374998129,Blood Pressure,30.7,580540.0,36448.055,High income,"Middle East, North Africa, Afghanistan & Pakistan",178241.6722814138
Qatar,Men,1999,0.302558165870012,Blood Pressure,30.3,612500.0,40135.176,High income,"Middle East, North Africa, Afghanistan & Pakistan",185316.87659538235
Qatar,Men,2000,0.29818379852764,Blood Pressure,29.8,644989.0,45788.12,High income,"Middle East, North Africa, Afghanistan & Pakistan",192325.27002854398
Qatar,Men,2001,0.293814124384847,Blood Pressure,29.4,677925.0,50525.707,High income,"Middle East, North Africa, Afghanistan & Pakistan",199183.9402735974
Qatar,Men,2002,0.289400942528856,Blood Pressure,28.9,711205.0,57541.1,High income,"Middle East, North Africa, Afghanistan & Pakistan",205823.39733123503
Qatar,Men,2003,0.284970656112693,Blood Pressure,28.5,744682.0,62234.215,High income,"Middle East, North Africa, Afghanistan & Pakistan",212212.51813531245
Qatar,Men,2004,0.280498571268471,Blood Pressure,28.0,773332.0,74372.93,High income,"Middle East, North Africa, Afghanistan & Pakistan",216918.52111618922
Qatar,Men,2005,0.275973456469836,Blood Pressure,27.6,825408.0,76808.42,High income,"Middle East, North Africa, Afghanistan & Pakistan",227790.6987578544
Qatar,Men,2006,0.27135223314893,Blood Pressure,27.1,972831.0,90120.92,High income,"Middle East, North Africa, Afghanistan & Pakistan",263979.8643265067
Qatar,Men,2007,0.266712053390613,Blood Pressure,26.7,1208595.0,97912.69,High income,"Middle East, North Africa, Afghanistan & Pakistan",322346.8541676279
Qatar,Men,2008,0.262049117768645,Blood Pressure,26.2,1426938.0,107402.055,High income,"Middle East, North Africa, Afghanistan & Pakistan",373927.8440105547
Qatar,Men,2009,0.257359469205399,Blood Pressure,25.7,1608903.0,115283.414,High income,"Middle East, North Africa, Afghanistan & Pakistan",414066.42208297405
Qatar,Men,2010,0.252623918939247,Blood Pressure,25.3,1616832.0,134802.78,High income,"Middle East, North Africa, Afghanistan & Pakistan",408450.43610638066
Qatar,Men,2011,0.247787502455006,Blood Pressure,24.8,1624761.0,155533.0,High income,"Middle East, North Africa, Afghanistan & Pakistan",402595.470276298
Qatar,Men,2012,0.243115263350764,Blood Pressure,24.3,1722438.0,154339.81,High income,"Middle East, North Africa, Afghanistan & Pakistan",418750.96797536325
Qatar,Men,2013,0.238541616119086,Blood Pressure,23.9,1916426.0,155657.12,High income,"Middle East, North Africa, Afghanistan & Pakistan",457147.35521263554
Qatar,Men,2014,0.234027762763957,Blood Pressure,23.4,2151745.0,157712.9,High income,"Middle East, North Africa, Afghanistan & Pakistan",503568.0683885307
Qatar,Men,2015,0.229631615859162,Blood Pressure,23.0,2344557.0,159800.19,High income,"Middle East, North Africa, Afghanistan & Pakistan",538384.4123839093
Saudi Arabia,Men,1975,0.321901793545545,Blood Pressure,32.2,4556287.0,18788.0,,"Middle East, North Africa, Afghanistan & Pakistan",1466676.9572082506
Saudi Arabia,Men,1976,0.324059130921004,Blood Pressure,32.4,4807933.0,19297.0,,"Middle East, North Africa, Afghanistan & Pakistan",1558054.5895064157
Saudi Arabia,Men,1977,0.325775230576659,Blood Pressure,32.6,5083048.0,20824.0,,"Middle East, North Africa, Afghanistan & Pakistan",1655931.1342322256
Saudi Arabia,Men,1978,0.327231250305471,Blood Pressure,32.7,5381902.0,20593.0,,"Middle East, North Africa, Afghanistan & Pakistan",1761126.520481515
Saudi Arabia,Men,1979,0.328366552278935,Blood Pressure,32.8,5703698.0,20472.0,,"Middle East, North Africa, Afghanistan & Pakistan",1872903.647500257
Saudi Arabia,Men,1980,0.329657580632434,Blood Pressure,33.0,6047997.0,21068.0,,"Middle East, North Africa, Afghanistan & Pakistan",1993768.058692219
Saudi Arabia,Men,1981,0.330889000831556,Blood Pressure,33.1,6420551.0,21393.0,,"Middle East, North Africa, Afghanistan & Pakistan",2124489.7051780475
Saudi Arabia,Men,1982,0.331910393861005,Blood Pressure,33.2,6824486.0,20535.0,,"Middle East, North Africa, Afghanistan & Pakistan",2265117.8361589145
Saudi Arabia,Men,1983,0.332724362951825,Blood Pressure,33.3,7252941.0,17315.0,,"Middle East, North Africa, Afghanistan & Pakistan",2413230.1737521724
Saudi Arabia,Men,1984,0.333238969633689,Blood Pressure,33.3,7697307.0,16343.0,,"Middle East, North Africa, Afghanistan & Pakistan",2565042.6536341817
Saudi Arabia,Men,1985,0.333565025488461,Blood Pressure,33.4,8151779.0,14422.0,,"Middle East, North Africa, Afghanistan & Pakistan",2719148.3699113014
Saudi Arabia,Men,1986,0.333588241465275,Blood Pressure,33.4,8628639.0,12897.0,,"Middle East, North Africa, Afghanistan & Pakistan",2878412.510248689
Saudi Arabia,Men,1987,0.333210067496298,Blood Pressure,33.3,9130194.0,12919.0,High income,"Middle East, North Africa, Afghanistan & Pakistan",3042272.558994295
Saudi Arabia,Men,1988,0.332302148557518,Blood Pressure,33.2,9629165.0,12795.0,High income,"Middle East, North Africa, Afghanistan & Pakistan",3199792.2183148526
Saudi Arabia,Men,1989,0.330915484278734,Blood Pressure,33.1,10128394.0,12758.0,High income,"Middle East, North Africa, Afghanistan & Pakistan",3351642.405475824
Saudi Arabia,Men,1990,0.328943100688426,Blood Pressure,32.9,10640691.0,14335.0,Upper middle income,"Middle East, North Africa, Afghanistan & Pakistan",3500181.8910074285
Saudi Arabia,Men,1991,0.326594831443214,Blood Pressure,32.7,11160744.0,16830.412,Upper middle income,"Middle East, North Africa, Afghanistan & Pakistan",3645041.305460862
Saudi Arabia,Men,1992,0.323791574080762,Blood Pressure,32.4,11686676.0,17905.28,Upper middle income,"Middle East, North Africa, Afghanistan & Pakistan",3784047.217811863
Saudi Arabia,Men,1993,0.320500441962116,Blood Pressure,32.1,12215862.0,18101.092,Upper middle income,"Middle East, North Africa, Afghanistan & Pakistan",3915189.1699482184
Saudi Arabia,Men,1994,0.316887822355697,Blood Pressure,31.7,12750040.0,18678.932,Upper middle income,"Middle East, North Africa, Afghanistan & Pakistan",4040332.4105480313
Saudi Arabia,Men,1995,0.313250749564214,Blood Pressure,31.3,13289245.0,19223.332,Upper middle income,"Middle East, North Africa, Afghanistan & Pakistan",4162865.957392483
Saudi Arabia,Men,1996,0.309711638545061,Blood Pressure,31.0,13831009.0,20280.494,Upper middle income,"Middle East, North Africa, Afghanistan & Pakistan",4283624.460121485
Saudi Arabia,Men,1997,0.306214678704768,Blood Pressure,30.6,14374943.0,21087.428,Upper middle income,"Middle East, North Africa, Afghanistan & Pakistan",4401818.552144353
Saudi Arabia,Men,1998,0.302783342336049,Blood Pressure,30.3,14922185.0,22310.918,Upper middle income,"Middle East, North Africa, Afghanistan & Pakistan",4518189.049256855
Saudi Arabia,Men,1999,0.299637877646666,Blood Pressure,30.0,15472075.0,22058.572,Upper middle income,"Middle East, North Africa, Afghanistan & Pakistan",4636019.71579004
Saudi Arabia,Men,2000,0.296710995000628,Blood Pressure,29.7,16177722.0,23904.516,Upper middle income,"Middle East, North Africa, Afghanistan & Pakistan",4800107.991463549
Saudi Arabia,Men,2001,0.293836122288439,Blood Pressure,29.4,17041397.0,24191.996,Upper middle income,"Middle East, North Africa, Afghanistan & Pakistan",5007378.012857837
Saudi Arabia,Men,2002,0.290956751639958,Blood Pressure,29.1,17910910.0,24053.975,Upper middle income,"Middle East, North Africa, Afghanistan & Pakistan",5211300.19251564
Saudi Arabia,Men,2003,0.288096908968227,Blood Pressure,28.8,18786767.0,27367.094,Upper middle income,"Middle East, North Africa, Afghanistan & Pakistan",5412409.502206291
Saudi Arabia,Men,2004,0.285126173257288,Blood Pressure,28.5,19669480.0,30233.512,High income,"Middle East, North Africa, Afghanistan & Pakistan",5608283.562360762
Saudi Arabia,Men,2005,0.282032721759207,Blood Pressure,28.2,20559890.0,32700.332,High income,"Middle East, North Africa, Afghanistan & Pakistan",5798561.735769902
Saudi Arabia,Men,2006,0.27874561713689,Blood Pressure,27.9,21459144.0,34483.043,High income,"Middle East, North Africa, Afghanistan & Pakistan",5981642.33750939
Saudi Arabia,Men,2007,0.275302787406912,Blood Pressure,27.5,22368313.0,36070.316,High income,"Middle East, North Africa, Afghanistan & Pakistan",6158058.9184902655
Saudi Arabia,Men,2008,0.271703603676334,Blood Pressure,27.2,23287877.0,39393.43,High income,"Middle East, North Africa, Afghanistan & Pakistan",6327400.102871214
Saudi Arabia,Men,2009,0.268141284140245,Blood Pressure,26.8,24217654.0,39671.555,High income,"Middle East, North Africa, Afghanistan & Pakistan",6493752.842424141
Saudi Arabia,Men,2010,0.264676364232415,Blood Pressure,26.5,23978487.0,42737.656,High income,"Middle East, North Africa, Afghanistan & Pakistan",6346538.758954227
Saudi Arabia,Men,2011,0.261289433713817,Blood Pressure,26.1,25091867.0,48470.0,High income,"Middle East, North Africa, Afghanistan & Pakistan",6556239.719252413
Saudi Arabia,Men,2012,0.25773166441176,Blood Pressure,25.8,26168861.0,49835.047,High income,"Middle East, North Africa, Afghanistan & Pakistan",6744544.101289994
Saudi Arabia,Men,2013,0.254208301077811,Blood Pressure,25.4,27624004.0,50021.12,High income,"Middle East, North Africa, Afghanistan & Pakistan",7022251.125806656
Saudi Arabia,Men,2014,0.250721979459805,Blood Pressure,25.1,28309273.0,50790.992,High income,"Middle East, North Africa, Afghanistan & Pakistan",7097756.963628013
Saudi Arabia,Men,2015,0.24726473790761,Blood Pressure,24.7,29816382.0,51941.598,High income,"Middle East, North Africa, Afghanistan & Pakistan",7372539.88058318
Syria,Men,1975,0.303566662905204,Blood Pressure,30.4,7554364.0,8878.0,,"Middle East, North Africa, Afghanistan & Pakistan",2293253.0698512085
Syria,Men,1976,0.302092362639703,Blood Pressure,30.2,7817320.0,9526.0,,"Middle East, North Africa, Afghanistan & Pakistan",2361552.668310603
Syria,Men,1977,0.300545894716056,Blood Pressure,30.1,8090501.0,9094.0,,"Middle East, North Africa, Afghanistan & Pakistan",2431566.8617461454
Syria,Men,1978,0.299081302485861,Blood Pressure,29.9,8372759.0,9561.0,,"Middle East, North Africa, Afghanistan & Pakistan",2504135.667120215
Syria,Men,1979,0.297864142220807,Blood Pressure,29.8,8661909.0,9580.0,,"Middle East, North Africa, Afghanistan & Pakistan",2580072.094279688
Syria,Men,1980,0.296809241970593,Blood Pressure,29.7,8957663.0,10374.0,,"Middle East, North Africa, Afghanistan & Pakistan",2658717.164858028
Syria,Men,1981,0.295789525581247,Blood Pressure,29.6,9260189.0,10984.0,,"Middle East, North Africa, Afghanistan & Pakistan",2739066.911102682
Syria,Men,1982,0.294942999557875,Blood Pressure,29.5,9572511.0,10817.0,,"Middle East, North Africa, Afghanistan & Pakistan",2823345.1076407535
Syria,Men,1983,0.294293286378326,Blood Pressure,29.4,9904809.0,10581.0,,"Middle East, North Africa, Afghanistan & Pakistan",2914918.791559621
Syria,Men,1984,0.293866064584162,Blood Pressure,29.4,10258398.0,9792.0,,"Middle East, North Africa, Afghanistan & Pakistan",3014595.049198038
Syria,Men,1985,0.293510267616695,Blood Pressure,29.4,10625672.0,10026.0,,"Middle East, North Africa, Afghanistan & Pakistan",3118743.832327223
Syria,Men,1986,0.293033266115791,Blood Pressure,29.3,11002844.0,9200.0,,"Middle East, North Africa, Afghanistan & Pakistan",3224199.3138825344
Syria,Men,1987,0.292470802173731,Blood Pressure,29.2,11388923.0,9055.0,Lower middle income,"Middle East, North Africa, Afghanistan & Pakistan",3330927.445704855
Syria,Men,1988,0.291744511371478,Blood Pressure,29.2,11782264.0,9913.0,Lower middle income,"Middle East, North Africa, Afghanistan & Pakistan",3437410.853529756
Syria,Men,1989,0.29100819350657,Blood Pressure,29.1,12179060.0,8735.0,Lower middle income,"Middle East, North Africa, Afghanistan & Pakistan",3544206.249208126
Syria,Men,1990,0.290327645396867,Blood Pressure,29.0,12579208.0,9087.0,Lower middle income,"Middle East, North Africa, Afghanistan & Pakistan",3652091.8395974324
Syria,Men,1991,0.289811981530036,Blood Pressure,29.0,12980821.0,9424.123,Lower middle income,"Middle East, North Africa, Afghanistan & Pakistan",3761997.4558967035
Syria,Men,1992,0.289358432764477,Blood Pressure,28.9,13385571.0,10002.276,Lower middle income,"Middle East, North Africa, Afghanistan & Pakistan",3873227.8462176328
Syria,Men,1993,0.288884775793343,Blood Pressure,28.9,13795686.0,10072.486,Lower middle income,"Middle East, North Africa, Afghanistan & Pakistan",3985363.6570253605
Syria,Men,1994,0.288443836516172,Blood Pressure,28.8,14208583.0,9969.374,Lower middle income,"Middle East, North Africa, Afghanistan & Pakistan",4098378.1919784606
Syria,Men,1995,0.28811701259828,Blood Pressure,28.8,14616801.0,9856.483,Lower middle income,"Middle East, North Africa, Afghanistan & Pakistan",4211349.037863552
Syria,Men,1996,0.287783115049965,Blood Pressure,28.8,15018104.0,9517.372,Lower middle income,"Middle East, North Africa, Afghanistan & Pakistan",4321956.751264339
Syria,Men,1997,0.287505794504292,Blood Pressure,28.8,15417542.0,8826.773,Lower middle income,"Middle East, North Africa, Afghanistan & Pakistan",4432632.66201329
Syria,Men,1998,0.287098770310669,Blood Pressure,28.7,15820413.0,8742.974,Lower middle income,"Middle East, North Africa, Afghanistan & Pakistan",4542021.118106922
Syria,Men,1999,0.286390109013421,Blood Pressure,28.6,16228061.0,7960.292,Lower middle income,"Middle East, North Africa, Afghanistan & Pakistan",4647556.1588664455
Syria,Men,2000,0.285395586838159,Blood Pressure,28.5,16637888.0,7668.072,Lower middle income,"Middle East, North Africa, Afghanistan & Pakistan",4748379.809507564
Syria,Men,2001,0.284044478381238,Blood Pressure,28.4,17051338.0,7509.304,Lower middle income,"Middle East, North Africa, Afghanistan & Pakistan",4843338.407912182
Syria,Men,2002,0.282237198545575,Blood Pressure,28.2,17468332.0,7529.7017,Lower middle income,"Middle East, North Africa, Afghanistan & Pakistan",4930213.086944021
Syria,Men,2003,0.280001376047941,Blood Pressure,28.0,17889296.0,6986.524,Lower middle income,"Middle East, North Africa, Afghanistan & Pakistan",5009027.496528927
Syria,Men,2004,0.277539562042177,Blood Pressure,27.8,18336875.0,7051.4287,Lower middle income,"Middle East, North Africa, Afghanistan & Pakistan",5089208.256722145
Syria,Men,2005,0.274926663421517,Blood Pressure,27.5,18814091.0,7037.7183,Lower middle income,"Middle East, North Africa, Afghanistan & Pakistan",5172495.263938792
Syria,Men,2006,0.27235674228589,Blood Pressure,27.2,19637022.0,6901.778,Lower middle income,"Middle East, North Africa, Afghanistan & Pakistan",5348275.340116353
Syria,Men,2007,0.27007160676376,Blood Pressure,27.0,20884125.0,6779.537,Lower middle income,"Middle East, North Africa, Afghanistan & Pakistan",5640209.19460521
Syria,Men,2008,0.267615223200876,Blood Pressure,26.8,21636564.0,6600.379,Lower middle income,"Middle East, North Africa, Afghanistan & Pakistan",5790273.904160039
Syria,Men,2009,0.265248602593626,Blood Pressure,26.5,21976969.0,6586.5186,Lower middle income,"Middle East, North Africa, Afghanistan & Pakistan",5829360.316493438
Syria,Men,2010,0.26291686302106,Blood Pressure,26.3,22482421.0,6520.6123,Lower middle income,"Middle East, North Africa, Afghanistan & Pakistan",5911007.602438803
Syria,Men,2011,0.260641540101774,Blood Pressure,26.1,22878098.0,5979.0,Lower middle income,"Middle East, North Africa, Afghanistan & Pakistan",5962982.697319315
Syria,Men,2012,0.258344140904152,Blood Pressure,25.8,22759763.0,4443.686,Lower middle income,"Middle East, North Africa, Afghanistan & Pakistan",5879851.419417105
Syria,Men,2013,0.256058894305821,Blood Pressure,25.6,21666917.0,3487.681,Lower middle income,"Middle East, North Africa, Afghanistan & Pakistan",5548006.810035996
Syria,Men,2014,0.253737830164384,Blood Pressure,25.4,20273659.0,3384.4143,Lower middle income,"Middle East, North Africa, Afghanistan & Pakistan",5144194.244152635
Syria,Men,2015,0.251418789172701,Blood Pressure,25.1,19424618.0,3464.0376,Lower middle income,"Middle East, North Africa, Afghanistan & Pakistan",4883713.9377022525
Tunisia,Men,1975,0.305638266694865,Blood Pressure,30.6,5839262.0,3899.0,,"Middle East, North Africa, Afghanistan & Pakistan",1784701.9164571906
Tunisia,Men,1976,0.304898530842321,Blood Pressure,30.5,5996994.0,4095.0,,"Middle East, North Africa, Afghanistan & Pakistan",1828474.660070214
Tunisia,Men,1977,0.304170076861621,Blood Pressure,30.4,6155931.0,4132.0,,"Middle East, North Africa, Afghanistan & Pakistan",1872450.0054248355
Tunisia,Men,1978,0.303239611087789,Blood Pressure,30.3,6309390.0,4304.0,,"Middle East, North Africa, Afghanistan & Pakistan",1913256.9698011852
Tunisia,Men,1979,0.302119344570155,Blood Pressure,30.2,6456419.0,4481.0,,"Middle East, North Africa, Afghanistan & Pakistan",1950609.0765502956
Tunisia,Men,1980,0.300751484772278,Blood Pressure,30.1,6606195.0,4693.0,,"Middle East, North Africa, Afghanistan & Pakistan",1986822.954945199
Tunisia,Men,1981,0.299371638743247,Blood Pressure,29.9,6758284.0,4830.0,,"Middle East, North Africa, Afghanistan & Pakistan",2023238.5561722664
Tunisia,Men,1982,0.297893618066542,Blood Pressure,29.8,6908642.0,4713.0,,"Middle East, North Africa, Afghanistan & Pakistan",2058040.361306471
Tunisia,Men,1983,0.2964066665277,Blood Pressure,29.6,7053800.0,4844.0,,"Middle East, North Africa, Afghanistan & Pakistan",2090793.34435309
Tunisia,Men,1984,0.294857750907262,Blood Pressure,29.5,7220044.0,4890.0,,"Middle East, North Africa, Afghanistan & Pakistan",2128885.935291472
Tunisia,Men,1985,0.293217379445505,Blood Pressure,29.3,7409903.0,5039.0,,"Middle East, North Africa, Afghanistan & Pakistan",2172712.339605386
Tunisia,Men,1986,0.291600747026651,Blood Pressure,29.2,7600301.0,4841.0,,"Middle East, North Africa, Afghanistan & Pakistan",2216253.4492274025
Tunisia,Men,1987,0.290017122935147,Blood Pressure,29.0,7789987.0,5043.0,Lower middle income,"Middle East, North Africa, Afghanistan & Pakistan",2259229.6174421967
Tunisia,Men,1988,0.288623605844902,Blood Pressure,28.9,7974440.0,4940.0,Lower middle income,"Middle East, North Africa, Afghanistan & Pakistan",2301611.6273938203
Tunisia,Men,1989,0.287346449502323,Blood Pressure,28.7,8151660.0,5023.0,Lower middle income,"Middle East, North Africa, Afghanistan & Pakistan",2342350.5585501064
Tunisia,Men,1990,0.28598147881905,Blood Pressure,28.6,8324509.0,5316.0,Lower middle income,"Middle East, North Africa, Afghanistan & Pakistan",2380655.3942624913
Tunisia,Men,1991,0.284463554440386,Blood Pressure,28.4,8501827.0,5446.228,Lower middle income,"Middle East, North Africa, Afghanistan & Pakistan",2418459.927657244
Tunisia,Men,1992,0.282949171034989,Blood Pressure,28.3,8682512.0,5789.955,Lower middle income,"Middle East, North Africa, Afghanistan & Pakistan",2456709.5729013444
Tunisia,Men,1993,0.281342066000211,Blood Pressure,28.1,8857910.0,5843.0684,Lower middle income,"Middle East, North Africa, Afghanistan & Pakistan",2492102.699843929
Tunisia,Men,1994,0.279776777091144,Blood Pressure,28.0,9018448.0,5968.8447,Lower middle income,"Middle East, North Africa, Afghanistan & Pakistan",2523152.3158040736
Tunisia,Men,1995,0.278356347826546,Blood Pressure,27.8,9161258.0,6048.7476,Lower middle income,"Middle East, North Africa, Afghanistan & Pakistan",2550094.3183767274
Tunisia,Men,1996,0.276801700990049,Blood Pressure,27.7,9294432.0,6388.394,Lower middle income,"Middle East, North Africa, Afghanistan & Pakistan",2572714.5873363432
Tunisia,Men,1997,0.275170078985738,Blood Pressure,27.5,9421270.0,6680.1035,Lower middle income,"Middle East, North Africa, Afghanistan & Pakistan",2592451.6100459634
Tunisia,Men,1998,0.273404690982568,Blood Pressure,27.3,9541667.0,6944.661,Lower middle income,"Middle East, North Africa, Afghanistan & Pakistan",2608736.5175935663
Tunisia,Men,1999,0.271605929146809,Blood Pressure,27.2,9655963.0,7297.4746,Lower middle income,"Middle East, North Africa, Afghanistan & Pakistan",2622616.802422209
Tunisia,Men,2000,0.269810549883238,Blood Pressure,27.0,9764935.0,7548.438,Lower middle income,"Middle East, North Africa, Afghanistan & Pakistan",2634682.4819240766
Tunisia,Men,2001,0.268195421790379,Blood Pressure,26.8,9869677.0,7848.094,Lower middle income,"Middle East, North Africa, Afghanistan & Pakistan",2647002.1859498024
Tunisia,Men,2002,0.266703873583397,Blood Pressure,26.7,9971515.0,7916.6797,Lower middle income,"Middle East, North Africa, Afghanistan & Pakistan",2659441.6759949466
Tunisia,Men,2003,0.265127179853482,Blood Pressure,26.5,10071632.0,8281.715,Lower middle income,"Middle East, North Africa, Afghanistan & Pakistan",2670263.3886820846
Tunisia,Men,2004,0.263433041462778,Blood Pressure,26.3,10166163.0,8705.084,Lower middle income,"Middle East, North Africa, Afghanistan & Pakistan",2678103.23909636
Tunisia,Men,2005,0.261658210144821,Blood Pressure,26.2,10255472.0,8983.384,Lower middle income,"Middle East, North Africa, Afghanistan & Pakistan",2683428.447710328
Tunisia,Men,2006,0.259723017806407,Blood Pressure,26.0,10346410.0,9420.023,Lower middle income,"Middle East, North Africa, Afghanistan & Pakistan",2687200.8286623876
Tunisia,Men,2007,0.25764734813163,Blood Pressure,25.8,10441702.0,9932.938,Lower middle income,"Middle East, North Africa, Afghanistan & Pakistan",2690276.830280737
Tunisia,Men,2008,0.255500185020214,Blood Pressure,25.6,10542635.0,10294.922,Lower middle income,"Middle East, North Africa, Afghanistan & Pakistan",2693645.1931005837
Tunisia,Men,2009,0.253201553713846,Blood Pressure,25.3,10650681.0,10533.218,Lower middle income,"Middle East, North Africa, Afghanistan & Pakistan",2696768.977310539
Tunisia,Men,2010,0.250726046770819,Blood Pressure,25.1,10765980.0,10721.812,Upper middle income,"Middle East, North Africa, Afghanistan & Pakistan",2699311.605013702
Tunisia,Men,2011,0.247969823572151,Blood Pressure,24.8,10886035.0,10437.0,Upper middle income,"Middle East, North Africa, Afghanistan & Pakistan",2699408.178350261
Tunisia,Men,2012,0.24540052941206,Blood Pressure,24.5,11009647.0,10750.85,Upper middle income,"Middle East, North Africa, Afghanistan & Pakistan",2701773.202439898
Tunisia,Men,2013,0.242846744133872,Blood Pressure,24.3,11141361.0,10881.511,Upper middle income,"Middle East, North Africa, Afghanistan & Pakistan",2705643.2440701
Tunisia,Men,2014,0.240310196376409,Blood Pressure,24.0,11274288.0,11084.781,Upper middle income,"Middle East, North Africa, Afghanistan & Pakistan",2709326.3632841916
Tunisia,Men,2015,0.237806352697968,Blood Pressure,23.8,11402264.0,11063.081,Lower middle income,"Middle East, North Africa, Afghanistan & Pakistan",2711530.8143393435
United Arab Emirates,Men,1975,0.466584628098469,Blood Pressure,46.7,542856.0,40591.0,,"Middle East, North Africa, Afghanistan & Pakistan",253288.2648710225
United Arab Emirates,Men,1976,0.457153273918187,Blood Pressure,45.7,615866.0,40803.0,,"Middle East, North Africa, Afghanistan & Pakistan",281545.15819489816
United Arab Emirates,Men,1977,0.447131269124092,Blood Pressure,44.7,710209.0,41915.0,,"Middle East, North Africa, Afghanistan & Pakistan",317556.6515133523
United Arab Emirates,Men,1978,0.436676570392944,Blood Pressure,43.7,809274.0,35936.0,,"Middle East, North Africa, Afghanistan & Pakistan",353390.99482817936
United Arab Emirates,Men,1979,0.426263246749913,Blood Pressure,42.6,912010.0,39534.0,,"Middle East, North Africa, Afghanistan & Pakistan",388756.34366838814
United Arab Emirates,Men,1980,0.416627150930916,Blood Pressure,41.7,1015700.0,44168.0,,"Middle East, North Africa, Afghanistan & Pakistan",423168.1972005314
United Arab Emirates,Men,1981,0.407656061733432,Blood Pressure,40.8,1099855.0,42456.0,,"Middle East, North Africa, Afghanistan & Pakistan",448362.5577778238
United Arab Emirates,Men,1982,0.399428030355168,Blood Pressure,39.9,1166370.0,36635.0,,"Middle East, North Africa, Afghanistan & Pakistan",465880.87176535727
United Arab Emirates,Men,1983,0.391750679323651,Blood Pressure,39.2,1235305.0,32737.0,,"Middle East, North Africa, Afghanistan & Pakistan",483931.5729219027
United Arab Emirates,Men,1984,0.384412988173491,Blood Pressure,38.4,1305996.0,32135.0,,"Middle East, North Africa, Afghanistan & Pakistan",502041.82490262657
United Arab Emirates,Men,1985,0.377046372726016,Blood Pressure,37.7,1377911.0,29562.0,,"Middle East, North Africa, Afghanistan & Pakistan",519536.3444892774
United Arab Emirates,Men,1986,0.369400263602534,Blood Pressure,36.9,1467383.0,21949.0,,"Middle East, North Africa, Afghanistan & Pakistan",542051.6670058771
United Arab Emirates,Men,1987,0.361778957618448,Blood Pressure,36.2,1574244.0,21487.0,High income,"Middle East, North Africa, Afghanistan & Pakistan",569528.3533570961
United Arab Emirates,Men,1988,0.354262205670051,Blood Pressure,35.4,1681788.0,20215.0,High income,"Middle East, North Africa, Afghanistan & Pakistan",595793.9263494237
United Arab Emirates,Men,1989,0.346522235129239,Blood Pressure,34.7,1789851.0,21072.0,High income,"Middle East, North Africa, Afghanistan & Pakistan",620223.1690683035
United Arab Emirates,Men,1990,0.338905861677327,Blood Pressure,33.9,1898220.0,22254.0,High income,"Middle East, North Africa, Afghanistan & Pakistan",643317.8847531356
United Arab Emirates,Men,1991,0.331607838266745,Blood Pressure,33.2,2006626.0,,High income,"Middle East, North Africa, Afghanistan & Pakistan",665412.9100698455
United Arab Emirates,Men,1992,0.324314922178593,Blood Pressure,32.4,2114730.0,,High income,"Middle East, North Africa, Afghanistan & Pakistan",685838.4953787359
United Arab Emirates,Men,1993,0.31746799770453,Blood Pressure,31.7,2222093.0,25558.756,High income,"Middle East, North Africa, Afghanistan & Pakistan",705443.4154232522
United Arab Emirates,Men,1994,0.311344238193153,Blood Pressure,31.1,2328188.0,28334.582,High income,"Middle East, North Africa, Afghanistan & Pakistan",724867.9192304405
United Arab Emirates,Men,1995,0.305679516997775,Blood Pressure,30.6,2434662.0,31239.918,High income,"Middle East, North Africa, Afghanistan & Pakistan",744226.3042128369
United Arab Emirates,Men,1996,0.30107321791329,Blood Pressure,30.1,2597564.0,34042.742,High income,"Middle East, North Africa, Afghanistan & Pakistan",782056.9522157173
United Arab Emirates,Men,1997,0.297063012733486,Blood Pressure,29.7,2817410.0,38168.465,High income,"Middle East, North Africa, Afghanistan & Pakistan",836948.3027054508
United Arab Emirates,Men,1998,0.293314597358771,Blood Pressure,29.3,3040421.0,39667.793,High income,"Middle East, North Africa, Afghanistan & Pakistan",891799.861416152
United Arab Emirates,Men,1999,0.289750227001895,Blood Pressure,29.0,3266009.0,42372.438,High income,"Middle East, North Africa, Afghanistan & Pakistan",946326.8491402321
United Arab Emirates,Men,2000,0.286256292409561,Blood Pressure,28.6,3493575.0,48888.03,High income,"Middle East, North Africa, Afghanistan & Pakistan",1000057.8267547322
United Arab Emirates,Men,2001,0.282658817208382,Blood Pressure,28.3,3723590.0,51263.375,High income,"Middle East, North Africa, Afghanistan & Pakistan",1052505.545168959
United Arab Emirates,Men,2002,0.279223959127521,Blood Pressure,27.9,3956826.0,54077.47,High income,"Middle East, North Africa, Afghanistan & Pakistan",1104840.6212987124
United Arab Emirates,Men,2003,0.275886014883847,Blood Pressure,27.6,4192457.0,59823.266,High income,"Middle East, North Africa, Afghanistan & Pakistan",1156640.2543018886
United Arab Emirates,Men,2004,0.272125218255849,Blood Pressure,27.2,4428967.0,64925.67,High income,"Middle East, North Africa, Afghanistan & Pakistan",1205233.6115229528
United Arab Emirates,Men,2005,0.268201969831348,Blood Pressure,26.8,4664790.0,65599.055,High income,"Middle East, North Africa, Afghanistan & Pakistan",1251105.8668495738
United Arab Emirates,Men,2006,0.263740264760636,Blood Pressure,26.4,5009100.0,67830.93,High income,"Middle East, North Africa, Afghanistan & Pakistan",1321101.3602125018
United Arab Emirates,Men,2007,0.259481124594215,Blood Pressure,25.9,5624635.0,65412.8,High income,"Middle East, North Africa, Afghanistan & Pakistan",1459486.6152319827
United Arab Emirates,Men,2008,0.255508160671468,Blood Pressure,25.6,6302664.0,63862.086,High income,"Middle East, North Africa, Afghanistan & Pakistan",1610382.085970277
United Arab Emirates,Men,2009,0.251232871348406,Blood Pressure,25.1,6707058.0,58860.535,High income,"Middle East, North Africa, Afghanistan & Pakistan",1685033.4396402973
United Arab Emirates,Men,2010,0.24640370300193,Blood Pressure,24.6,6869838.0,60112.402,High income,"Middle East, North Africa, Afghanistan & Pakistan",1692753.522223373
United Arab Emirates,Men,2011,0.24050675076619,Blood Pressure,24.1,7104538.0,65307.0,High income,"Middle East, North Africa, Afghanistan & Pakistan",1708689.350074926
United Arab Emirates,Men,2012,0.235658934618813,Blood Pressure,23.6,7391448.0,66007.0,High income,"Middle East, North Africa, Afghanistan & Pakistan",1741860.760970356
United Arab Emirates,Men,2013,0.230840682589851,Blood Pressure,23.1,7693031.0,66825.305,High income,"Middle East, North Africa, Afghanistan & Pakistan",1775864.527224884
United Arab Emirates,Men,2014,0.226095547709871,Blood Pressure,22.6,8059440.0,67791.39,High income,"Middle East, North Africa, Afghanistan & Pakistan",1822203.5010348428
United Arab Emirates,Men,2015,0.221451109204372,Blood Pressure,22.1,8505237.0,71319.61,High income,"Middle East, North Africa, Afghanistan & Pakistan",1883494.1676960653
Yemen,Men,1975,0.253531073860608,Blood Pressure,25.4,8133598.0,2844.0,,"Middle East, North Africa, Afghanistan & Pakistan",2062119.8352904937
Yemen,Men,1976,0.25363431901774,Blood Pressure,25.4,8384113.0,3193.0,,"Middle East, North Africa, Afghanistan & Pakistan",2126498.791322781
Yemen,Men,1977,0.25387785419387,Blood Pressure,25.4,8648222.0,3446.0,,"Middle East, North Africa, Afghanistan & Pakistan",2195592.0439522187
Yemen,Men,1978,0.254381797215031,Blood Pressure,25.4,8926586.0,3636.0,,"Middle East, North Africa, Afghanistan & Pakistan",2270760.9896745346
Yemen,Men,1979,0.255154813194547,Blood Pressure,25.5,9224194.0,3733.0,,"Middle East, North Africa, Afghanistan & Pakistan",2353597.4969402617
Yemen,Men,1980,0.256186394247247,Blood Pressure,25.6,9543358.0,3650.0,,"Middle East, North Africa, Afghanistan & Pakistan",2444878.4750306187
Yemen,Men,1981,0.257488879068778,Blood Pressure,25.7,9882362.0,3767.0,,"Middle East, North Africa, Afghanistan & Pakistan",2544598.313931887
Yemen,Men,1982,0.25905029416967,Blood Pressure,25.9,10241006.0,3724.0,,"Middle East, North Africa, Afghanistan & Pakistan",2652935.6168933557
Yemen,Men,1983,0.260892923561154,Blood Pressure,26.1,10621499.0,3827.0,,"Middle East, North Africa, Afghanistan & Pakistan",2771073.9267118736
Yemen,Men,1984,0.26298006279226,Blood Pressure,26.3,11025597.0,3861.0,,"Middle East, North Africa, Afghanistan & Pakistan",2899512.1913821534
Yemen,Men,1985,0.265249308886298,Blood Pressure,26.5,11453825.0,3717.0,,"Middle East, North Africa, Afghanistan & Pakistan",3038119.165354602
Yemen,Men,1986,0.267535252071835,Blood Pressure,26.8,11901040.0,3684.0,,"Middle East, North Africa, Afghanistan & Pakistan",3183947.736316991
Yemen,Men,1987,0.269739675084698,Blood Pressure,27.0,12369912.0,3712.0,,"Middle East, North Africa, Afghanistan & Pakistan",3336656.0437063067
Yemen,Men,1988,0.271784551871567,Blood Pressure,27.2,12859708.0,3747.0,,"Middle East, North Africa, Afghanistan & Pakistan",3495069.9759792057
Yemen,Men,1989,0.273472439112205,Blood Pressure,27.3,13364174.0,3751.0,Lower middle income,"Middle East, North Africa, Afghanistan & Pakistan",3654733.260499913
Yemen,Men,1990,0.274932065882438,Blood Pressure,27.5,13887862.0,3622.0,Lower middle income,"Middle East, North Africa, Afghanistan & Pakistan",3818218.5903502074
Yemen,Men,1991,0.276247924569042,Blood Pressure,27.6,14430201.0,3661.9236,Low income,"Middle East, North Africa, Afghanistan & Pakistan",3986313.0773641146
Yemen,Men,1992,0.277389041150127,Blood Pressure,27.7,14989494.0,3759.7183,Low income,"Middle East, North Africa, Afghanistan & Pakistan",4157921.367985582
Yemen,Men,1993,0.278386157502232,Blood Pressure,27.8,15563914.0,3712.341,Low income,"Middle East, North Africa, Afghanistan & Pakistan",4332778.214155193
Yemen,Men,1994,0.279261290913961,Blood Pressure,27.9,16149147.0,3775.0696,Low income,"Middle East, North Africa, Afghanistan & Pakistan",4509831.6383793205
Yemen,Men,1995,0.280091409857954,Blood Pressure,28.0,16740058.0,3823.3188,Low income,"Middle East, North Africa, Afghanistan & Pakistan",4688746.446323922
Yemen,Men,1996,0.280975819089133,Blood Pressure,28.1,17313177.0,3855.572,Low income,"Middle East, North Africa, Afghanistan & Pakistan",4864584.088610139
Yemen,Men,1997,0.28205990135106,Blood Pressure,28.2,17873936.0,3927.6804,Low income,"Middle East, North Africa, Afghanistan & Pakistan",5041520.62491516
Yemen,Men,1998,0.283196357050578,Blood Pressure,28.3,18446013.0,4044.1484,Low income,"Middle East, North Africa, Afghanistan & Pakistan",5223843.683707603
Yemen,Men,1999,0.284405962363412,Blood Pressure,28.4,19029420.0,4080.2185,Low income,"Middle East, North Africa, Afghanistan & Pakistan",5412080.508317559
Yemen,Men,2000,0.285640360738752,Blood Pressure,28.6,19624141.0,4212.1055,Low income,"Middle East, North Africa, Afghanistan & Pakistan",5605446.714428133
Yemen,Men,2001,0.286939754121943,Blood Pressure,28.7,20226147.0,4249.0337,Low income,"Middle East, North Africa, Afghanistan & Pakistan",5803685.647014275
Yemen,Men,2002,0.288238537673527,Blood Pressure,28.8,20835086.0,4292.0986,Low income,"Middle East, North Africa, Afghanistan & Pakistan",6005474.720942174
Yemen,Men,2003,0.289531795181109,Blood Pressure,29.0,21456379.0,4326.5103,Low income,"Middle East, North Africa, Afghanistan & Pakistan",6212303.929956248
Yemen,Men,2004,0.29078316616789,Blood Pressure,29.1,22095167.0,4371.3955,Low income,"Middle East, North Africa, Afghanistan & Pakistan",6424902.61726828
Yemen,Men,2005,0.291999208437563,Blood Pressure,29.2,22790085.0,4485.583,Low income,"Middle East, North Africa, Afghanistan & Pakistan",6654686.780224778
Yemen,Men,2006,0.29312238820324,Blood Pressure,29.3,23543083.0,4497.2593,Low income,"Middle East, North Africa, Afghanistan & Pakistan",6901004.7146271
Yemen,Men,2007,0.294080084428588,Blood Pressure,29.4,24318082.0,4516.1436,Low income,"Middle East, North Africa, Afghanistan & Pakistan",7151463.607701327
Yemen,Men,2008,0.294920661309137,Blood Pressure,29.5,25111941.0,4549.009,Low income,"Middle East, North Africa, Afghanistan & Pakistan",7406030.246476032
Yemen,Men,2009,0.295630934859582,Blood Pressure,29.6,25927724.0,4593.5425,Lower middle income,"Middle East, North Africa, Afghanistan & Pakistan",7665037.28490122
Yemen,Men,2010,0.296269704087071,Blood Pressure,29.6,26754387.0,4812.345,Lower middle income,"Middle East, North Africa, Afghanistan & Pakistan",7926514.319520979
Yemen,Men,2011,0.296869991696743,Blood Pressure,29.7,27582897.0,4088.0,Lower middle income,"Middle East, North Africa, Afghanistan & Pakistan",8188534.403362118
Yemen,Men,2012,0.297430915595136,Blood Pressure,29.7,28433647.0,4064.3423,Lower middle income,"Middle East, North Africa, Afghanistan & Pakistan",8457045.660918891
Yemen,Men,2013,0.297959729225078,Blood Pressure,29.8,29312952.0,4139.823,Lower middle income,"Middle East, North Africa, Afghanistan & Pakistan",8734079.240707709
Yemen,Men,2014,0.298410592055659,Blood Pressure,29.8,30226309.0,4019.4,Lower middle income,"Middle East, North Africa, Afghanistan & Pakistan",9019850.764347294
Yemen,Men,2015,0.298834001631725,Blood Pressure,29.9,31159379.0,2820.6172,Lower middle income,"Middle East, North Africa, Afghanistan & Pakistan",9311481.914929539
Afghanistan,Women,1975,0.232129292729591,Blood Pressure,23.2,12773954.0,1074.0,,"Middle East, North Africa, Afghanistan & Pakistan",2965208.90738033
Afghanistan,Women,1976,0.234490405054535,Blood Pressure,23.4,13059851.0,1105.0,,"Middle East, North Africa, Afghanistan & Pakistan",3062409.750941874
Afghanistan,Women,1977,0.236886572550009,Blood Pressure,23.7,13340756.0,1022.0,,"Middle East, North Africa, Afghanistan & Pakistan",3160245.964065968
Afghanistan,Women,1978,0.239349427491093,Blood Pressure,23.9,13611441.0,1070.0,,"Middle East, North Africa, Afghanistan & Pakistan",3257890.6106787906
Afghanistan,Women,1979,0.241853197166016,Blood Pressure,24.2,13655567.0,1023.0,,"Middle East, North Africa, Afghanistan & Pakistan",3302642.5380647415
Afghanistan,Women,1980,0.244302553685122,Blood Pressure,24.4,13169311.0,1019.0,,"Middle East, North Africa, Afghanistan & Pakistan",3217296.3075735676
Afghanistan,Women,1981,0.246690527196629,Blood Pressure,24.7,11937581.0,1144.0,,"Middle East, North Africa, Afghanistan & Pakistan",2944888.1503424617
Afghanistan,Women,1982,0.249009078035086,Blood Pressure,24.9,10991378.0,1270.0,,"Middle East, North Africa, Afghanistan & Pakistan",2736952.9021151275
Afghanistan,Women,1983,0.251288786613624,Blood Pressure,25.1,10917982.0,1347.0,,"Middle East, North Africa, Afghanistan & Pakistan",2743566.449049388
Afghanistan,Women,1984,0.253548073926945,Blood Pressure,25.4,11190221.0,1337.0,,"Middle East, North Africa, Afghanistan & Pakistan",2837258.9813668523
Afghanistan,Women,1985,0.255721602664876,Blood Pressure,25.6,11426852.0,1304.0,,"Middle East, North Africa, Afghanistan & Pakistan",2922092.9068543436
Afghanistan,Women,1986,0.257775136027097,Blood Pressure,25.8,11420074.0,1344.0,,"Middle East, North Africa, Afghanistan & Pakistan",2943811.128789514
Afghanistan,Women,1987,0.259831230380326,Blood Pressure,26.0,11387818.0,1211.0,Low income,"Middle East, North Africa, Afghanistan & Pakistan",2958910.7622872232
Afghanistan,Women,1988,0.261881248947544,Blood Pressure,26.2,11523298.0,1101.0,Low income,"Middle East, North Africa, Afghanistan & Pakistan",3017735.672234736
Afghanistan,Women,1989,0.263909983356313,Blood Pressure,26.4,11874088.0,999.0,Low income,"Middle East, North Africa, Afghanistan & Pakistan",3133690.3664513957
Afghanistan,Women,1990,0.26593506096597,Blood Pressure,26.6,12045660.0,963.0,Low income,"Middle East, North Africa, Afghanistan & Pakistan",3203363.3264753465
Afghanistan,Women,1991,0.267940877021631,Blood Pressure,26.8,12238879.0,881.1704,Low income,"Middle East, North Africa, Afghanistan & Pakistan",3279295.9730216223
Afghanistan,Women,1992,0.269918242454748,Blood Pressure,27.0,13278974.0,843.87537,Low income,"Middle East, North Africa, Afghanistan & Pakistan",3584237.3236822947
Afghanistan,Women,1993,0.271889886843653,Blood Pressure,27.2,14943172.0,578.4028,Low income,"Middle East, North Africa, Afghanistan & Pakistan",4062897.344165244
Afghanistan,Women,1994,0.273891854102316,Blood Pressure,27.4,16250794.0,428.42456,Low income,"Middle East, North Africa, Afghanistan & Pakistan",4450960.099294792
Afghanistan,Women,1995,0.275903059229911,Blood Pressure,27.6,17065836.0,632.94037,Low income,"Middle East, North Africa, Afghanistan & Pakistan",4708516.360715947
Afghanistan,Women,1996,0.277934858193596,Blood Pressure,27.8,17763266.0,600.1753,Low income,"Middle East, North Africa, Afghanistan & Pakistan",4937030.816765125
Afghanistan,Women,1997,0.280022643348163,Blood Pressure,28.0,18452091.0,570.59814,Low income,"Middle East, North Africa, Afghanistan & Pakistan",5167003.297120849
Afghanistan,Women,1998,0.282174156686372,Blood Pressure,28.2,19159996.0,545.03876,Low income,"Middle East, North Africa, Afghanistan & Pakistan",5406455.713414261
Afghanistan,Women,1999,0.284338881682326,Blood Pressure,28.4,19887785.0,518.65784,Low income,"Middle East, North Africa, Afghanistan & Pakistan",5654870.546038538
Afghanistan,Women,2000,0.28643650976504,Blood Pressure,28.6,20130327.0,502.37274,Low income,"Middle East, North Africa, Afghanistan & Pakistan",5766060.606308948
Afghanistan,Women,2001,0.288379699901833,Blood Pressure,28.8,20284307.0,489.682,Low income,"Middle East, North Africa, Afghanistan & Pakistan",5849582.36537665
Afghanistan,Women,2002,0.290255257517804,Blood Pressure,29.0,21378117.0,796.8166,Low income,"Middle East, North Africa, Afghanistan & Pakistan",6205110.855080743
Afghanistan,Women,2003,0.292035120054205,Blood Pressure,29.2,22733049.0,842.8052,Low income,"Middle East, North Africa, Afghanistan & Pakistan",6638848.693913125
Afghanistan,Women,2004,0.293712898800317,Blood Pressure,29.4,23560654.0,869.03925,Low income,"Middle East, North Africa, Afghanistan & Pakistan",6920067.983971284
Afghanistan,Women,2005,0.295294500640946,Blood Pressure,29.5,24404567.0,964.4081,Low income,"Middle East, North Africa, Afghanistan & Pakistan",7206534.425623509
Afghanistan,Women,2006,0.296757212798508,Blood Pressure,29.7,25424094.0,1057.0966,Low income,"Middle East, North Africa, Afghanistan & Pakistan",7544783.27336727
Afghanistan,Women,2007,0.298084102965328,Blood Pressure,29.8,25909852.0,1259.9967,Low income,"Middle East, North Africa, Afghanistan & Pakistan",7723314.991384409
Afghanistan,Women,2008,0.299346195097843,Blood Pressure,29.9,26482622.0,1319.6074,Low income,"Middle East, North Africa, Afghanistan & Pakistan",7927472.131914429
Afghanistan,Women,2009,0.300581855852824,Blood Pressure,30.1,27466101.0,1557.3207,Low income,"Middle East, North Africa, Afghanistan & Pakistan",8255811.611621105
Afghanistan,Women,2010,0.30175719818173,Blood Pressure,30.2,28284089.0,1627.6716,Low income,"Middle East, North Africa, Afghanistan & Pakistan",8534927.44976269
Afghanistan,Women,2011,0.302876199950426,Blood Pressure,30.3,29347708.0,1792.0,Low income,"Middle East, North Africa, Afghanistan & Pakistan",8888722.276294716
Afghanistan,Women,2012,0.303966959600023,Blood Pressure,30.4,30560034.0,1945.0,Low income,"Middle East, North Africa, Afghanistan & Pakistan",9289240.62025333
Afghanistan,Women,2013,0.305002284135813,Blood Pressure,30.5,31622704.0,2025.0,Low income,"Middle East, North Africa, Afghanistan & Pakistan",9644996.950550709
Afghanistan,Women,2014,0.305987670627342,Blood Pressure,30.6,32792523.0,2022.0,Low income,"Middle East, North Africa, Afghanistan & Pakistan",10034107.726763537
Afghanistan,Women,2015,0.306917858284094,Blood Pressure,30.7,33831764.0,1928.0,Low income,"Middle East, North Africa, Afghanistan & Pakistan",10383572.548852913
Algeria,Women,1975,0.320920269638763,Blood Pressure,32.1,15678596.0,4020.0,,"Middle East, North Africa, Afghanistan & Pakistan",5031579.255877231
Algeria,Women,1976,0.321125024012253,Blood Pressure,32.1,16409170.0,4157.0,,"Middle East, North Africa, Afghanistan & Pakistan",5269395.110271142
Algeria,Women,1977,0.321423644734425,Blood Pressure,32.1,17015994.0,4398.0,,"Middle East, North Africa, Afghanistan & Pakistan",5469342.810259107
Algeria,Women,1978,0.321851689805684,Blood Pressure,32.2,17506974.0,4812.0,,"Middle East, North Africa, Afghanistan & Pakistan",5634649.165284175
Algeria,Women,1979,0.322328141731372,Blood Pressure,32.2,18036655.0,5088.0,,"Middle East, North Africa, Afghanistan & Pakistan",5813721.489199859
Algeria,Women,1980,0.322827138132528,Blood Pressure,32.3,18607174.0,5024.0,,"Middle East, North Africa, Afghanistan & Pakistan",6006900.731153984
Algeria,Women,1981,0.323417998301279,Blood Pressure,32.3,19220704.0,4991.0,,"Middle East, North Africa, Afghanistan & Pakistan",6216321.613621386
Algeria,Women,1982,0.324004561960088,Blood Pressure,32.4,19872348.0,5145.0,,"Middle East, North Africa, Afghanistan & Pakistan",6438731.408858431
Algeria,Women,1983,0.324676971675037,Blood Pressure,32.5,20558115.0,5243.0,,"Middle East, North Africa, Afghanistan & Pakistan",6674746.521547154
Algeria,Women,1984,0.325274029875187,Blood Pressure,32.5,21271969.0,5361.0,,"Middle East, North Africa, Afghanistan & Pakistan",6919219.080010052
Algeria,Women,1985,0.325759111790356,Blood Pressure,32.6,22008544.0,5469.0,,"Middle East, North Africa, Afghanistan & Pakistan",7169483.745238969
Algeria,Women,1986,0.326075164622149,Blood Pressure,32.6,22745499.0,5262.0,,"Middle East, North Africa, Afghanistan & Pakistan",7416742.330837926
Algeria,Women,1987,0.32623165732949,Blood Pressure,32.6,23443624.0,5088.0,Upper middle income,"Middle East, North Africa, Afghanistan & Pakistan",7648052.311329408
Algeria,Women,1988,0.326167717827573,Blood Pressure,32.6,24109536.0,4850.0,Upper middle income,"Middle East, North Africa, Afghanistan & Pakistan",7863752.335001713
Algeria,Women,1989,0.325844049654358,Blood Pressure,32.6,24754485.0,4889.0,Lower middle income,"Middle East, North Africa, Afghanistan & Pakistan",8066101.63950806
Algeria,Women,1990,0.325332348475744,Blood Pressure,32.5,25375810.0,4697.0,Lower middle income,"Middle East, North Africa, Afghanistan & Pakistan",8255571.8617742695
Algeria,Women,1991,0.324546348472197,Blood Pressure,32.5,25987928.0,4708.232,Lower middle income,"Middle East, North Africa, Afghanistan & Pakistan",8434287.136758365
Algeria,Women,1992,0.323469669316214,Blood Pressure,32.3,26628568.0,4850.223,Lower middle income,"Middle East, North Africa, Afghanistan & Pakistan",8613534.08532432
Algeria,Women,1993,0.32215224994039,Blood Pressure,32.2,27277048.0,4816.924,Lower middle income,"Middle East, North Africa, Afghanistan & Pakistan",8787362.384932015
Algeria,Women,1994,0.320615901578774,Blood Pressure,32.1,27887279.0,4856.9854,Lower middle income,"Middle East, North Africa, Afghanistan & Pakistan",8941105.099163812
Algeria,Women,1995,0.318842148123446,Blood Pressure,31.9,28470191.0,5142.384,Lower middle income,"Middle East, North Africa, Afghanistan & Pakistan",9077496.8559248
Algeria,Women,1996,0.316831041735486,Blood Pressure,31.7,29033044.0,5451.6343,Lower middle income,"Middle East, North Africa, Afghanistan & Pakistan",9198569.5752722
Algeria,Women,1997,0.314669528062089,Blood Pressure,31.5,29579301.0,5638.48,Lower middle income,"Middle East, North Africa, Afghanistan & Pakistan",9307704.686076477
Algeria,Women,1998,0.312280920622083,Blood Pressure,31.2,30054133.0,6069.7773,Lower middle income,"Middle East, North Africa, Afghanistan & Pakistan",9385332.321738526
Algeria,Women,1999,0.309679233323531,Blood Pressure,31.0,30474354.0,6421.5083,Lower middle income,"Middle East, North Africa, Afghanistan & Pakistan",9437274.582749879
Algeria,Women,2000,0.306924459471589,Blood Pressure,30.7,30903893.0,6834.5537,Lower middle income,"Middle East, North Africa, Afghanistan & Pakistan",9485160.654592821
Algeria,Women,2001,0.304005984098034,Blood Pressure,30.4,31331221.0,7218.2456,Lower middle income,"Middle East, North Africa, Afghanistan & Pakistan",9524878.673097989
Algeria,Women,2002,0.300895238309004,Blood Pressure,30.1,31750835.0,7814.8384,Lower middle income,"Middle East, North Africa, Afghanistan & Pakistan",9553675.063834865
Algeria,Women,2003,0.297521975670145,Blood Pressure,29.8,32175818.0,8590.178,Lower middle income,"Middle East, North Africa, Afghanistan & Pakistan",9573012.940163013
Algeria,Women,2004,0.293916432000364,Blood Pressure,29.4,32628286.0,9182.294,Lower middle income,"Middle East, North Africa, Afghanistan & Pakistan",9589989.403407428
Algeria,Women,2005,0.290093652754284,Blood Pressure,29.0,33109249.0,9969.623,Lower middle income,"Middle East, North Africa, Afghanistan & Pakistan",9604782.982361125
Algeria,Women,2006,0.286039682776503,Blood Pressure,28.6,33623506.0,10385.779,Lower middle income,"Middle East, North Africa, Afghanistan & Pakistan",9617656.990073845
Algeria,Women,2007,0.281917875171136,Blood Pressure,28.2,34189416.0,10974.742,Lower middle income,"Middle East, North Africa, Afghanistan & Pakistan",9638607.51206204
Algeria,Women,2008,0.277718337618085,Blood Pressure,27.8,34816961.0,11475.002,Upper middle income,"Middle East, North Africa, Afghanistan & Pakistan",9669308.529833699
Algeria,Women,2009,0.273388837568551,Blood Pressure,27.3,35490445.0,11907.021,Upper middle income,"Middle East, North Africa, Afghanistan & Pakistan",9702691.503340593
Algeria,Women,2010,0.268907494160515,Blood Pressure,26.9,36188236.0,12587.744,Upper middle income,"Middle East, North Africa, Afghanistan & Pakistan",9731287.86084934
Algeria,Women,2011,0.264365798870249,Blood Pressure,26.4,36903376.0,13204.0,Upper middle income,"Middle East, North Africa, Afghanistan & Pakistan",9755990.477249175
Algeria,Women,2012,0.259790753542635,Blood Pressure,26.0,37646166.0,13392.944,Upper middle income,"Middle East, North Africa, Afghanistan & Pakistan",9780125.833131125
Algeria,Women,2013,0.255186176433858,Blood Pressure,25.5,38414171.0,13508.265,Upper middle income,"Middle East, North Africa, Afghanistan & Pakistan",9802765.418366391
Algeria,Women,2014,0.250515205119045,Blood Pressure,25.1,39205031.0,13760.384,Upper middle income,"Middle East, North Africa, Afghanistan & Pakistan",9821456.382663518
Algeria,Women,2015,0.245838212141015,Blood Pressure,24.6,40019529.0,14007.894,Upper middle income,"Middle East, North Africa, Afghanistan & Pakistan",9838329.460085502
Bahrain,Women,1975,0.429910818457382,Blood Pressure,43.0,283243.0,6252.0,,"Middle East, North Africa, Afghanistan & Pakistan",121769.22995232425
Bahrain,Women,1976,0.424338478141621,Blood Pressure,42.4,297863.0,6875.0,,"Middle East, North Africa, Afghanistan & Pakistan",126394.73211469766
Bahrain,Women,1977,0.418660543876538,Blood Pressure,41.9,312823.0,7084.0,,"Middle East, North Africa, Afghanistan & Pakistan",130966.64731709025
Bahrain,Women,1978,0.412877893681966,Blood Pressure,41.3,328046.0,7037.0,,"Middle East, North Africa, Afghanistan & Pakistan",135442.94151079422
Bahrain,Women,1979,0.407061161184528,Blood Pressure,40.7,343457.0,6730.0,,"Middle East, North Africa, Afghanistan & Pakistan",139808.00523695443
Bahrain,Women,1980,0.401192290516182,Blood Pressure,40.1,358978.0,6994.0,,"Middle East, North Africa, Afghanistan & Pakistan",144019.206064918
Bahrain,Women,1981,0.395309698128588,Blood Pressure,39.5,373524.0,6875.0,,"Middle East, North Africa, Afghanistan & Pakistan",147657.65968378272
Bahrain,Women,1982,0.389370328506508,Blood Pressure,38.9,386983.0,7036.0,,"Middle East, North Africa, Afghanistan & Pakistan",150679.69783643397
Bahrain,Women,1983,0.383428967670463,Blood Pressure,38.3,400707.0,7240.0,,"Middle East, North Africa, Afghanistan & Pakistan",153642.6713483282
Bahrain,Women,1984,0.377432469167155,Blood Pressure,37.7,415154.0,7264.0,,"Middle East, North Africa, Afghanistan & Pakistan",156692.59930462108
Bahrain,Women,1985,0.371396127979993,Blood Pressure,37.1,430358.0,6972.0,,"Middle East, North Africa, Afghanistan & Pakistan",159833.29484521382
Bahrain,Women,1986,0.365300609605063,Blood Pressure,36.5,446286.0,6880.0,,"Middle East, North Africa, Afghanistan & Pakistan",163028.54785820516
Bahrain,Women,1987,0.359146672031745,Blood Pressure,35.9,462854.0,6786.0,High income,"Middle East, North Africa, Afghanistan & Pakistan",166232.4737365813
Bahrain,Women,1988,0.352902942433994,Blood Pressure,35.3,479929.0,6802.0,High income,"Middle East, North Africa, Afghanistan & Pakistan",169368.3562594043
Bahrain,Women,1989,0.346586447793797,Blood Pressure,34.7,497327.0,6751.0,High income,"Middle East, North Africa, Afghanistan & Pakistan",172366.79832194568
Bahrain,Women,1990,0.340217049160229,Blood Pressure,34.0,514797.0,6542.0,Upper middle income,"Middle East, North Africa, Afghanistan & Pakistan",175142.7162565384
Bahrain,Women,1991,0.33380909976821,Blood Pressure,33.4,503052.0,7059.957,Upper middle income,"Middle East, North Africa, Afghanistan & Pakistan",167923.33525659758
Bahrain,Women,1992,0.327305517348011,Blood Pressure,32.7,516458.0,7993.8926,Upper middle income,"Middle East, North Africa, Afghanistan & Pakistan",169039.55287851905
Bahrain,Women,1993,0.320792905294109,Blood Pressure,32.1,530225.0,9102.066,Upper middle income,"Middle East, North Africa, Afghanistan & Pakistan",170092.41820956892
Bahrain,Women,1994,0.314281294441107,Blood Pressure,31.4,544366.0,9935.004,Upper middle income,"Middle East, North Africa, Afghanistan & Pakistan",171084.05112972762
Bahrain,Women,1995,0.307760398198292,Blood Pressure,30.8,558879.0,10695.393,Upper middle income,"Middle East, North Africa, Afghanistan & Pakistan",172000.82358466322
Bahrain,Women,1996,0.301266067177189,Blood Pressure,30.1,573792.0,11640.821,Upper middle income,"Middle East, North Africa, Afghanistan & Pakistan",172864.05921773365
Bahrain,Women,1997,0.294823919240623,Blood Pressure,29.5,589115.0,12528.39,Upper middle income,"Middle East, North Africa, Afghanistan & Pakistan",173685.19318343964
Bahrain,Women,1998,0.288382953333777,Blood Pressure,28.8,604842.0,13776.008,Upper middle income,"Middle East, North Africa, Afghanistan & Pakistan",174426.12226030836
Bahrain,Women,1999,0.281995982402407,Blood Pressure,28.2,620989.0,15263.758,Upper middle income,"Middle East, North Africa, Afghanistan & Pakistan",175116.4031160883
Bahrain,Women,2000,0.275636415615819,Blood Pressure,27.6,637582.0,17021.723,Upper middle income,"Middle East, North Africa, Afghanistan & Pakistan",175740.81714116508
Bahrain,Women,2001,0.269333470883372,Blood Pressure,26.9,661316.0,18152.963,High income,"Middle East, North Africa, Afghanistan & Pakistan",178114.53363070803
Bahrain,Women,2002,0.26310860560665,Blood Pressure,26.3,710553.0,19487.842,High income,"Middle East, North Africa, Afghanistan & Pakistan",186952.60903962198
Bahrain,Women,2003,0.256913589105404,Blood Pressure,25.7,764517.0,21391.611,High income,"Middle East, North Africa, Afghanistan & Pakistan",196414.80640209618
Bahrain,Women,2004,0.250780634826983,Blood Pressure,25.1,823741.0,23389.602,High income,"Middle East, North Africa, Afghanistan & Pakistan",206578.2909130138
Bahrain,Women,2005,0.244749355805209,Blood Pressure,24.5,888822.0,25230.9,High income,"Middle East, North Africa, Afghanistan & Pakistan",217538.61192549748
Bahrain,Women,2006,0.238760416937491,Blood Pressure,23.9,960424.0,26840.125,High income,"Middle East, North Africa, Afghanistan & Pakistan",229311.23467677287
Bahrain,Women,2007,0.232893858735314,Blood Pressure,23.3,1039295.0,28884.697,High income,"Middle East, North Africa, Afghanistan & Pakistan",242045.4229143182
Bahrain,Women,2008,0.227153394663013,Blood Pressure,22.7,1103496.0,30612.498,High income,"Middle East, North Africa, Afghanistan & Pakistan",250662.8623970562
Bahrain,Women,2009,0.221534985238646,Blood Pressure,22.2,1178415.0,31729.566,High income,"Middle East, North Africa, Afghanistan & Pakistan",261060.14962999904
Bahrain,Women,2010,0.216021695325864,Blood Pressure,21.6,1228543.0,34057.715,High income,"Middle East, North Africa, Afghanistan & Pakistan",265391.9416407229
Bahrain,Women,2011,0.210589899507413,Blood Pressure,21.1,1195020.0,36372.0,High income,"Middle East, North Africa, Afghanistan & Pakistan",251659.14170934868
Bahrain,Women,2012,0.205371474962265,Blood Pressure,20.5,1208964.0,36711.39,High income,"Middle East, North Africa, Afghanistan & Pakistan",248286.71985627973
Bahrain,Women,2013,0.20032112644691,Blood Pressure,20.0,1253191.0,37704.21,High income,"Middle East, North Africa, Afghanistan & Pakistan",251040.6327731296
Bahrain,Women,2014,0.195397607819885,Blood Pressure,19.5,1314562.0,38364.83,High income,"Middle East, North Africa, Afghanistan & Pakistan",256862.27013092366
Bahrain,Women,2015,0.190608153114451,Blood Pressure,19.1,1370322.0,38369.66,High income,"Middle East, North Africa, Afghanistan & Pakistan",261194.54559210074
Djibouti,Women,1975,0.37555395420225,Blood Pressure,37.6,209908.0,4691.0,,"Middle East, North Africa, Afghanistan & Pakistan",78831.7794186859
Djibouti,Women,1976,0.375221507122963,Blood Pressure,37.5,230737.0,4878.0,,"Middle East, North Africa, Afghanistan & Pakistan",86577.48488903111
Djibouti,Women,1977,0.374693052724695,Blood Pressure,37.5,254613.0,4036.0,,"Middle East, North Africa, Afghanistan & Pakistan",95401.72223339276
Djibouti,Women,1978,0.374036599605388,Blood Pressure,37.4,280031.0,3419.0,,"Middle East, North Africa, Afghanistan & Pakistan",104741.84302409641
Djibouti,Women,1979,0.373182033942941,Blood Pressure,37.3,304513.0,3308.0,,"Middle East, North Africa, Afghanistan & Pakistan",113638.7807020668
Djibouti,Women,1980,0.372123722273867,Blood Pressure,37.2,325815.0,3167.0,,"Middle East, North Africa, Afghanistan & Pakistan",121243.49057265997
Djibouti,Women,1981,0.370648858279681,Blood Pressure,37.1,343047.0,3091.0,,"Middle East, North Africa, Afghanistan & Pakistan",127149.97888626973
Djibouti,Women,1982,0.368719518964335,Blood Pressure,36.9,356880.0,3043.0,,"Middle East, North Africa, Afghanistan & Pakistan",131588.6219279919
Djibouti,Women,1983,0.366479792560268,Blood Pressure,36.6,369553.0,2963.0,,"Middle East, North Africa, Afghanistan & Pakistan",135433.70678002472
Djibouti,Women,1984,0.363903029836097,Blood Pressure,36.4,384053.0,2944.0,,"Middle East, North Africa, Afghanistan & Pakistan",139758.05031764257
Djibouti,Women,1985,0.361090033671775,Blood Pressure,36.1,402687.0,2880.0,,"Middle East, North Africa, Afghanistan & Pakistan",145406.26238918607
Djibouti,Women,1986,0.358042153825309,Blood Pressure,35.8,426341.0,2743.0,,"Middle East, North Africa, Afghanistan & Pakistan",152648.04990403607
Djibouti,Women,1987,0.354784811910945,Blood Pressure,35.5,454399.0,2670.0,,"Middle East, North Africa, Afghanistan & Pakistan",161213.8637475215
Djibouti,Women,1988,0.351347494604933,Blood Pressure,35.1,484523.0,2652.0,,"Middle East, North Africa, Afghanistan & Pakistan",170235.94212846595
Djibouti,Women,1989,0.347804530848768,Blood Pressure,34.8,523355.0,2436.0,,"Middle East, North Africa, Afghanistan & Pakistan",182025.240242357
Djibouti,Women,1990,0.344178651976034,Blood Pressure,34.4,579538.0,2308.0,Lower middle income,"Middle East, North Africa, Afghanistan & Pakistan",199464.60760888678
Djibouti,Women,1991,0.340520215376427,Blood Pressure,34.1,631092.0,2013.3427,Lower middle income,"Middle East, North Africa, Afghanistan & Pakistan",214899.58376234007
Djibouti,Women,1992,0.336829902837103,Blood Pressure,33.7,626010.0,2141.634,Lower middle income,"Middle East, North Africa, Afghanistan & Pakistan",210858.88747505486
Djibouti,Women,1993,0.333094658110808,Blood Pressure,33.3,614245.0,2290.7847,Lower middle income,"Middle East, North Africa, Afghanistan & Pakistan",204601.72827127328
Djibouti,Women,1994,0.329382621918238,Blood Pressure,32.9,626710.0,2175.3618,Lower middle income,"Middle East, North Africa, Afghanistan & Pakistan",206427.38298237894
Djibouti,Women,1995,0.325639666977139,Blood Pressure,32.6,633074.0,2262.4287,Lower middle income,"Middle East, North Africa, Afghanistan & Pakistan",206154.00653188527
Djibouti,Women,1996,0.321887361048239,Blood Pressure,32.2,648348.0,2081.9954,Lower middle income,"Middle East, North Africa, Afghanistan & Pakistan",208695.02676090365
Djibouti,Women,1997,0.318172872862138,Blood Pressure,31.8,671817.0,2080.5134,Lower middle income,"Middle East, North Africa, Afghanistan & Pakistan",213753.94492762297
Djibouti,Women,1998,0.314462099928169,Blood Pressure,31.4,699352.0,1974.5657,Lower middle income,"Middle East, North Africa, Afghanistan & Pakistan",219919.69850896482
Djibouti,Women,1999,0.31081154407545,Blood Pressure,31.1,724218.0,1930.5078,Lower middle income,"Middle East, North Africa, Afghanistan & Pakistan",225095.31482723422
Djibouti,Women,2000,0.307253965620333,Blood Pressure,30.7,747318.0,1880.9988,Lower middle income,"Middle East, North Africa, Afghanistan & Pakistan",229616.41907945604
Djibouti,Women,2001,0.30380443342792,Blood Pressure,30.4,771313.0,1845.6991,Lower middle income,"Middle East, North Africa, Afghanistan & Pakistan",234328.30896058926
Djibouti,Women,2002,0.300408010242303,Blood Pressure,30.0,795574.0,1824.4551,Lower middle income,"Middle East, North Africa, Afghanistan & Pakistan",238996.80234050998
Djibouti,Women,2003,0.296940544860843,Blood Pressure,29.7,813519.0,1945.6655,Lower middle income,"Middle East, North Africa, Afghanistan & Pakistan",241566.77511464813
Djibouti,Women,2004,0.293440324396966,Blood Pressure,29.3,826124.0,2097.1233,Lower middle income,"Middle East, North Africa, Afghanistan & Pakistan",242418.09455211915
Djibouti,Women,2005,0.289876736557755,Blood Pressure,29.0,839167.0,2126.8052,Lower middle income,"Middle East, North Africa, Afghanistan & Pakistan",243254.99138696157
Djibouti,Women,2006,0.286259035318666,Blood Pressure,28.6,855764.0,2342.2192,Lower middle income,"Middle East, North Africa, Afghanistan & Pakistan",244970.17710044287
Djibouti,Women,2007,0.282653991632279,Blood Pressure,28.3,874528.0,2396.018,Lower middle income,"Middle East, North Africa, Afghanistan & Pakistan",247188.8299941937
Djibouti,Women,2008,0.279137580524053,Blood Pressure,27.9,892734.0,2463.4448,Lower middle income,"Middle East, North Africa, Afghanistan & Pakistan",249195.60881155994
Djibouti,Women,2009,0.275582299515005,Blood Pressure,27.6,911527.0,2521.5046,Lower middle income,"Middle East, North Africa, Afghanistan & Pakistan",251200.70673001398
Djibouti,Women,2010,0.272159237109691,Blood Pressure,27.2,930251.0,2543.8733,Lower middle income,"Middle East, North Africa, Afghanistan & Pakistan",253176.40248052715
Djibouti,Women,2011,0.268714611842129,Blood Pressure,26.9,948558.0,2590.0,Lower middle income,"Middle East, North Africa, Afghanistan & Pakistan",254891.39477974622
Djibouti,Women,2012,0.265261257440801,Blood Pressure,26.5,966747.0,2654.0,Lower middle income,"Middle East, North Africa, Afghanistan & Pakistan",256440.52484712203
Djibouti,Women,2013,0.261826039513233,Blood Pressure,26.2,984824.0,2724.0,Lower middle income,"Middle East, North Africa, Afghanistan & Pakistan",257852.5675375802
Djibouti,Women,2014,0.258440784535094,Blood Pressure,25.8,1002717.0,2823.0,Lower middle income,"Middle East, North Africa, Afghanistan & Pakistan",259142.96814667585
Djibouti,Women,2015,0.255105171652353,Blood Pressure,25.5,1020313.0,2941.0,Lower middle income,"Middle East, North Africa, Afghanistan & Pakistan",260287.12300412726
Egypt,Women,1975,0.311667345863542,Blood Pressure,31.2,38875327.0,2265.0,,"Middle East, North Africa, Afghanistan & Pakistan",12116169.985667292
Egypt,Women,1976,0.311090159738081,Blood Pressure,31.1,39795557.0,2560.0,,"Middle East, North Africa, Afghanistan & Pakistan",12380006.183995908
Egypt,Women,1977,0.310355685861022,Blood Pressure,31.0,40748870.0,2817.0,,"Middle East, North Africa, Afghanistan & Pakistan",12646643.496911624
Egypt,Women,1978,0.309533715038921,Blood Pressure,31.0,41761431.0,2939.0,,"Middle East, North Africa, Afghanistan & Pakistan",12926570.882771563
Egypt,Women,1979,0.308623081288473,Blood Pressure,30.9,42818628.0,3076.0,,"Middle East, North Africa, Afghanistan & Pakistan",13214816.909904886
Egypt,Women,1980,0.307683253525982,Blood Pressure,30.8,43950413.0,3298.0,,"Middle East, North Africa, Afghanistan & Pakistan",13522806.065650616
Egypt,Women,1981,0.306707051252144,Blood Pressure,30.7,45147224.0,3309.0,,"Middle East, North Africa, Afghanistan & Pakistan",13846971.945260026
Egypt,Women,1982,0.305679843796273,Blood Pressure,30.6,46407611.0,3543.0,,"Middle East, North Africa, Afghanistan & Pakistan",14185871.2814382
Egypt,Women,1983,0.304697692617675,Blood Pressure,30.5,47786402.0,3701.0,,"Middle East, North Africa, Afghanistan & Pakistan",14560406.42790065
Egypt,Women,1984,0.303748589736356,Blood Pressure,30.4,49247334.0,3810.0,,"Middle East, North Africa, Afghanistan & Pakistan",14958808.250775296
Egypt,Women,1985,0.302844764628936,Blood Pressure,30.3,50734968.0,3939.0,,"Middle East, North Africa, Afghanistan & Pakistan",15364819.4424166
Egypt,Women,1986,0.301889242821267,Blood Pressure,30.2,52206295.0,3921.0,,"Middle East, North Africa, Afghanistan & Pakistan",15760518.868053697
Egypt,Women,1987,0.300873529407962,Blood Pressure,30.1,53674435.0,3929.0,Lower middle income,"Middle East, North Africa, Afghanistan & Pakistan",16149216.697428247
Egypt,Women,1988,0.299825411135573,Blood Pressure,30.0,55187681.0,4001.0,Lower middle income,"Middle East, North Africa, Afghanistan & Pakistan",16546669.14544385
Egypt,Women,1989,0.298751471887537,Blood Pressure,29.9,56710642.0,4030.0,Lower middle income,"Middle East, North Africa, Afghanistan & Pakistan",16942387.769187175
Egypt,Women,1990,0.297611170965025,Blood Pressure,29.8,58396618.0,4022.0,Low income,"Middle East, North Africa, Afghanistan & Pakistan",17379485.863377254
Egypt,Women,1991,0.296431648577442,Blood Pressure,29.6,60028997.0,4180.133,Low income,"Middle East, North Africa, Afghanistan & Pakistan",17794494.54316032
Egypt,Women,1992,0.295158368306166,Blood Pressure,29.5,61480660.0,4338.9536,Low income,"Middle East, North Africa, Afghanistan & Pakistan",18146531.287986167
Egypt,Women,1993,0.293792199277453,Blood Pressure,29.4,62915681.0,4542.6323,Low income,"Middle East, North Africa, Afghanistan & Pakistan",18484136.29002866
Egypt,Women,1994,0.292380273598757,Blood Pressure,29.2,64285589.0,4746.5884,Low income,"Middle East, North Africa, Afghanistan & Pakistan",18795838.100277245
Egypt,Women,1995,0.290911841820063,Blood Pressure,29.1,65652622.0,5001.067,Lower middle income,"Middle East, North Africa, Afghanistan & Pakistan",19099125.18633639
Egypt,Women,1996,0.289367614895721,Blood Pressure,28.9,67028048.0,5293.1006,Lower middle income,"Middle East, North Africa, Afghanistan & Pakistan",19395746.3808759
Egypt,Women,1997,0.287776494914084,Blood Pressure,28.8,68431740.0,5594.597,Lower middle income,"Middle East, North Africa, Afghanistan & Pakistan",19693046.27807192
Egypt,Women,1998,0.28607973466999,Blood Pressure,28.6,69943294.0,5884.802,Lower middle income,"Middle East, North Africa, Afghanistan & Pakistan",20009358.989465103
Egypt,Women,1999,0.28430202981521,Blood Pressure,28.4,71520954.0,6211.0156,Lower middle income,"Middle East, North Africa, Afghanistan & Pakistan",20333552.396520264
Egypt,Women,2000,0.282389372044514,Blood Pressure,28.2,73083284.0,6593.5317,Lower middle income,"Middle East, North Africa, Afghanistan & Pakistan",20637942.675710876
Egypt,Women,2001,0.280368685638418,Blood Pressure,28.0,74652029.0,6914.937,Lower middle income,"Middle East, North Africa, Afghanistan & Pakistan",20930091.250971064
Egypt,Women,2002,0.278267294801248,Blood Pressure,27.8,76239137.0,7142.6865,Lower middle income,"Middle East, North Africa, Afghanistan & Pakistan",21214858.410971735
Egypt,Women,2003,0.276077299576296,Blood Pressure,27.6,77853548.0,7365.8027,Lower middle income,"Middle East, North Africa, Afghanistan & Pakistan",21493597.29427354
Egypt,Women,2004,0.273767315694908,Blood Pressure,27.4,79477443.0,7661.86,Lower middle income,"Middle East, North Africa, Afghanistan & Pakistan",21758326.228405055
Egypt,Women,2005,0.271407352571113,Blood Pressure,27.1,81101004.0,8021.8833,Lower middle income,"Middle East, North Africa, Afghanistan & Pakistan",22011408.786499243
Egypt,Women,2006,0.26900897552317,Blood Pressure,26.9,82700403.0,8509.614,Lower middle income,"Middle East, North Africa, Afghanistan & Pakistan",22247150.686383296
Egypt,Women,2007,0.266624334631234,Blood Pressure,26.7,84276225.0,9130.598,Lower middle income,"Middle East, North Africa, Afghanistan & Pakistan",22470092.415857166
Egypt,Women,2008,0.264263371093877,Blood Pressure,26.4,85864789.0,9698.017,Lower middle income,"Middle East, North Africa, Afghanistan & Pakistan",22690918.599404447
Egypt,Women,2009,0.261969846590533,Blood Pressure,26.2,87501636.0,10159.002,Lower middle income,"Middle East, North Africa, Afghanistan & Pakistan",22922790.15934066
Egypt,Women,2010,0.259813249091356,Blood Pressure,26.0,89196072.0,10719.291,Lower middle income,"Middle East, North Africa, Afghanistan & Pakistan",23174321.272506524
Egypt,Women,2011,0.257762206768023,Blood Pressure,25.8,91093059.0,10737.0,Lower middle income,"Middle East, North Africa, Afghanistan & Pakistan",23480347.909089714
Egypt,Women,2012,0.255672984625607,Blood Pressure,25.6,93161001.0,10774.53,Lower middle income,"Middle East, North Africa, Afghanistan & Pakistan",23818751.17637916
Egypt,Women,2013,0.253657432080333,Blood Pressure,25.4,95333553.0,10871.145,Lower middle income,"Middle East, North Africa, Afghanistan & Pakistan",24182064.245074324
Egypt,Women,2014,0.251663404941869,Blood Pressure,25.2,97528654.0,11135.728,Lower middle income,"Middle East, North Africa, Afghanistan & Pakistan",24544393.14503743
Egypt,Women,2015,0.249714642563929,Blood Pressure,25.0,99597342.0,11312.848,Lower middle income,"Middle East, North Africa, Afghanistan & Pakistan",24870914.657847393
Iran,Women,1975,0.303590784582957,Blood Pressure,30.4,33802973.0,9377.0,,"Middle East, North Africa, Afghanistan & Pakistan",10262271.094306512
Iran,Women,1976,0.304122618274549,Blood Pressure,30.4,34837271.0,10665.0,,"Middle East, North Africa, Afghanistan & Pakistan",10594802.070060017
Iran,Women,1977,0.304551865050802,Blood Pressure,30.5,35933181.0,10205.0,,"Middle East, North Africa, Afghanistan & Pakistan",10943517.290758044
Iran,Women,1978,0.304823982314687,Blood Pressure,30.5,37126535.0,8710.0,,"Middle East, North Africa, Afghanistan & Pakistan",11317058.248245608
Iran,Women,1979,0.304999335744404,Blood Pressure,30.5,38424952.0,7678.0,,"Middle East, North Africa, Afghanistan & Pakistan",11719584.836010609
Iran,Women,1980,0.304960515082542,Blood Pressure,30.5,39842324.0,6334.0,,"Middle East, North Africa, Afghanistan & Pakistan",12150335.649125526
Iran,Women,1981,0.304592524830645,Blood Pressure,30.5,41989312.0,5887.0,,"Middle East, North Africa, Afghanistan & Pakistan",12789630.5579817
Iran,Women,1982,0.3038542111684,Blood Pressure,30.4,44272141.0,6535.0,,"Middle East, North Africa, Afghanistan & Pakistan",13452276.48029118
Iran,Women,1983,0.30277377782844,Blood Pressure,30.3,46029535.0,7108.0,,"Middle East, North Africa, Afghanistan & Pakistan",13936536.203636404
Iran,Women,1984,0.301423357565101,Blood Pressure,30.1,47793998.0,6951.0,,"Middle East, North Africa, Afghanistan & Pakistan",14406227.348619724
Iran,Women,1985,0.299823238472617,Blood Pressure,30.0,49582289.0,6853.0,,"Middle East, North Africa, Afghanistan & Pakistan",14865922.458865214
Iran,Women,1986,0.29791575661383,Blood Pressure,29.8,51446045.0,5984.0,,"Middle East, North Africa, Afghanistan & Pakistan",15326587.420964146
Iran,Women,1987,0.295884395932479,Blood Pressure,29.6,53323493.0,5713.0,Upper middle income,"Middle East, North Africa, Afghanistan & Pakistan",15777589.515314773
Iran,Women,1988,0.29371990085836,Blood Pressure,29.4,55072694.0,5249.0,Upper middle income,"Middle East, North Africa, Afghanistan & Pakistan",16175946.221682796
Iran,Women,1989,0.29147105353103,Blood Pressure,29.1,56704914.0,5303.0,Upper middle income,"Middle East, North Africa, Afghanistan & Pakistan",16527841.023966452
Iran,Women,1990,0.289047523782312,Blood Pressure,28.9,58380092.0,5620.0,Lower middle income,"Middle East, North Africa, Afghanistan & Pakistan",16874621.030783564
Iran,Women,1991,0.286616444826917,Blood Pressure,28.7,59986931.0,6380.55,Lower middle income,"Middle East, North Africa, Afghanistan & Pakistan",17193240.899297576
Iran,Women,1992,0.2840591617004,Blood Pressure,28.4,61184983.0,7036.315,Lower middle income,"Middle East, North Africa, Afghanistan & Pakistan",17380154.979633227
Iran,Women,1993,0.28134774261982,Blood Pressure,28.1,61403543.0,6914.7666,Lower middle income,"Middle East, North Africa, Afghanistan & Pakistan",17275748.21190905
Iran,Women,1994,0.27847215448036,Blood Pressure,27.8,61520598.0,6884.706,Lower middle income,"Middle East, North Africa, Afghanistan & Pakistan",17131773.469980128
Iran,Women,1995,0.275441677633347,Blood Pressure,27.5,62205567.0,7093.735,Lower middle income,"Middle East, North Africa, Afghanistan & Pakistan",17134005.732613567
Iran,Women,1996,0.272215515444843,Blood Pressure,27.2,62881300.0,7746.409,Lower middle income,"Middle East, North Africa, Afghanistan & Pakistan",17117265.491341807
Iran,Women,1997,0.268799240394699,Blood Pressure,26.9,63639638.0,8113.724,Lower middle income,"Middle East, North Africa, Afghanistan & Pakistan",17106286.35339362
Iran,Women,1998,0.265224541411302,Blood Pressure,26.5,64519859.0,8458.387,Lower middle income,"Middle East, North Africa, Afghanistan & Pakistan",17112250.015196864
Iran,Women,1999,0.261489280741587,Blood Pressure,26.1,65445391.0,8714.627,Lower middle income,"Middle East, North Africa, Afghanistan & Pakistan",17113268.22044193
Iran,Women,2000,0.25767643051553,Blood Pressure,25.8,66418659.0,9104.763,Lower middle income,"Middle East, North Africa, Afghanistan & Pakistan",17114522.970748182
Iran,Women,2001,0.253765142700052,Blood Pressure,25.4,67452005.0,9620.627,Lower middle income,"Middle East, North Africa, Afghanistan & Pakistan",17116967.674229622
Iran,Women,2002,0.249737976026503,Blood Pressure,25.0,68011317.0,10467.371,Lower middle income,"Middle East, North Africa, Afghanistan & Pakistan",16985008.654476896
Iran,Women,2003,0.245662966688578,Blood Pressure,24.6,68769340.0,11502.853,Lower middle income,"Middle East, North Africa, Afghanistan & Pakistan",16894080.081615496
Iran,Women,2004,0.24153007187063,Blood Pressure,24.2,70256316.0,12404.323,Lower middle income,"Middle East, North Africa, Afghanistan & Pakistan",16969013.05284569
Iran,Women,2005,0.237236252215592,Blood Pressure,23.7,71828455.0,13110.143,Lower middle income,"Middle East, North Africa, Afghanistan & Pakistan",17040313.4666363
Iran,Women,2006,0.23285571453196,Blood Pressure,23.3,73392747.0,14185.753,Lower middle income,"Middle East, North Africa, Afghanistan & Pakistan",17089920.544148363
Iran,Women,2007,0.228312051242217,Blood Pressure,22.8,74602648.0,15467.107,Lower middle income,"Middle East, North Africa, Afghanistan & Pakistan",17032683.592981078
Iran,Women,2008,0.223539153341115,Blood Pressure,22.4,75514204.0,15739.983,Lower middle income,"Middle East, North Africa, Afghanistan & Pakistan",16880381.22738824
Iran,Women,2009,0.218517196483409,Blood Pressure,21.9,76457825.0,16575.07,Upper middle income,"Middle East, North Africa, Afghanistan & Pakistan",16707349.568219101
Iran,Women,2010,0.213435685321423,Blood Pressure,21.3,77420842.0,17751.33,Upper middle income,"Middle East, North Africa, Afghanistan & Pakistan",16524370.470431611
Iran,Women,2011,0.208321200380661,Blood Pressure,20.8,78383598.0,18024.0,Upper middle income,"Middle East, North Africa, Afghanistan & Pakistan",16328965.225515177
Iran,Women,2012,0.203419005093261,Blood Pressure,20.3,79370580.0,17556.533,Upper middle income,"Middle East, North Africa, Afghanistan & Pakistan",16145484.417275079
Iran,Women,2013,0.19854069701657,Blood Pressure,19.9,80414686.0,16842.896,Upper middle income,"Middle East, North Africa, Afghanistan & Pakistan",15965587.808808614
Iran,Women,2014,0.193679269510024,Blood Pressure,19.4,81502045.0,17449.938,Upper middle income,"Middle East, North Africa, Afghanistan & Pakistan",15785256.539173106
Iran,Women,2015,0.188883315510192,Blood Pressure,18.9,82619362.0,16922.88,Upper middle income,"Middle East, North Africa, Afghanistan & Pakistan",15605419.019896768
Iraq,Women,1975,0.354386108027338,Blood Pressure,35.4,11543639.0,6878.0,,"Middle East, North Africa, Afghanistan & Pakistan",4090905.297682592
Iraq,Women,1976,0.354532255430029,Blood Pressure,35.5,11927651.0,8007.0,,"Middle East, North Africa, Afghanistan & Pakistan",4228737.01101224
Iraq,Women,1977,0.354366789464483,Blood Pressure,35.4,12331046.0,7957.0,,"Middle East, North Africa, Afghanistan & Pakistan",4369713.1817588555
Iraq,Women,1978,0.353899829251147,Blood Pressure,35.4,12753355.0,9075.0,,"Middle East, North Africa, Afghanistan & Pakistan",4513410.156879262
Iraq,Women,1979,0.353230337649263,Blood Pressure,35.3,13170365.0,10769.0,,"Middle East, North Africa, Afghanistan & Pakistan",4652172.475914035
Iraq,Women,1980,0.35235390511114,Blood Pressure,35.2,13591992.0,10165.0,,"Middle East, North Africa, Afghanistan & Pakistan",4789191.4594393745
Iraq,Women,1981,0.35123503865524,Blood Pressure,35.1,14006381.0,8035.0,,"Middle East, North Africa, Afghanistan & Pakistan",4919531.771955019
Iraq,Women,1982,0.349831804865715,Blood Pressure,35.0,14406083.0,7704.0,,"Middle East, North Africa, Afghanistan & Pakistan",5039706.0169352945
Iraq,Women,1983,0.348245973229419,Blood Pressure,34.8,14840555.0,6805.0,,"Middle East, North Africa, Afghanistan & Pakistan",5168163.519239721
Iraq,Women,1984,0.346424685366591,Blood Pressure,34.6,15310733.0,6593.0,,"Middle East, North Africa, Afghanistan & Pakistan",5304015.862256882
Iraq,Women,1985,0.344379258951986,Blood Pressure,34.4,15683430.0,6268.0,,"Middle East, North Africa, Afghanistan & Pakistan",5401048.001225346
Iraq,Women,1986,0.342139709528877,Blood Pressure,34.2,16074145.0,5992.0,,"Middle East, North Africa, Afghanistan & Pakistan",5499603.30122505
Iraq,Women,1987,0.339814795894207,Blood Pressure,34.0,16521049.0,6052.0,Upper middle income,"Middle East, North Africa, Afghanistan & Pakistan",5614096.8938931925
Iraq,Women,1988,0.337419497146821,Blood Pressure,33.7,16908819.0,4635.0,Upper middle income,"Middle East, North Africa, Afghanistan & Pakistan",5705365.204326613
Iraq,Women,1989,0.334906556101756,Blood Pressure,33.5,17364542.0,4098.0,Upper middle income,"Middle East, North Africa, Afghanistan & Pakistan",5815498.959504299
Iraq,Women,1990,0.332242573882699,Blood Pressure,33.2,17581206.0,3918.0,Upper middle income,"Middle East, North Africa, Afghanistan & Pakistan",5841225.133401951
Iraq,Women,1991,0.329438269331659,Blood Pressure,32.9,17767253.0,1518.7421,Lower middle income,"Middle East, North Africa, Afghanistan & Pakistan",5853213.079097726
Iraq,Women,1992,0.326426937589702,Blood Pressure,32.6,18300845.0,2046.1809,Lower middle income,"Middle East, North Africa, Afghanistan & Pakistan",5973888.78865381
Iraq,Women,1993,0.323169524039604,Blood Pressure,32.3,19201195.0,2132.3823,Lower middle income,"Middle East, North Africa, Afghanistan & Pakistan",6205241.049141624
Iraq,Women,1994,0.319707352602905,Blood Pressure,32.0,20139807.0,2108.538,Lower middle income,"Middle East, North Africa, Afghanistan & Pakistan",6438844.377903454
Iraq,Women,1995,0.316049315990355,Blood Pressure,31.6,20825860.0,1996.9279,Lower middle income,"Middle East, North Africa, Afghanistan & Pakistan",6581998.807910895
Iraq,Women,1996,0.312223535173133,Blood Pressure,31.2,21501321.0,2337.5227,Lower middle income,"Middle East, North Africa, Afghanistan & Pakistan",6713218.453512323
Iraq,Women,1997,0.308372441181621,Blood Pressure,30.8,22176593.0,2337.948,Lower middle income,"Middle East, North Africa, Afghanistan & Pakistan",6838650.120501248
Iraq,Women,1998,0.304516746741112,Blood Pressure,30.5,22884399.0,2794.7864,Lower middle income,"Middle East, North Africa, Afghanistan & Pakistan",6968682.734605557
Iraq,Women,1999,0.300781684688763,Blood Pressure,30.1,23636527.0,3157.1125,Lower middle income,"Middle East, North Africa, Afghanistan & Pakistan",7109434.411251433
Iraq,Women,2000,0.297189701832829,Blood Pressure,29.7,24424056.0,3649.493,Lower middle income,"Middle East, North Africa, Afghanistan & Pakistan",7258577.920188318
Iraq,Women,2001,0.293648585481142,Blood Pressure,29.4,25197840.0,4147.6484,Lower middle income,"Middle East, North Africa, Afghanistan & Pakistan",7399310.073180138
Iraq,Women,2002,0.290227047462359,Blood Pressure,29.0,26006559.0,4631.6523,Lower middle income,"Middle East, North Africa, Afghanistan & Pakistan",7547806.83322564
Iraq,Women,2003,0.286885920431231,Blood Pressure,28.7,26802659.0,3782.4526,Lower middle income,"Middle East, North Africa, Afghanistan & Pakistan",7689305.497219418
Iraq,Women,2004,0.283579783556299,Blood Pressure,28.4,27577878.0,6061.5547,Lower middle income,"Middle East, North Africa, Afghanistan & Pakistan",7820528.674182019
Iraq,Women,2005,0.280182698766975,Blood Pressure,28.0,28407448.0,6441.41,Lower middle income,"Middle East, North Africa, Afghanistan & Pakistan",7959275.445722506
Iraq,Women,2006,0.276696480963212,Blood Pressure,27.7,28616515.0,7117.6133,Lower middle income,"Middle East, North Africa, Afghanistan & Pakistan",7918088.99793097
Iraq,Women,2007,0.273148333994842,Blood Pressure,27.3,28391607.0,7587.6055,Lower middle income,"Middle East, North Africa, Afghanistan & Pakistan",7755120.151486294
Iraq,Women,2008,0.269593669958628,Blood Pressure,27.0,28971036.0,8587.265,Lower middle income,"Middle East, North Africa, Afghanistan & Pakistan",7810407.91774353
Iraq,Women,2009,0.266014082788251,Blood Pressure,26.6,30058206.0,9268.709,Lower middle income,"Middle East, North Africa, Afghanistan & Pakistan",7995906.099350303
Iraq,Women,2010,0.262404240545399,Blood Pressure,26.2,31045366.0,10274.33,Lower middle income,"Middle East, North Africa, Afghanistan & Pakistan",8146435.687683952
Iraq,Women,2011,0.258756648648377,Blood Pressure,25.9,32161424.0,11484.0,Lower middle income,"Middle East, North Africa, Afghanistan & Pakistan",8321982.289999479
Iraq,Women,2012,0.255153154621952,Blood Pressure,25.5,33654842.0,12521.541,Upper middle income,"Middle East, North Africa, Afghanistan & Pakistan",8587139.104603363
Iraq,Women,2013,0.25156305489023,Blood Pressure,25.2,35281989.0,12877.205,Upper middle income,"Middle East, North Africa, Afghanistan & Pakistan",8875644.93544349
Iraq,Women,2014,0.247962930660921,Blood Pressure,24.8,36550059.0,12559.504,Upper middle income,"Middle East, North Africa, Afghanistan & Pakistan",9063059.745469572
Iraq,Women,2015,0.244395002831523,Blood Pressure,24.4,37560535.0,12574.508,Upper middle income,"Middle East, North Africa, Afghanistan & Pakistan",9179607.057678519
Israel,Women,1975,0.337996432844768,Blood Pressure,33.8,3455000.0,16176.0,,"Middle East, North Africa, Afghanistan & Pakistan",1167777.6754786733
Israel,Women,1976,0.333313181383121,Blood Pressure,33.3,3533000.0,16053.0,,"Middle East, North Africa, Afghanistan & Pakistan",1177595.4698265665
Israel,Women,1977,0.328605192026638,Blood Pressure,32.9,3613000.0,15721.0,,"Middle East, North Africa, Afghanistan & Pakistan",1187250.5587922432
Israel,Women,1978,0.323931547270687,Blood Pressure,32.4,3690000.0,16139.0,,"Middle East, North Africa, Afghanistan & Pakistan",1195307.4094288351
Israel,Women,1979,0.31931906932356,Blood Pressure,31.9,3786000.0,16761.0,,"Middle East, North Africa, Afghanistan & Pakistan",1208941.9964589982
Israel,Women,1980,0.314744925087319,Blood Pressure,31.5,3878000.0,17508.0,,"Middle East, North Africa, Afghanistan & Pakistan",1220580.819488623
Israel,Women,1981,0.310089057190068,Blood Pressure,31.0,3956000.0,18103.0,,"Middle East, North Africa, Afghanistan & Pakistan",1226712.310243909
Israel,Women,1982,0.305325036704372,Blood Pressure,30.5,4031000.0,18155.0,,"Middle East, North Africa, Afghanistan & Pakistan",1230765.2229553235
Israel,Women,1983,0.300437085690958,Blood Pressure,30.0,4105000.0,18468.0,,"Middle East, North Africa, Afghanistan & Pakistan",1233294.2367613825
Israel,Women,1984,0.295517141092992,Blood Pressure,29.6,4159000.0,18305.0,,"Middle East, North Africa, Afghanistan & Pakistan",1229055.7898057536
Israel,Women,1985,0.29052432786315,Blood Pressure,29.1,4233000.0,18605.0,,"Middle East, North Africa, Afghanistan & Pakistan",1229789.479844714
Israel,Women,1986,0.285243228190563,Blood Pressure,28.5,4299000.0,19160.0,,"Middle East, North Africa, Afghanistan & Pakistan",1226260.6379912305
Israel,Women,1987,0.279777932441453,Blood Pressure,28.0,4369000.0,20196.0,High income,"Middle East, North Africa, Afghanistan & Pakistan",1222349.7868367082
Israel,Women,1988,0.274146199394726,Blood Pressure,27.4,4442000.0,20256.0,High income,"Middle East, North Africa, Afghanistan & Pakistan",1217757.417711373
Israel,Women,1989,0.26833125619794,Blood Pressure,26.8,4518000.0,20091.0,High income,"Middle East, North Africa, Afghanistan & Pakistan",1212320.615502293
Israel,Women,1990,0.262350966996025,Blood Pressure,26.2,4660000.0,20829.0,High income,"Middle East, North Africa, Afghanistan & Pakistan",1222555.5062014766
Israel,Women,1991,0.256311938818763,Blood Pressure,25.6,4949000.0,20912.941,High income,"Middle East, North Africa, Afghanistan & Pakistan",1268487.7852140581
Israel,Women,1992,0.250191073807754,Blood Pressure,25.0,5123000.0,21531.596,High income,"Middle East, North Africa, Afghanistan & Pakistan",1281728.8711171239
Israel,Women,1993,0.244086339381738,Blood Pressure,24.4,5261000.0,21484.979,High income,"Middle East, North Africa, Afghanistan & Pakistan",1284138.2314873235
Israel,Women,1994,0.238093406565727,Blood Pressure,23.8,5399000.0,22128.805,High income,"Middle East, North Africa, Afghanistan & Pakistan",1285466.30204836
Israel,Women,1995,0.232156682751828,Blood Pressure,23.2,5545000.0,23378.16,High income,"Middle East, North Africa, Afghanistan & Pakistan",1287308.805858886
Israel,Women,1996,0.226208621375928,Blood Pressure,22.6,5692000.0,23979.996,High income,"Middle East, North Africa, Afghanistan & Pakistan",1287579.4728717823
Israel,Women,1997,0.220348751580682,Blood Pressure,22.0,5836000.0,24226.73,High income,"Middle East, North Africa, Afghanistan & Pakistan",1285955.3142248602
Israel,Women,1998,0.214571825421246,Blood Pressure,21.5,5971000.0,24506.16,High income,"Middle East, North Africa, Afghanistan & Pakistan",1281208.3695902599
Israel,Women,1999,0.208847590686053,Blood Pressure,20.9,6125000.0,24644.205,High income,"Middle East, North Africa, Afghanistan & Pakistan",1279191.4929520746
Israel,Women,2000,0.20324611611676,Blood Pressure,20.3,6289000.0,26058.84,High income,"Middle East, North Africa, Afghanistan & Pakistan",1278214.8242583035
Israel,Women,2001,0.19762188682667,Blood Pressure,19.8,6439000.0,25427.32,High income,"Middle East, North Africa, Afghanistan & Pakistan",1272487.3292769282
Israel,Women,2002,0.192009011212561,Blood Pressure,19.2,6570000.0,24823.553,High income,"Middle East, North Africa, Afghanistan & Pakistan",1261499.203666526
Israel,Women,2003,0.186456991065344,Blood Pressure,18.6,6689700.0,24545.244,High income,"Middle East, North Africa, Afghanistan & Pakistan",1247341.3331298318
Israel,Women,2004,0.180898659431055,Blood Pressure,18.1,6809000.0,25210.879,High income,"Middle East, North Africa, Afghanistan & Pakistan",1231738.9720660534
Israel,Women,2005,0.175326314909046,Blood Pressure,17.5,6930100.0,25686.406,High income,"Middle East, North Africa, Afghanistan & Pakistan",1215028.8949511796
Israel,Women,2006,0.169841911787014,Blood Pressure,17.0,7053700.0,26571.256,High income,"Middle East, North Africa, Afghanistan & Pakistan",1198013.8931720606
Israel,Women,2007,0.164509609397583,Blood Pressure,16.5,7180100.0,27624.883,High income,"Middle East, North Africa, Afghanistan & Pakistan",1181195.4464355856
Israel,Women,2008,0.159323978973702,Blood Pressure,15.9,7308800.0,27857.62,High income,"Middle East, North Africa, Afghanistan & Pakistan",1164467.0975229933
Israel,Women,2009,0.15427215563596,Blood Pressure,15.4,7485600.0,27644.697,High income,"Middle East, North Africa, Afghanistan & Pakistan",1154819.6482285422
Israel,Women,2010,0.149450923330873,Blood Pressure,14.9,7623600.0,28575.531,High income,"Middle East, North Africa, Afghanistan & Pakistan",1139354.0591052435
Israel,Women,2011,0.144920047129229,Blood Pressure,14.5,7765800.0,29370.0,High income,"Middle East, North Africa, Afghanistan & Pakistan",1125420.1019961666
Israel,Women,2012,0.140416331114189,Blood Pressure,14.0,7910500.0,29580.836,High income,"Middle East, North Africa, Afghanistan & Pakistan",1110763.387278792
Israel,Women,2013,0.136081792554226,Blood Pressure,13.6,8059500.0,30316.602,High income,"Middle East, North Africa, Afghanistan & Pakistan",1096751.2070907846
Israel,Women,2014,0.13191777559527,Blood Pressure,13.2,8215700.0,30906.148,High income,"Middle East, North Africa, Afghanistan & Pakistan",1083796.8689580597
Israel,Women,2015,0.127925267004358,Blood Pressure,12.8,8380100.0,31050.408,High income,"Middle East, North Africa, Afghanistan & Pakistan",1072026.5300232205
Jordan,Women,1975,0.338066614471116,Blood Pressure,33.8,1899055.0,4117.0,,"Middle East, North Africa, Afghanistan & Pakistan",642007.0945444453
Jordan,Women,1976,0.336322969960978,Blood Pressure,33.6,1958177.0,4935.0,,"Middle East, North Africa, Afghanistan & Pakistan",658579.904349278
Jordan,Women,1977,0.334460863668228,Blood Pressure,33.4,2019002.0,5072.0,,"Middle East, North Africa, Afghanistan & Pakistan",675277.1526678797
Jordan,Women,1978,0.332402272748466,Blood Pressure,33.2,2083595.0,5926.0,,"Middle East, North Africa, Afghanistan & Pakistan",692591.71348734
Jordan,Women,1979,0.33032729643782,Blood Pressure,33.0,2153882.0,6247.0,,"Middle East, North Africa, Afghanistan & Pakistan",711486.0179060847
Jordan,Women,1980,0.328108941394304,Blood Pressure,32.8,2234186.0,7141.0,,"Middle East, North Africa, Afghanistan & Pakistan",733056.4033379746
Jordan,Women,1981,0.326175566629556,Blood Pressure,32.6,2325517.0,7176.0,,"Middle East, North Africa, Afghanistan & Pakistan",758526.8251816651
Jordan,Women,1982,0.324390919035277,Blood Pressure,32.4,2426927.0,7401.0,,"Middle East, North Africa, Afghanistan & Pakistan",787273.0799615277
Jordan,Women,1983,0.322598067919601,Blood Pressure,32.3,2537307.0,7262.0,,"Middle East, North Africa, Afghanistan & Pakistan",818530.335918879
Jordan,Women,1984,0.320783114520075,Blood Pressure,32.1,2654688.0,7599.0,,"Middle East, North Africa, Afghanistan & Pakistan",851579.084719069
Jordan,Women,1985,0.318881623107618,Blood Pressure,31.9,2778810.0,7578.0,,"Middle East, North Africa, Afghanistan & Pakistan",886111.44310768
Jordan,Women,1986,0.31676575091795,Blood Pressure,31.7,2909887.0,7973.0,,"Middle East, North Africa, Afghanistan & Pakistan",921752.5406413808
Jordan,Women,1987,0.314422249742753,Blood Pressure,31.4,3047634.0,7911.0,Lower middle income,"Middle East, North Africa, Afghanistan & Pakistan",958243.9386725053
Jordan,Women,1988,0.31181694219456,Blood Pressure,31.2,3193039.0,7571.0,Lower middle income,"Middle East, North Africa, Afghanistan & Pakistan",995643.6572879758
Jordan,Women,1989,0.309046431833233,Blood Pressure,30.9,3349627.0,6540.0,Lower middle income,"Middle East, North Africa, Afghanistan & Pakistan",1035190.2723222567
Jordan,Women,1990,0.306068980204682,Blood Pressure,30.6,3621908.0,6044.0,Lower middle income,"Middle East, North Africa, Afghanistan & Pakistan",1108553.6879551793
Jordan,Women,1991,0.302868274550714,Blood Pressure,30.3,3915149.0,5900.5093,Lower middle income,"Middle East, North Africa, Afghanistan & Pakistan",1185774.4222389534
Jordan,Women,1992,0.29938390740372,Blood Pressure,29.9,4127693.0,6456.123,Lower middle income,"Middle East, North Africa, Afghanistan & Pakistan",1235764.8589029831
Jordan,Women,1993,0.29570595434262,Blood Pressure,29.6,4348020.0,6460.6626,Lower middle income,"Middle East, North Africa, Afghanistan & Pakistan",1285735.4036007985
Jordan,Women,1994,0.291696108264945,Blood Pressure,29.2,4561406.0,6538.1733,Lower middle income,"Middle East, North Africa, Afghanistan & Pakistan",1330544.37841637
Jordan,Women,1995,0.28739501895371,Blood Pressure,28.7,4752096.0,6760.1084,Lower middle income,"Middle East, North Africa, Afghanistan & Pakistan",1365728.7199898495
Jordan,Women,1996,0.282767454458038,Blood Pressure,28.3,4912516.0,6783.229,Lower middle income,"Middle East, North Africa, Afghanistan & Pakistan",1389099.644304383
Jordan,Women,1997,0.27798222833807,Blood Pressure,27.8,5046285.0,6942.459,Lower middle income,"Middle East, North Africa, Afghanistan & Pakistan",1402777.5491289776
Jordan,Women,1998,0.27302538934353,Blood Pressure,27.3,5164284.0,7120.4937,Lower middle income,"Middle East, North Africa, Afghanistan & Pakistan",1409980.6497805624
Jordan,Women,1999,0.268022515924444,Blood Pressure,26.8,5276444.0,7340.4937,Lower middle income,"Middle East, North Africa, Afghanistan & Pakistan",1414205.796014437
Jordan,Women,2000,0.262891536426636,Blood Pressure,26.3,5386945.0,7621.841,Lower middle income,"Middle East, North Africa, Afghanistan & Pakistan",1416182.2476957846
Jordan,Women,2001,0.257725780011576,Blood Pressure,25.8,5498894.0,7982.7407,Lower middle income,"Middle East, North Africa, Afghanistan & Pakistan",1417206.745350975
Jordan,Women,2002,0.252386069373974,Blood Pressure,25.2,5616066.0,8394.055,Lower middle income,"Middle East, North Africa, Afghanistan & Pakistan",1417416.8230848168
Jordan,Women,2003,0.247046269567473,Blood Pressure,24.7,5741828.0,8669.625,Lower middle income,"Middle East, North Africa, Afghanistan & Pakistan",1418497.1878980643
Jordan,Women,2004,0.241652153465595,Blood Pressure,24.2,5882061.0,9288.616,Lower middle income,"Middle East, North Africa, Afghanistan & Pakistan",1421412.7074659911
Jordan,Women,2005,0.236250616165769,Blood Pressure,23.6,6029587.0,9860.809,Lower middle income,"Middle East, North Africa, Afghanistan & Pakistan",1424493.6439751107
Jordan,Women,2006,0.230855803450476,Blood Pressure,23.1,6427371.0,10404.562,Lower middle income,"Middle East, North Africa, Afghanistan & Pakistan",1483795.8962792894
Jordan,Women,2007,0.22559558916191,Blood Pressure,22.6,6827227.0,10938.805,Lower middle income,"Middle East, North Africa, Afghanistan & Pakistan",1540192.2974070993
Jordan,Women,2008,0.220601916479577,Blood Pressure,22.1,6989866.0,11378.256,Lower middle income,"Middle East, North Africa, Afghanistan & Pakistan",1541977.835535435
Jordan,Women,2009,0.215746215831873,Blood Pressure,21.6,7141753.0,11651.25,Lower middle income,"Middle East, North Africa, Afghanistan & Pakistan",1540806.1841559266
Jordan,Women,2010,0.210965480532095,Blood Pressure,21.1,7297043.0,11601.088,Upper middle income,"Middle East, North Africa, Afghanistan & Pakistan",1539424.18295836
Jordan,Women,2011,0.206232843954356,Blood Pressure,20.6,7480424.0,11615.0,Upper middle income,"Middle East, North Africa, Afghanistan & Pakistan",1542709.1155044197
Jordan,Women,2012,0.201628104377511,Blood Pressure,20.2,7587127.0,11704.657,Upper middle income,"Middle East, North Africa, Afghanistan & Pakistan",1529778.034681432
Jordan,Women,2013,0.197129616493225,Blood Pressure,19.7,7991809.0,10834.426,Upper middle income,"Middle East, North Africa, Afghanistan & Pakistan",1575422.243257104
Jordan,Women,2014,0.192742764180857,Blood Pressure,19.3,8791710.0,9765.811,Upper middle income,"Middle East, North Africa, Afghanistan & Pakistan",1694538.4872764824
Jordan,Women,2015,0.188467382416493,Blood Pressure,18.8,9544729.0,9307.248,Upper middle income,"Middle East, North Africa, Afghanistan & Pakistan",1798870.090504791
Kuwait,Women,1975,0.440105461624939,Blood Pressure,44.0,1104863.0,28950.0,,"Middle East, North Africa, Afghanistan & Pakistan",486256.240647315
Kuwait,Women,1976,0.436606719298842,Blood Pressure,43.7,1178711.0,28956.0,,"Middle East, North Africa, Afghanistan & Pakistan",514633.14271145733
Kuwait,Women,1977,0.433078639895777,Blood Pressure,43.3,1258023.0,26168.0,,"Middle East, North Africa, Afghanistan & Pakistan",544822.8897976051
Kuwait,Women,1978,0.429510805524061,Blood Pressure,43.0,1340319.0,26363.0,,"Middle East, North Africa, Afghanistan & Pakistan",575681.493349204
Kuwait,Women,1979,0.425963150969044,Blood Pressure,42.6,1423514.0,28174.0,,"Middle East, North Africa, Afghanistan & Pakistan",606364.5088885478
Kuwait,Women,1980,0.422402039814957,Blood Pressure,42.2,1504782.0,21154.0,,"Middle East, North Africa, Afghanistan & Pakistan",635622.9862768307
Kuwait,Women,1981,0.418670214847384,Blood Pressure,41.9,1583426.0,16402.0,,"Middle East, North Africa, Afghanistan & Pakistan",662933.3036149339
Kuwait,Women,1982,0.414675491607921,Blood Pressure,41.5,1662480.0,13845.0,,"Middle East, North Africa, Afghanistan & Pakistan",689389.7112883365
Kuwait,Women,1983,0.410426668476236,Blood Pressure,41.0,1744295.0,14292.0,,"Middle East, North Africa, Afghanistan & Pakistan",715905.1856897561
Kuwait,Women,1984,0.405940205602132,Blood Pressure,40.6,1820688.0,14384.0,,"Middle East, North Africa, Afghanistan & Pakistan",739090.4610573346
Kuwait,Women,1985,0.401098458844039,Blood Pressure,40.1,1894242.0,13015.0,,"Middle East, North Africa, Afghanistan & Pakistan",759777.5468776501
Kuwait,Women,1986,0.395772297374405,Blood Pressure,39.6,1972520.0,13509.0,,"Middle East, North Africa, Afghanistan & Pakistan",780668.7720169614
Kuwait,Women,1987,0.389986052083102,Blood Pressure,39.0,2052994.0,12416.0,High income,"Middle East, North Africa, Afghanistan & Pakistan",800639.0250102959
Kuwait,Women,1988,0.383603660539534,Blood Pressure,38.4,2134707.0,12317.0,High income,"Middle East, North Africa, Afghanistan & Pakistan",818881.419379367
Kuwait,Women,1989,0.376745282080714,Blood Pressure,37.7,2217468.0,12701.0,High income,"Middle East, North Africa, Afghanistan & Pakistan",835420.6071649567
Kuwait,Women,1990,0.369541917724018,Blood Pressure,37.0,1684819.0,9757.0,High income,"Middle East, North Africa, Afghanistan & Pakistan",622611.2442778622
Kuwait,Women,1991,0.362338580299902,Blood Pressure,36.2,1351399.0,6310.9067,High income,"Middle East, North Africa, Afghanistan & Pakistan",489663.9950787073
Kuwait,Women,1992,0.35493958729638,Blood Pressure,35.5,1634961.0,12965.067,High income,"Middle East, North Africa, Afghanistan & Pakistan",580312.3825856767
Kuwait,Women,1993,0.347498024153185,Blood Pressure,34.7,1672151.0,19955.314,High income,"Middle East, North Africa, Afghanistan & Pakistan",581069.1685857724
Kuwait,Women,1994,0.340281549096906,Blood Pressure,34.0,1664361.0,24532.414,High income,"Middle East, North Africa, Afghanistan & Pakistan",566351.3393364756
Kuwait,Women,1995,0.333229691724378,Blood Pressure,33.3,1681513.0,27552.96,High income,"Middle East, North Africa, Afghanistan & Pakistan",560330.058620534
Kuwait,Women,1996,0.326297417976555,Blood Pressure,32.6,1730246.0,29612.66,High income,"Middle East, North Africa, Afghanistan & Pakistan",564574.8022642623
Kuwait,Women,1997,0.319500867787277,Blood Pressure,32.0,1787683.0,31511.191,High income,"Middle East, North Africa, Afghanistan & Pakistan",571166.2698285627
Kuwait,Women,1998,0.312753464601257,Blood Pressure,31.3,1844302.0,33331.297,High income,"Middle East, North Africa, Afghanistan & Pakistan",576811.8402710275
Kuwait,Women,1999,0.306022833903021,Blood Pressure,30.6,1900030.0,33351.195,High income,"Middle East, North Africa, Afghanistan & Pakistan",581452.5651007569
Kuwait,Women,2000,0.299229955289902,Blood Pressure,29.9,1954709.0,35844.746,High income,"Middle East, North Africa, Afghanistan & Pakistan",584907.486674769
Kuwait,Women,2001,0.292415273470856,Blood Pressure,29.2,2008121.0,37225.87,High income,"Middle East, North Africa, Afghanistan & Pakistan",587205.2513775688
Kuwait,Women,2002,0.285725711708802,Blood Pressure,28.6,2059974.0,39943.15,High income,"Middle East, North Africa, Afghanistan & Pakistan",588587.5372516277
Kuwait,Women,2003,0.279084680806262,Blood Pressure,27.9,2109881.0,48809.71,High income,"Middle East, North Africa, Afghanistan & Pakistan",588835.4654241968
Kuwait,Women,2004,0.272518612125443,Blood Pressure,27.3,2157320.0,55911.793,High income,"Middle East, North Africa, Afghanistan & Pakistan",587909.8523104606
Kuwait,Women,2005,0.26604451481348,Blood Pressure,26.6,2236788.0,62959.6,High income,"Middle East, North Africa, Afghanistan & Pakistan",595085.1782006143
Kuwait,Women,2006,0.259412182737887,Blood Pressure,25.9,2364733.0,68546.14,High income,"Middle East, North Africa, Afghanistan & Pakistan",613440.5491223118
Kuwait,Women,2007,0.252758201039917,Blood Pressure,25.3,2507887.0,73096.87,High income,"Middle East, North Africa, Afghanistan & Pakistan",633889.0065313942
Kuwait,Women,2008,0.246178866102004,Blood Pressure,24.6,2651421.0,75138.12,High income,"Middle East, North Africa, Afghanistan & Pakistan",652723.8153390415
Kuwait,Women,2009,0.239695286366611,Blood Pressure,24.0,2795484.0,70072.73,High income,"Middle East, North Africa, Afghanistan & Pakistan",670064.3379132792
Kuwait,Women,2010,0.233253558978681,Blood Pressure,23.3,2943372.0,68865.31,High income,"Middle East, North Africa, Afghanistan & Pakistan",686551.9943981982
Kuwait,Women,2011,0.226777903343609,Blood Pressure,22.7,3132814.0,77126.0,High income,"Middle East, North Africa, Afghanistan & Pakistan",710452.9904855051
Kuwait,Women,2012,0.220603222577563,Blood Pressure,22.1,3337109.0,80657.13,High income,"Middle East, North Africa, Afghanistan & Pakistan",736176.9994925887
Kuwait,Women,2013,0.214575145403923,Blood Pressure,21.5,3507844.0,80098.64,High income,"Middle East, North Africa, Afghanistan & Pakistan",752696.1363542789
Kuwait,Women,2014,0.208698688320806,Blood Pressure,20.9,3665876.0,79103.414,High income,"Middle East, North Africa, Afghanistan & Pakistan",765063.512746723
Kuwait,Women,2015,0.202998911248946,Blood Pressure,20.3,3834574.0,78261.195,High income,"Middle East, North Africa, Afghanistan & Pakistan",778414.3471035159
Lebanon,Women,1975,0.349372858535369,Blood Pressure,34.9,2693191.0,5742.0,,"Middle East, North Africa, Afghanistan & Pakistan",940927.8382517289
Lebanon,Women,1976,0.349795728748731,Blood Pressure,35.0,2726469.0,2442.0,,"Middle East, North Africa, Afghanistan & Pakistan",953707.2107658238
Lebanon,Women,1977,0.349860628331314,Blood Pressure,35.0,2762155.0,4417.0,,"Middle East, North Africa, Afghanistan & Pakistan",966369.2838484806
Lebanon,Women,1978,0.349644552683657,Blood Pressure,35.0,2822682.0,4218.0,,"Middle East, North Africa, Afghanistan & Pakistan",986935.3852582104
Lebanon,Women,1979,0.349206040885357,Blood Pressure,34.9,2882635.0,4536.0,,"Middle East, North Africa, Afghanistan & Pakistan",1006633.5556675611
Lebanon,Women,1980,0.348574179483844,Blood Pressure,34.9,2944763.0,4608.0,,"Middle East, North Africa, Afghanistan & Pakistan",1026468.3464993829
Lebanon,Women,1981,0.347705010805779,Blood Pressure,34.8,3008981.0,4549.0,,"Middle East, North Africa, Afghanistan & Pakistan",1046237.7711193836
Lebanon,Women,1982,0.346566936991561,Blood Pressure,34.7,3054931.0,2823.0,,"Middle East, North Africa, Afghanistan & Pakistan",1058738.0793905663
Lebanon,Women,1983,0.345157401050643,Blood Pressure,34.5,3094996.0,3402.0,,"Middle East, North Africa, Afghanistan & Pakistan",1068260.775622136
Lebanon,Women,1984,0.343360428441363,Blood Pressure,34.3,3152744.0,4828.0,,"Middle East, North Africa, Afghanistan & Pakistan",1082527.5306059367
Lebanon,Women,1985,0.341048227546657,Blood Pressure,34.1,3217376.0,5895.0,,"Middle East, North Africa, Afghanistan & Pakistan",1097280.382151153
Lebanon,Women,1986,0.337995744229474,Blood Pressure,33.8,3300365.0,5400.0,,"Middle East, North Africa, Afghanistan & Pakistan",1115509.3244039079
Lebanon,Women,1987,0.334140267469218,Blood Pressure,33.4,3385555.0,6202.0,Lower middle income,"Middle East, North Africa, Afghanistan & Pakistan",1131250.2532317482
Lebanon,Women,1988,0.329626931834408,Blood Pressure,33.0,3454649.0,4385.0,Lower middle income,"Middle East, North Africa, Afghanistan & Pakistan",1138745.3504348057
Lebanon,Women,1989,0.324443519707611,Blood Pressure,32.4,3525285.0,2488.0,Lower middle income,"Middle East, North Africa, Afghanistan & Pakistan",1143755.8733724453
Lebanon,Women,1990,0.318607242515061,Blood Pressure,31.9,3595175.0,3086.0,Lower middle income,"Middle East, North Africa, Afghanistan & Pakistan",1145448.7931090845
Lebanon,Women,1991,0.31202195857424,Blood Pressure,31.2,3668912.0,4326.2993,Lower middle income,"Middle East, North Africa, Afghanistan & Pakistan",1144781.108076532
Lebanon,Women,1992,0.305024763518276,Blood Pressure,30.5,3747371.0,4618.0054,Lower middle income,"Middle East, North Africa, Afghanistan & Pakistan",1143040.9530902456
Lebanon,Women,1993,0.297861271017191,Blood Pressure,29.8,3820647.0,5053.2803,Lower middle income,"Middle East, North Africa, Afghanistan & Pakistan",1138022.7715280177
Lebanon,Women,1994,0.290688054542874,Blood Pressure,29.1,3889799.0,5585.667,Lower middle income,"Middle East, North Africa, Afghanistan & Pakistan",1130718.1038728168
Lebanon,Women,1995,0.283455600777971,Blood Pressure,28.3,3960735.0,6095.397,Lower middle income,"Middle East, North Africa, Afghanistan & Pakistan",1122692.518947337
Lebanon,Women,1996,0.27612700560537,Blood Pressure,27.6,4034781.0,6567.4004,Lower middle income,"Middle East, North Africa, Afghanistan & Pakistan",1114111.9958034405
Lebanon,Women,1997,0.268739881296284,Blood Pressure,26.9,4108405.0,6581.053,Upper middle income,"Middle East, North Africa, Afghanistan & Pakistan",1104092.2720170596
Lebanon,Women,1998,0.261363945611031,Blood Pressure,26.1,4181281.0,6994.1567,Upper middle income,"Middle East, North Africa, Afghanistan & Pakistan",1092836.0998684373
Lebanon,Women,1999,0.254182833972537,Blood Pressure,25.4,4255277.0,7147.5547,Upper middle income,"Middle East, North Africa, Afghanistan & Pakistan",1081618.3671981553
Lebanon,Women,2000,0.24723316519874,Blood Pressure,24.7,4329340.0,7405.707,Upper middle income,"Middle East, North Africa, Afghanistan & Pakistan",1070356.431421513
Lebanon,Women,2001,0.240474140807988,Blood Pressure,24.0,4401918.0,7836.8267,Upper middle income,"Middle East, North Africa, Afghanistan & Pakistan",1058547.448957217
Lebanon,Women,2002,0.234103475042471,Blood Pressure,23.4,4463504.0,8248.101,Upper middle income,"Middle East, North Africa, Afghanistan & Pakistan",1044921.7972659694
Lebanon,Women,2003,0.228084892133593,Blood Pressure,22.8,4525508.0,8671.1875,Upper middle income,"Middle East, North Africa, Afghanistan & Pakistan",1032200.0040297122
Lebanon,Women,2004,0.22246436444124,Blood Pressure,22.2,4599279.0,9491.61,Upper middle income,"Middle East, North Africa, Afghanistan & Pakistan",1023175.6796229418
Lebanon,Women,2005,0.217309050210738,Blood Pressure,21.7,4671102.0,9933.082,Upper middle income,"Middle East, North Africa, Afghanistan & Pakistan",1015072.7390574786
Lebanon,Women,2006,0.212567512582132,Blood Pressure,21.3,4751136.0,10236.868,Upper middle income,"Middle East, North Africa, Afghanistan & Pakistan",1009937.1614594202
Lebanon,Women,2007,0.208149206345395,Blood Pressure,20.8,4844118.0,11276.507,Upper middle income,"Middle East, North Africa, Afghanistan & Pakistan",1008299.3171434421
Lebanon,Women,2008,0.203986777832817,Blood Pressure,20.4,4925354.0,12479.107,Upper middle income,"Middle East, North Africa, Afghanistan & Pakistan",1004707.0921459765
Lebanon,Women,2009,0.199927431375363,Blood Pressure,20.0,4992287.0,14039.346,Upper middle income,"Middle East, North Africa, Afghanistan & Pakistan",998095.1165986168
Lebanon,Women,2010,0.195989270939239,Blood Pressure,19.6,5041288.0,15622.367,Upper middle income,"Middle East, North Africa, Afghanistan & Pakistan",988038.3597147344
Lebanon,Women,2011,0.192182895086998,Blood Pressure,19.2,5096020.0,16230.0,Upper middle income,"Middle East, North Africa, Afghanistan & Pakistan",979367.8770212436
Lebanon,Women,2012,0.188577823327704,Blood Pressure,18.9,5235742.0,16284.763,Upper middle income,"Middle East, North Africa, Afghanistan & Pakistan",987344.8298654397
Lebanon,Women,2013,0.185080839669127,Blood Pressure,18.5,5743436.0,15145.569,Upper middle income,"Middle East, North Africa, Afghanistan & Pakistan",1062999.9574658922
Lebanon,Women,2014,0.181647988056993,Blood Pressure,18.2,6346990.0,13586.273,Upper middle income,"Middle East, North Africa, Afghanistan & Pakistan",1152917.963717854
Lebanon,Women,2015,0.178305277515836,Blood Pressure,17.8,6472469.0,12982.721,Upper middle income,"Middle East, North Africa, Afghanistan & Pakistan",1154075.3812576456
Libya,Women,1975,0.351567614932737,Blood Pressure,35.2,2571556.0,6872.0,,"Middle East, North Africa, Afghanistan & Pakistan",904075.8095859695
Libya,Women,1976,0.355751040326945,Blood Pressure,35.6,2721237.0,8142.0,,"Middle East, North Africa, Afghanistan & Pakistan",968082.8937261748
Libya,Women,1977,0.358998799074446,Blood Pressure,35.9,2881533.0,8682.0,,"Middle East, North Africa, Afghanistan & Pakistan",1034466.8864933855
Libya,Women,1978,0.361378186385408,Blood Pressure,36.1,3052526.0,8730.0,,"Middle East, North Africa, Afghanistan & Pakistan",1103116.3097743038
Libya,Women,1979,0.363004760674357,Blood Pressure,36.3,3233846.0,9086.0,,"Middle East, North Africa, Afghanistan & Pakistan",1173901.4932877268
Libya,Women,1980,0.363997979754615,Blood Pressure,36.4,3424378.0,8741.0,,"Middle East, North Africa, Afghanistan & Pakistan",1246466.673916149
Libya,Women,1981,0.364279530132882,Blood Pressure,36.4,3621486.0,6760.0,,"Middle East, North Africa, Afghanistan & Pakistan",1319233.2184628104
Libya,Women,1982,0.363913646201648,Blood Pressure,36.4,3724765.0,6661.0,,"Middle East, North Africa, Afghanistan & Pakistan",1355492.8123942814
Libya,Women,1983,0.363095145060784,Blood Pressure,36.3,3718961.0,6237.0,,"Middle East, North Africa, Afghanistan & Pakistan",1350336.6837703984
Libya,Women,1984,0.361828133433067,Blood Pressure,36.2,3773633.0,5695.0,,"Middle East, North Africa, Afghanistan & Pakistan",1365406.584651425
Libya,Women,1985,0.360135256681453,Blood Pressure,36.0,3898745.0,6092.0,,"Middle East, North Africa, Afghanistan & Pakistan",1404075.5313105315
Libya,Women,1986,0.357634367416008,Blood Pressure,35.8,4017403.0,5370.0,,"Middle East, North Africa, Afghanistan & Pakistan",1436761.380560173
Libya,Women,1987,0.354380580365735,Blood Pressure,35.4,4129739.0,4465.0,Upper middle income,"Middle East, North Africa, Afghanistan & Pakistan",1463499.30357901
Libya,Women,1988,0.350452587013886,Blood Pressure,35.0,4237755.0,4670.0,Upper middle income,"Middle East, North Africa, Afghanistan & Pakistan",1485132.2028810305
Libya,Women,1989,0.345982285983998,Blood Pressure,34.6,4342920.0,4873.0,Upper middle income,"Middle East, North Africa, Afghanistan & Pakistan",1502573.3894456245
Libya,Women,1990,0.341095854861871,Blood Pressure,34.1,4445239.0,4921.0,Upper middle income,"Middle East, North Africa, Afghanistan & Pakistan",1516252.5967703285
Libya,Women,1991,0.335983486948608,Blood Pressure,33.6,4544400.0,5977.337,Upper middle income,"Middle East, North Africa, Afghanistan & Pakistan",1526843.3580892542
Libya,Women,1992,0.330746405866898,Blood Pressure,33.1,4640352.0,6113.3535,Upper middle income,"Middle East, North Africa, Afghanistan & Pakistan",1534779.745957272
Libya,Women,1993,0.325420744002512,Blood Pressure,32.5,4733045.0,6190.681,Upper middle income,"Middle East, North Africa, Afghanistan & Pakistan",1540231.0252973693
Libya,Women,1994,0.320092948206709,Blood Pressure,32.0,4822037.0,6645.0767,Upper middle income,"Middle East, North Africa, Afghanistan & Pakistan",1543500.0396918345
Libya,Women,1995,0.314851896365805,Blood Pressure,31.5,4906843.0,6898.952,Upper middle income,"Middle East, North Africa, Afghanistan & Pakistan",1544928.8237192759
Libya,Women,1996,0.30964604031403,Blood Pressure,31.0,4987393.0,7543.9355,Upper middle income,"Middle East, North Africa, Afghanistan & Pakistan",1544326.493939911
Libya,Women,1997,0.304593559189665,Blood Pressure,30.5,5064639.0,8422.215,Upper middle income,"Middle East, North Africa, Afghanistan & Pakistan",1542656.419020786
Libya,Women,1998,0.299626734293296,Blood Pressure,30.0,5140704.0,8545.48,Upper middle income,"Middle East, North Africa, Afghanistan & Pakistan",1540292.3514884838
Libya,Women,1999,0.294787753895696,Blood Pressure,29.5,5218038.0,9064.067,Upper middle income,"Middle East, North Africa, Afghanistan & Pakistan",1538213.7017623899
Libya,Women,2000,0.289985085405827,Blood Pressure,29.0,5305021.0,9770.98,Upper middle income,"Middle East, North Africa, Afghanistan & Pakistan",1538376.967764706
Libya,Women,2001,0.285245278205865,Blood Pressure,28.5,5403639.0,10354.482,Upper middle income,"Middle East, North Africa, Afghanistan & Pakistan",1541362.509879062
Libya,Women,2002,0.280521495185592,Blood Pressure,28.1,5508410.0,10787.675,Upper middle income,"Middle East, North Africa, Afghanistan & Pakistan",1545227.4092952667
Libya,Women,2003,0.275729132261212,Blood Pressure,27.6,5619398.0,12870.574,Upper middle income,"Middle East, North Africa, Afghanistan & Pakistan",1549431.7343703902
Libya,Women,2004,0.270954595886395,Blood Pressure,27.1,5736693.0,14193.259,Upper middle income,"Middle East, North Africa, Afghanistan & Pakistan",1554383.3335393108
Libya,Women,2005,0.266227628832262,Blood Pressure,26.6,5858798.0,16538.557,Upper middle income,"Middle East, North Africa, Afghanistan & Pakistan",1559773.899347199
Libya,Women,2006,0.261576533068593,Blood Pressure,26.2,5980211.0,18657.062,Upper middle income,"Middle East, North Africa, Afghanistan & Pakistan",1564282.8603986637
Libya,Women,2007,0.256963094389198,Blood Pressure,25.7,6104380.0,20731.719,Upper middle income,"Middle East, North Africa, Afghanistan & Pakistan",1568600.3741275326
Libya,Women,2008,0.252397368905264,Blood Pressure,25.2,6235430.0,25140.6,Upper middle income,"Middle East, North Africa, Afghanistan & Pakistan",1573806.1259929503
Libya,Women,2009,0.247848891050007,Blood Pressure,24.8,6366686.0,26403.787,Upper middle income,"Middle East, North Africa, Afghanistan & Pakistan",1577976.064763605
Libya,Women,2010,0.243312626914406,Blood Pressure,24.3,6497839.0,29157.143,Upper middle income,"Middle East, North Africa, Afghanistan & Pakistan",1581006.276356877
Libya,Women,2011,0.238770627089544,Blood Pressure,23.9,6343203.0,12893.0,Upper middle income,"Middle East, North Africa, Afghanistan & Pakistan",1514570.5580662768
Libya,Women,2012,0.234374352477576,Blood Pressure,23.4,6179328.0,25302.516,Upper middle income,"Middle East, North Africa, Afghanistan & Pakistan",1448275.9987465546
Libya,Women,2013,0.230040453836098,Blood Pressure,23.0,6304628.0,20190.09,Upper middle income,"Middle East, North Africa, Afghanistan & Pakistan",1450319.4863877709
Libya,Women,2014,0.225743099834068,Blood Pressure,22.6,6427252.0,15154.099,Upper middle income,"Middle East, North Africa, Afghanistan & Pakistan",1450907.7898947133
Libya,Women,2015,0.221505664945924,Blood Pressure,22.2,6531819.0,14720.548,Upper middle income,"Middle East, North Africa, Afghanistan & Pakistan",1446834.9109014203
Malta,Women,1975,0.396177540703368,Blood Pressure,39.6,304222.0,5738.0,,"Middle East, North Africa, Afghanistan & Pakistan",120525.92378786003
Malta,Women,1976,0.390008480568795,Blood Pressure,39.0,305774.0,6684.0,,"Middle East, North Africa, Afghanistan & Pakistan",119254.45313744272
Malta,Women,1977,0.38387740480756,Blood Pressure,38.4,306970.0,7438.0,,"Middle East, North Africa, Afghanistan & Pakistan",117838.8469537767
Malta,Women,1978,0.377790394431981,Blood Pressure,37.8,310182.0,8080.0,,"Middle East, North Africa, Afghanistan & Pakistan",117183.78012570072
Malta,Women,1979,0.371611160442499,Blood Pressure,37.2,313342.0,8745.0,,"Middle East, North Africa, Afghanistan & Pakistan",116441.38423537351
Malta,Women,1980,0.365260156618496,Blood Pressure,36.5,316645.0,8920.0,,"Middle East, North Africa, Afghanistan & Pakistan",115657.80229246366
Malta,Women,1981,0.358742054616793,Blood Pressure,35.9,318982.0,9224.0,,"Middle East, North Africa, Afghanistan & Pakistan",114432.25806577386
Malta,Women,1982,0.352058268567921,Blood Pressure,35.2,325898.0,9526.0,,"Middle East, North Africa, Afghanistan & Pakistan",114735.08560974832
Malta,Women,1983,0.345283902558557,Blood Pressure,34.5,330524.0,9586.0,,"Middle East, North Africa, Afghanistan & Pakistan",114124.6166092645
Malta,Women,1984,0.33839552845686,Blood Pressure,33.8,330593.0,9797.0,,"Middle East, North Africa, Afghanistan & Pakistan",111871.19293913871
Malta,Women,1985,0.331460171978161,Blood Pressure,33.1,336452.0,10176.0,,"Middle East, North Africa, Afghanistan & Pakistan",111520.43778239623
Malta,Women,1986,0.324581123984021,Blood Pressure,32.5,342121.0,10584.0,,"Middle East, North Africa, Afghanistan & Pakistan",111046.01871853725
Malta,Women,1987,0.317797028516109,Blood Pressure,31.8,344485.0,10943.0,Upper middle income,"Middle East, North Africa, Afghanistan & Pakistan",109476.30936837182
Malta,Women,1988,0.311089184495675,Blood Pressure,31.1,347325.0,11765.0,Upper middle income,"Middle East, North Africa, Afghanistan & Pakistan",108049.05100496033
Malta,Women,1989,0.304511534014658,Blood Pressure,30.5,350722.0,12607.0,High income,"Middle East, North Africa, Afghanistan & Pakistan",106798.8942326889
Malta,Women,1990,0.29789583567175,Blood Pressure,29.8,354170.0,13259.0,Upper middle income,"Middle East, North Africa, Afghanistan & Pakistan",105505.76811986369
Malta,Women,1991,0.291367963142025,Blood Pressure,29.1,363845.0,13834.927,Upper middle income,"Middle East, North Africa, Afghanistan & Pakistan",106012.77654941009
Malta,Women,1992,0.284909004645989,Blood Pressure,28.5,367618.0,14341.302,Upper middle income,"Middle East, North Africa, Afghanistan & Pakistan",104737.67846994918
Malta,Women,1993,0.278424444151041,Blood Pressure,27.8,371308.0,14840.319,Upper middle income,"Middle East, North Africa, Afghanistan & Pakistan",103381.22350883474
Malta,Women,1994,0.271894540765737,Blood Pressure,27.2,374797.0,15539.06,Upper middle income,"Middle East, North Africa, Afghanistan & Pakistan",101905.25819537592
Malta,Women,1995,0.265327263472213,Blood Pressure,26.5,377419.0,16417.174,Upper middle income,"Middle East, North Africa, Afghanistan & Pakistan",100139.55045241916
Malta,Women,1996,0.258749783963563,Blood Pressure,25.9,379905.0,16932.047,Upper middle income,"Middle East, North Africa, Afghanistan & Pakistan",98300.33667667741
Malta,Women,1997,0.25225731656426,Blood Pressure,25.2,382791.0,17694.79,Upper middle income,"Middle East, North Africa, Afghanistan & Pakistan",96561.83046494964
Malta,Women,1998,0.245621447224365,Blood Pressure,24.6,385287.0,18488.666,High income,"Middle East, North Africa, Afghanistan & Pakistan",94634.75053673392
Malta,Women,1999,0.238959904355246,Blood Pressure,23.9,387578.0,19254.365,Upper middle income,"Middle East, North Africa, Afghanistan & Pakistan",92615.60181019754
Malta,Women,2000,0.232271410387505,Blood Pressure,23.2,390087.0,20434.549,High income,"Middle East, North Africa, Afghanistan & Pakistan",90606.05766383067
Malta,Women,2001,0.225546040732968,Blood Pressure,22.6,393028.0,20413.05,Upper middle income,"Middle East, North Africa, Afghanistan & Pakistan",88645.90929719695
Malta,Women,2002,0.218801533502432,Blood Pressure,21.9,395969.0,20873.984,High income,"Middle East, North Africa, Afghanistan & Pakistan",86638.6244194245
Malta,Women,2003,0.212174222886889,Blood Pressure,21.2,398582.0,21273.135,High income,"Middle East, North Africa, Afghanistan & Pakistan",84568.82610670199
Malta,Women,2004,0.205677825242548,Blood Pressure,20.6,401268.0,21233.002,High income,"Middle East, North Africa, Afghanistan & Pakistan",82531.92957942675
Malta,Women,2005,0.199243926674811,Blood Pressure,19.9,403834.0,21905.215,High income,"Middle East, North Africa, Afghanistan & Pakistan",80461.47188479562
Malta,Women,2006,0.192944326488608,Blood Pressure,19.3,405308.0,22233.717,High income,"Middle East, North Africa, Afghanistan & Pakistan",78201.87908044472
Malta,Women,2007,0.186714130556823,Blood Pressure,18.7,406724.0,23048.264,High income,"Middle East, North Africa, Afghanistan & Pakistan",75941.11803659328
Malta,Women,2008,0.180688136290828,Blood Pressure,18.1,409379.0,23674.594,High income,"Middle East, North Africa, Afghanistan & Pakistan",73969.92854660288
Malta,Women,2009,0.174852609190655,Blood Pressure,17.5,412477.0,22927.654,High income,"Middle East, North Africa, Afghanistan & Pakistan",72122.67968113381
Malta,Women,2010,0.169218535513732,Blood Pressure,16.9,414508.0,23632.625,High income,"Middle East, North Africa, Afghanistan & Pakistan",70142.43671872602
Malta,Women,2011,0.163781243872687,Blood Pressure,16.4,416268.0,23871.0,High income,"Middle East, North Africa, Afghanistan & Pakistan",68176.89082439567
Malta,Women,2012,0.158480000384328,Blood Pressure,15.8,420028.0,24629.777,High income,"Middle East, North Africa, Afghanistan & Pakistan",66566.03760142851
Malta,Women,2013,0.153339861037598,Blood Pressure,15.3,424810.0,25611.121,High income,"Middle East, North Africa, Afghanistan & Pakistan",65140.30636738201
Malta,Women,2014,0.148334512283816,Blood Pressure,14.8,433481.0,27007.89,High income,"Middle East, North Africa, Afghanistan & Pakistan",64300.192719300845
Malta,Women,2015,0.143484102830038,Blood Pressure,14.3,444220.0,28906.48,High income,"Middle East, North Africa, Afghanistan & Pakistan",63738.508159159486
Morocco,Women,1975,0.310132189153462,Blood Pressure,31.0,17150786.0,2919.0,,"Middle East, North Africa, Afghanistan & Pakistan",5319010.807882548
Morocco,Women,1976,0.311194855597951,Blood Pressure,31.1,17574182.0,3175.0,,"Middle East, North Africa, Afghanistan & Pakistan",5468995.02974211
Morocco,Women,1977,0.312180175501316,Blood Pressure,31.2,18014756.0,3268.0,,"Middle East, North Africa, Afghanistan & Pakistan",5623849.689693386
Morocco,Women,1978,0.313057235268397,Blood Pressure,31.3,18477385.0,3298.0,,"Middle East, North Africa, Afghanistan & Pakistan",5784479.06308975
Morocco,Women,1979,0.313796082282621,Blood Pressure,31.4,18955589.0,3382.0,,"Middle East, North Africa, Afghanistan & Pakistan",5948189.5655595455
Morocco,Women,1980,0.314415236662274,Blood Pressure,31.4,19459943.0,3622.0,,"Middle East, North Africa, Afghanistan & Pakistan",6118502.583779362
Morocco,Women,1981,0.314923174644245,Blood Pressure,31.5,19985401.0,3457.0,,"Middle East, North Africa, Afghanistan & Pakistan",6293865.929458269
Morocco,Women,1982,0.315275575265804,Blood Pressure,31.5,20520318.0,3725.0,,"Middle East, North Africa, Afghanistan & Pakistan",6469555.062087233
Morocco,Women,1983,0.315536036625597,Blood Pressure,31.6,21060696.0,3606.0,,"Middle East, North Africa, Afghanistan & Pakistan",6645408.544416564
Morocco,Women,1984,0.315682109318382,Blood Pressure,31.6,21593778.0,3657.0,,"Middle East, North Africa, Afghanistan & Pakistan",6816769.387192871
Morocco,Women,1985,0.315736518452615,Blood Pressure,31.6,22113953.0,3784.0,,"Middle East, North Africa, Afghanistan & Pakistan",6982182.529444762
Morocco,Women,1986,0.315703129634701,Blood Pressure,31.6,22600803.0,3977.0,,"Middle East, North Africa, Afghanistan & Pakistan",7135144.239357339
Morocco,Women,1987,0.315625563125268,Blood Pressure,31.6,23054392.0,3790.0,Lower middle income,"Middle East, North Africa, Afghanistan & Pakistan",7276555.457510674
Morocco,Women,1988,0.315479445769159,Blood Pressure,31.5,23500524.0,4077.0,Lower middle income,"Middle East, North Africa, Afghanistan & Pakistan",7413932.2868048195
Morocco,Women,1989,0.315203501165964,Blood Pressure,31.5,23939414.0,4073.0,Lower middle income,"Middle East, North Africa, Afghanistan & Pakistan",7545787.108661495
Morocco,Women,1990,0.314798175276351,Blood Pressure,31.5,24375551.0,4130.0,Lower middle income,"Middle East, North Africa, Afghanistan & Pakistan",7673378.976155633
Morocco,Women,1991,0.314218106827184,Blood Pressure,31.4,24799014.0,4353.7295,Lower middle income,"Middle East, North Africa, Afghanistan & Pakistan",7792299.230260831
Morocco,Women,1992,0.313541945484425,Blood Pressure,31.4,25212468.0,4194.447,Lower middle income,"Middle East, North Africa, Afghanistan & Pakistan",7905166.26718381
Morocco,Women,1993,0.312736236338354,Blood Pressure,31.3,25614586.0,4097.281,Lower middle income,"Middle East, North Africa, Afghanistan & Pakistan",8010609.221005094
Morocco,Women,1994,0.311837128611339,Blood Pressure,31.2,26000822.0,4461.0625,Lower middle income,"Middle East, North Africa, Afghanistan & Pakistan",8108021.674014533
Morocco,Women,1995,0.310853927387202,Blood Pressure,31.1,26399429.0,4156.9253,Lower middle income,"Middle East, North Africa, Afghanistan & Pakistan",8206366.185429595
Morocco,Women,1996,0.309677765371643,Blood Pressure,31.0,26808107.0,4603.652,Lower middle income,"Middle East, North Africa, Afghanistan & Pakistan",8301874.6696039
Morocco,Women,1997,0.3082985576949,Blood Pressure,30.8,27213337.0,4469.19,Lower middle income,"Middle East, North Africa, Afghanistan & Pakistan",8389832.547165256
Morocco,Women,1998,0.306686643720226,Blood Pressure,30.7,27621648.0,4729.183,Lower middle income,"Middle East, North Africa, Afghanistan & Pakistan",8471190.519141493
Morocco,Women,1999,0.304870846197684,Blood Pressure,30.5,28027179.0,4720.7715,Lower middle income,"Middle East, North Africa, Afghanistan & Pakistan",8544669.77826396
Morocco,Women,2000,0.302929937790195,Blood Pressure,30.3,28423435.0,4753.638,Lower middle income,"Middle East, North Africa, Afghanistan & Pakistan",8610309.396333652
Morocco,Women,2001,0.30079691592085,Blood Pressure,30.1,28814643.0,5042.073,Lower middle income,"Middle East, North Africa, Afghanistan & Pakistan",8667355.747760309
Morocco,Women,2002,0.298491422976768,Blood Pressure,29.8,29198142.0,5140.8726,Lower middle income,"Middle East, North Africa, Afghanistan & Pakistan",8715394.953857735
Morocco,Women,2003,0.295970979074494,Blood Pressure,29.6,29571415.0,5386.8506,Lower middle income,"Middle East, North Africa, Afghanistan & Pakistan",8752280.650168179
Morocco,Women,2004,0.293265943502496,Blood Pressure,29.3,29953018.0,5584.154,Lower middle income,"Middle East, North Africa, Afghanistan & Pakistan",8784200.084517246
Morocco,Women,2005,0.290433855105053,Blood Pressure,29.0,30358144.0,5708.0312,Lower middle income,"Middle East, North Africa, Afghanistan & Pakistan",8817032.795754334
Morocco,Women,2006,0.287407310806578,Blood Pressure,28.7,30771178.0,6076.9526,Lower middle income,"Middle East, North Africa, Afghanistan & Pakistan",8843861.519330535
Morocco,Women,2007,0.284312588069321,Blood Pressure,28.4,31186468.0,6228.4316,Lower middle income,"Middle East, North Africa, Afghanistan & Pakistan",8866705.429821063
Morocco,Women,2008,0.281215477931602,Blood Pressure,28.1,31606767.0,6530.978,Lower middle income,"Middle East, North Africa, Afghanistan & Pakistan",8888312.087777786
Morocco,Women,2009,0.278098897436101,Blood Pressure,27.8,32030778.0,6741.4604,Lower middle income,"Middle East, North Africa, Afghanistan & Pakistan",8907724.045820521
Morocco,Women,2010,0.274902983883127,Blood Pressure,27.5,32467016.0,6931.558,Lower middle income,"Middle East, North Africa, Afghanistan & Pakistan",8925279.576181227
Morocco,Women,2011,0.271684424279337,Blood Pressure,27.2,32912588.0,7226.0,Lower middle income,"Middle East, North Africa, Afghanistan & Pakistan",8941837.522323014
Morocco,Women,2012,0.268391755896351,Blood Pressure,26.8,33355241.0,7355.326,Lower middle income,"Middle East, North Africa, Afghanistan & Pakistan",8952271.700335959
Morocco,Women,2013,0.265079632938913,Blood Pressure,26.5,33787571.0,7599.724,Lower middle income,"Middle East, North Africa, Afghanistan & Pakistan",8956396.918577462
Morocco,Women,2014,0.261718318455812,Blood Pressure,26.2,34204780.0,7714.632,Lower middle income,"Middle East, North Africa, Afghanistan & Pakistan",8952017.50475099
Morocco,Women,2015,0.258315286704123,Blood Pressure,25.8,34607588.0,7959.528,Lower middle income,"Middle East, North Africa, Afghanistan & Pakistan",8939669.016358167
Palestine,Women,1975,0.330940128536211,Blood Pressure,33.1,,4085.0,,"Middle East, North Africa, Afghanistan & Pakistan",
Palestine,Women,1976,0.330310661633863,Blood Pressure,33.0,,4605.0,,"Middle East, North Africa, Afghanistan & Pakistan",
Palestine,Women,1977,0.329284022510251,Blood Pressure,32.9,,4439.0,,"Middle East, North Africa, Afghanistan & Pakistan",
Palestine,Women,1978,0.327935183871086,Blood Pressure,32.8,,4874.0,,"Middle East, North Africa, Afghanistan & Pakistan",
Palestine,Women,1979,0.326272695851067,Blood Pressure,32.6,,4677.0,,"Middle East, North Africa, Afghanistan & Pakistan",
Palestine,Women,1980,0.324332746633496,Blood Pressure,32.4,,5239.0,,"Middle East, North Africa, Afghanistan & Pakistan",
Palestine,Women,1981,0.322188643286777,Blood Pressure,32.2,,4811.0,,"Middle East, North Africa, Afghanistan & Pakistan",
Palestine,Women,1982,0.319846242239457,Blood Pressure,32.0,,5088.0,,"Middle East, North Africa, Afghanistan & Pakistan",
Palestine,Women,1983,0.317335806855515,Blood Pressure,31.7,,4733.0,,"Middle East, North Africa, Afghanistan & Pakistan",
Palestine,Women,1984,0.314662265226276,Blood Pressure,31.5,,4807.0,,"Middle East, North Africa, Afghanistan & Pakistan",
Palestine,Women,1985,0.311905242526898,Blood Pressure,31.2,,4619.0,,"Middle East, North Africa, Afghanistan & Pakistan",
Palestine,Women,1986,0.309035806351195,Blood Pressure,30.9,,5330.0,,"Middle East, North Africa, Afghanistan & Pakistan",
Palestine,Women,1987,0.306116297496197,Blood Pressure,30.6,,5004.0,,"Middle East, North Africa, Afghanistan & Pakistan",
Palestine,Women,1988,0.303126794735505,Blood Pressure,30.3,,4745.0,,"Middle East, North Africa, Afghanistan & Pakistan",
Palestine,Women,1989,0.300058517647227,Blood Pressure,30.0,,4682.0,,"Middle East, North Africa, Afghanistan & Pakistan",
Palestine,Women,1990,0.296919571261176,Blood Pressure,29.7,1978248.0,5345.0,,"Middle East, North Africa, Afghanistan & Pakistan",587380.548008279
Palestine,Women,1991,0.293724646629805,Blood Pressure,29.4,2068845.0,4732.171,,"Middle East, North Africa, Afghanistan & Pakistan",607670.766556839
Palestine,Women,1992,0.290466013476938,Blood Pressure,29.0,2163591.0,5410.625,,"Middle East, North Africa, Afghanistan & Pakistan",628449.6525645818
Palestine,Women,1993,0.287134069382471,Blood Pressure,28.7,2262676.0,5527.995,,"Middle East, North Africa, Afghanistan & Pakistan",649691.367574052
Palestine,Women,1994,0.283706501657144,Blood Pressure,28.4,2366298.0,5893.47,Lower middle income,"Middle East, North Africa, Afghanistan & Pakistan",671334.1274582966
Palestine,Women,1995,0.28023434630241,Blood Pressure,28.0,2474666.0,5756.845,Lower middle income,"Middle East, North Africa, Afghanistan & Pakistan",693486.4088267997
Palestine,Women,1996,0.276660165272584,Blood Pressure,27.7,2587997.0,5320.2554,Lower middle income,"Middle East, North Africa, Afghanistan & Pakistan",715995.6777449517
Palestine,Women,1997,0.273019458134287,Blood Pressure,27.3,2706518.0,5598.021,Lower middle income,"Middle East, North Africa, Afghanistan & Pakistan",738932.0777906942
Palestine,Women,1998,0.269409727601203,Blood Pressure,26.9,2776568.0,6051.883,Lower middle income,"Middle East, North Africa, Afghanistan & Pakistan",748034.428546217
Palestine,Women,1999,0.265801101401762,Blood Pressure,26.6,2848431.0,6204.6465,Lower middle income,"Middle East, North Africa, Afghanistan & Pakistan",757116.0970669223
Palestine,Women,2000,0.262176661885442,Blood Pressure,26.2,2922153.0,5377.3936,Lower middle income,"Middle East, North Africa, Afghanistan & Pakistan",766120.3190585299
Palestine,Women,2001,0.258548998013714,Blood Pressure,25.9,2997784.0,4626.303,Lower middle income,"Middle East, North Africa, Afghanistan & Pakistan",775074.0494615437
Palestine,Women,2002,0.254867325598748,Blood Pressure,25.5,3075373.0,3842.1465,Lower middle income,"Middle East, North Africa, Afghanistan & Pakistan",783812.0917285983
Palestine,Women,2003,0.251157348146691,Blood Pressure,25.1,3154969.0,4158.2993,Lower middle income,"Middle East, North Africa, Afghanistan & Pakistan",792393.6475250175
Palestine,Women,2004,0.247398785844433,Blood Pressure,24.7,3236626.0,4358.5176,Lower middle income,"Middle East, North Africa, Afghanistan & Pakistan",800737.3426325239
Palestine,Women,2005,0.243613187531717,Blood Pressure,24.4,3320396.0,4589.626,Lower middle income,"Middle East, North Africa, Afghanistan & Pakistan",808892.253427563
Palestine,Women,2006,0.23978983141061,Blood Pressure,24.0,3406334.0,4193.154,Lower middle income,"Middle East, North Africa, Afghanistan & Pakistan",816804.2555882288
Palestine,Women,2007,0.235892541713855,Blood Pressure,23.6,3494496.0,4250.989,Lower middle income,"Middle East, North Africa, Afghanistan & Pakistan",824325.5434488994
Palestine,Women,2008,0.231925289861695,Blood Pressure,23.2,3591977.0,4287.209,Lower middle income,"Middle East, North Africa, Afghanistan & Pakistan",833070.3069015417
Palestine,Women,2009,0.227924156070764,Blood Pressure,22.8,3689099.0,4426.317,Lower middle income,"Middle East, North Africa, Afghanistan & Pakistan",840834.7762364994
Palestine,Women,2010,0.224034604267869,Blood Pressure,22.4,3786161.0,4548.5312,Lower middle income,"Middle East, North Africa, Afghanistan & Pakistan",848231.0813294392
Palestine,Women,2011,0.220156275494737,Blood Pressure,22.0,3882986.0,4863.0,Lower middle income,"Middle East, North Africa, Afghanistan & Pakistan",854863.7355582069
Palestine,Women,2012,0.216367087657638,Blood Pressure,21.6,3979998.0,5054.0,Lower middle income,"Middle East, North Africa, Afghanistan & Pakistan",861140.576143224
Palestine,Women,2013,0.212663943163396,Blood Pressure,21.3,4076708.0,5054.0,Lower middle income,"Middle East, North Africa, Afghanistan & Pakistan",866968.7984057618
Palestine,Women,2014,0.209020168322805,Blood Pressure,20.9,4173398.0,4939.0,Lower middle income,"Middle East, North Africa, Afghanistan & Pakistan",872324.3524380578
Palestine,Women,2015,0.205459422321939,Blood Pressure,20.5,4270092.0,5003.0,Lower middle income,"Middle East, North Africa, Afghanistan & Pakistan",877330.6355815332
Oman,Women,1975,0.298470408607677,Blood Pressure,29.8,778864.0,6802.0,,"Middle East, North Africa, Afghanistan & Pakistan",232467.85632980973
Oman,Women,1976,0.302080828322949,Blood Pressure,30.2,814701.0,7328.0,,"Middle East, North Africa, Afghanistan & Pakistan",246105.5529155349
Oman,Women,1977,0.305535342237656,Blood Pressure,30.6,855314.0,6998.0,,"Middle East, North Africa, Afghanistan & Pakistan",261328.6557106585
Oman,Women,1978,0.308819289911063,Blood Pressure,30.9,900304.0,6513.0,,"Middle East, North Africa, Afghanistan & Pakistan",278031.24198408966
Oman,Women,1979,0.311910446132637,Blood Pressure,31.2,949116.0,6446.0,,"Middle East, North Africa, Afghanistan & Pakistan",296039.1949916239
Oman,Women,1980,0.314751177906286,Blood Pressure,31.5,1001248.0,6491.0,,"Middle East, North Africa, Afghanistan & Pakistan",315143.987376313
Oman,Women,1981,0.317339336134409,Blood Pressure,31.7,1057320.0,7210.0,,"Middle East, North Africa, Afghanistan & Pakistan",335529.22688163334
Oman,Women,1982,0.319620500213021,Blood Pressure,32.0,1117678.0,7651.0,,"Middle East, North Africa, Afghanistan & Pakistan",357232.8014370889
Oman,Women,1983,0.321645501947491,Blood Pressure,32.2,1181459.0,8521.0,,"Middle East, North Africa, Afghanistan & Pakistan",380010.97308538074
Oman,Women,1984,0.323326770559636,Blood Pressure,32.3,1247716.0,9526.0,,"Middle East, North Africa, Afghanistan & Pakistan",403419.9848555868
Oman,Women,1985,0.324631607542508,Blood Pressure,32.5,1325480.0,10433.0,,"Middle East, North Africa, Afghanistan & Pakistan",430292.70316544356
Oman,Women,1986,0.325535549182888,Blood Pressure,32.6,1413419.0,10268.0,,"Middle East, North Africa, Afghanistan & Pakistan",460118.1303905284
Oman,Women,1987,0.326042335690577,Blood Pressure,32.6,1500996.0,10699.0,Upper middle income,"Middle East, North Africa, Afghanistan & Pakistan",489388.2417022133
Oman,Women,1988,0.32613216738025,Blood Pressure,32.6,1588568.0,10633.0,Upper middle income,"Middle East, North Africa, Afghanistan & Pakistan",518083.124870909
Oman,Women,1989,0.325803214617506,Blood Pressure,32.6,1676228.0,10692.0,Upper middle income,"Middle East, North Africa, Afghanistan & Pakistan",546120.4708318729
Oman,Women,1990,0.325041740822859,Blood Pressure,32.5,1763954.0,10327.0,Upper middle income,"Middle East, North Africa, Afghanistan & Pakistan",573358.6788914455
Oman,Women,1991,0.323747788878851,Blood Pressure,32.4,1851473.0,11131.0,Upper middle income,"Middle East, North Africa, Afghanistan & Pakistan",599410.2899188929
Oman,Women,1992,0.321926147967898,Blood Pressure,32.2,1938238.0,12251.157,Upper middle income,"Middle East, North Africa, Afghanistan & Pakistan",623969.4931850026
Oman,Women,1993,0.319662219386101,Blood Pressure,32.0,2021675.0,13226.644,Upper middle income,"Middle East, North Africa, Afghanistan & Pakistan",646253.1173773957
Oman,Women,1994,0.317044178783051,Blood Pressure,31.7,2081834.0,14079.533,Upper middle income,"Middle East, North Africa, Afghanistan & Pakistan",660033.3508926342
Oman,Women,1995,0.314097377450183,Blood Pressure,31.4,2120528.0,15292.176,Upper middle income,"Middle East, North Africa, Afghanistan & Pakistan",666052.2836096816
Oman,Women,1996,0.310683904310267,Blood Pressure,31.1,2156926.0,16491.168,Upper middle income,"Middle East, North Africa, Afghanistan & Pakistan",670122.1909883269
Oman,Women,1997,0.306934020618001,Blood Pressure,30.7,2190720.0,18518.48,Upper middle income,"Middle East, North Africa, Afghanistan & Pakistan",672406.4976482672
Oman,Women,1998,0.302906491191931,Blood Pressure,30.3,2222489.0,20213.02,Upper middle income,"Middle East, North Africa, Afghanistan & Pakistan",673206.3447026636
Oman,Women,1999,0.298663613950167,Blood Pressure,29.9,2252909.0,21519.67,Upper middle income,"Middle East, North Africa, Afghanistan & Pakistan",672861.9438408568
Oman,Women,2000,0.294291156458412,Blood Pressure,29.4,2282131.0,24186.365,Upper middle income,"Middle East, North Africa, Afghanistan & Pakistan",671610.9711795922
Oman,Women,2001,0.289834084637784,Blood Pressure,29.0,2310217.0,26431.1,Upper middle income,"Middle East, North Africa, Afghanistan & Pakistan",669579.6295096474
Oman,Women,2002,0.285312913605337,Blood Pressure,28.5,2337140.0,27141.844,Upper middle income,"Middle East, North Africa, Afghanistan & Pakistan",666816.2229035774
Oman,Women,2003,0.280746722454324,Blood Pressure,28.1,2363796.0,27313.98,Upper middle income,"Middle East, North Africa, Afghanistan & Pakistan",663627.9795506413
Oman,Women,2004,0.276142170859078,Blood Pressure,27.6,2404821.0,28607.084,Upper middle income,"Middle East, North Africa, Afghanistan & Pakistan",664072.4914674988
Oman,Women,2005,0.271523474538764,Blood Pressure,27.2,2459802.0,30392.56,Upper middle income,"Middle East, North Africa, Afghanistan & Pakistan",667893.9857174008
Oman,Women,2006,0.266837742793408,Blood Pressure,26.7,2514795.0,33374.895,Upper middle income,"Middle East, North Africa, Afghanistan & Pakistan",671042.2213881485
Oman,Women,2007,0.262161615879329,Blood Pressure,26.2,2570174.0,36424.98,High income,"Middle East, North Africa, Afghanistan & Pakistan",673800.9689310385
Oman,Women,2008,0.25750126730613,Blood Pressure,25.8,2626529.0,40909.938,High income,"Middle East, North Africa, Afghanistan & Pakistan",676334.5461163023
Oman,Women,2009,0.252822795274403,Blood Pressure,25.3,2684659.0,44244.65,High income,"Middle East, North Africa, Afghanistan & Pakistan",678742.9927385835
Oman,Women,2010,0.248116453174384,Blood Pressure,24.8,2757446.0,46182.16,High income,"Middle East, North Africa, Afghanistan & Pakistan",684167.7213398925
Oman,Women,2011,0.243327734434453,Blood Pressure,24.3,3076763.0,44454.0,High income,"Middle East, North Africa, Afghanistan & Pakistan",748661.7701817509
Oman,Women,2012,0.238629481635235,Blood Pressure,23.9,3547106.0,47427.582,High income,"Middle East, North Africa, Afghanistan & Pakistan",846444.066085232
Oman,Women,2013,0.233968191987373,Blood Pressure,23.4,3833913.0,48900.758,High income,"Middle East, North Africa, Afghanistan & Pakistan",897013.6928468852
Oman,Women,2014,0.229315074243883,Blood Pressure,22.9,4002439.0,48528.41,High income,"Middle East, North Africa, Afghanistan & Pakistan",917819.5964416128
Oman,Women,2015,0.224677846876453,Blood Pressure,22.5,4184895.0,49926.875,High income,"Middle East, North Africa, Afghanistan & Pakistan",940253.1980040338
Pakistan,Women,1975,0.268982470534075,Blood Pressure,26.9,69461175.0,1559.0,,"Middle East, North Africa, Afghanistan & Pakistan",18683838.457699727
Pakistan,Women,1976,0.269669383639452,Blood Pressure,27.0,71620254.0,1604.0,,"Middle East, North Africa, Afghanistan & Pakistan",19313789.752280995
Pakistan,Women,1977,0.270327150520843,Blood Pressure,27.0,73901827.0,1631.0,,"Middle East, North Africa, Afghanistan & Pakistan",19977670.3111943
Pakistan,Women,1978,0.271002917759092,Blood Pressure,27.1,76307379.0,1720.0,,"Middle East, North Africa, Afghanistan & Pakistan",20679522.355548866
Pakistan,Women,1979,0.271675181204794,Blood Pressure,27.2,78997039.0,1733.0,,"Middle East, North Africa, Afghanistan & Pakistan",21461534.884967178
Pakistan,Women,1980,0.272329757942547,Blood Pressure,27.2,82291010.0,1851.0,,"Middle East, North Africa, Afghanistan & Pakistan",22410290.834147714
Pakistan,Women,1981,0.272920809600651,Blood Pressure,27.3,85802049.0,1924.0,,"Middle East, North Africa, Afghanistan & Pakistan",23417164.678474728
Pakistan,Women,1982,0.27346856451286,Blood Pressure,27.3,89089246.0,2002.0,,"Middle East, North Africa, Afghanistan & Pakistan",24363108.217153054
Pakistan,Women,1983,0.273973997262695,Blood Pressure,27.4,92227711.0,2077.0,,"Middle East, North Africa, Afghanistan & Pakistan",25267994.641058628
Pakistan,Women,1984,0.274481741372573,Blood Pressure,27.4,95164936.0,2106.0,,"Middle East, North Africa, Afghanistan & Pakistan",26121037.35088946
Pakistan,Women,1985,0.275005268530445,Blood Pressure,27.5,98229285.0,2230.0,,"Middle East, North Africa, Afghanistan & Pakistan",27013570.898978613
Pakistan,Women,1986,0.2755806158567,Blood Pressure,27.6,101606764.0,2302.0,,"Middle East, North Africa, Afghanistan & Pakistan",28000854.598326378
Pakistan,Women,1987,0.276194243229065,Blood Pressure,27.6,105130717.0,2364.0,Low income,"Middle East, North Africa, Afghanistan & Pakistan",29036498.821944
Pakistan,Women,1988,0.276826775113825,Blood Pressure,27.7,108724739.0,2442.0,Low income,"Middle East, North Africa, Afghanistan & Pakistan",30097918.872462317
Pakistan,Women,1989,0.277492778670531,Blood Pressure,27.7,112336629.0,2487.0,Low income,"Middle East, North Africa, Afghanistan & Pakistan",31172603.327690557
Pakistan,Women,1990,0.278214754311915,Blood Pressure,27.8,116155576.0,2531.0,Low income,"Middle East, North Africa, Afghanistan & Pakistan",32316195.03879897
Pakistan,Women,1991,0.278937589183906,Blood Pressure,27.9,120060406.0,2644.5742,Low income,"Middle East, North Africa, Afghanistan & Pakistan",33489360.206080962
Pakistan,Women,1992,0.27968174889182,Blood Pressure,28.0,123546848.0,2732.3816,Low income,"Middle East, North Africa, Afghanistan & Pakistan",34553798.51871186
Pakistan,Women,1993,0.280381076435759,Blood Pressure,28.0,127020117.0,2777.332,Low income,"Middle East, North Africa, Afghanistan & Pakistan",35614037.13345605
Pakistan,Women,1994,0.281046314521864,Blood Pressure,28.1,130748083.0,2855.9062,Low income,"Middle East, North Africa, Afghanistan & Pakistan",36746266.85794878
Pakistan,Women,1995,0.281692019026702,Blood Pressure,28.2,134582253.0,2947.6826,Low income,"Middle East, North Africa, Afghanistan & Pakistan",37910746.57273242
Pakistan,Women,1996,0.282344562690202,Blood Pressure,28.2,138557092.0,2979.808,Low income,"Middle East, North Africa, Afghanistan & Pakistan",39120841.548366085
Pakistan,Women,1997,0.283029376624833,Blood Pressure,28.3,142531804.0,2986.7056,Low income,"Middle East, North Africa, Afghanistan & Pakistan",40340687.63533288
Pakistan,Women,1998,0.283703758910909,Blood Pressure,28.4,146522356.0,3035.4517,Low income,"Middle East, North Africa, Afghanistan & Pakistan",41568943.16168238
Pakistan,Women,1999,0.284382627729979,Blood Pressure,28.4,150565377.0,3111.9585,Low income,"Middle East, North Africa, Afghanistan & Pakistan",42818177.55641495
Pakistan,Women,2000,0.285059008413809,Blood Pressure,28.5,154879127.0,3154.5115,Low income,"Middle East, North Africa, Afghanistan & Pakistan",44149690.36661639
Pakistan,Women,2001,0.2857432192743,Blood Pressure,28.6,159270907.0,3176.9468,Low income,"Middle East, North Africa, Afghanistan & Pakistan",45510581.70291764
Pakistan,Women,2002,0.286483387272512,Blood Pressure,28.6,163222549.0,3265.6865,Low income,"Middle East, North Africa, Afghanistan & Pakistan",46760548.71677356
Pakistan,Women,2003,0.28722681036999,Blood Pressure,28.7,167110248.0,3437.992,Low income,"Middle East, North Africa, Afghanistan & Pakistan",47998543.513178
Pakistan,Women,2004,0.288002682148148,Blood Pressure,28.8,171286000.0,3664.5334,Low income,"Middle East, North Africa, Afghanistan & Pakistan",49330827.414427675
Pakistan,Women,2005,0.288766869320547,Blood Pressure,28.9,175453212.0,3883.9346,Low income,"Middle East, North Africa, Afghanistan & Pakistan",50665074.74147423
Pakistan,Women,2006,0.289519864938961,Blood Pressure,29.0,179682690.0,4062.6665,Low income,"Middle East, North Africa, Afghanistan & Pakistan",52021708.1406692
Pakistan,Women,2007,0.290248414346636,Blood Pressure,29.0,184493231.0,4160.365,Low income,"Middle East, North Africa, Afghanistan & Pakistan",53548867.75543763
Pakistan,Women,2008,0.29091748039375,Blood Pressure,29.1,189499113.0,4224.405,Lower middle income,"Middle East, North Africa, Afghanistan & Pakistan",55128604.49081051
Pakistan,Women,2009,0.291557652485302,Blood Pressure,29.2,194376534.0,4288.462,Lower middle income,"Middle East, North Africa, Afghanistan & Pakistan",56671965.95126949
Pakistan,Women,2010,0.292162988827982,Blood Pressure,29.2,199239047.0,4354.267,Lower middle income,"Middle East, North Africa, Afghanistan & Pakistan",58210275.46275877
Pakistan,Women,2011,0.292754588654471,Blood Pressure,29.3,203746065.0,4464.0,Lower middle income,"Middle East, North Africa, Afghanistan & Pakistan",59647595.44904211
Pakistan,Women,2012,0.293374045151986,Blood Pressure,29.3,207667125.0,4538.3457,Lower middle income,"Middle East, North Africa, Afghanistan & Pakistan",60924144.50633312
Pakistan,Women,2013,0.293901435505054,Blood Pressure,29.4,211073978.0,4638.1616,Lower middle income,"Middle East, North Africa, Afghanistan & Pakistan",62034945.13196219
Pakistan,Women,2014,0.294347446896796,Blood Pressure,29.4,214264647.0,4750.878,Lower middle income,"Middle East, North Africa, Afghanistan & Pakistan",63068251.80469324
Pakistan,Women,2015,0.294713279054121,Blood Pressure,29.5,217290883.0,4889.915,Lower middle income,"Middle East, North Africa, Afghanistan & Pakistan",64038508.637495354
Qatar,Women,1975,0.446580059291724,Blood Pressure,44.7,193087.0,54866.0,,"Middle East, North Africa, Afghanistan & Pakistan",86228.80390846111
Qatar,Women,1976,0.440410400436336,Blood Pressure,44.0,209052.0,55169.0,,"Middle East, North Africa, Afghanistan & Pakistan",92068.67503201691
Qatar,Women,1977,0.434154461166816,Blood Pressure,43.4,225285.0,45999.0,,"Middle East, North Africa, Afghanistan & Pakistan",97808.48778396613
Qatar,Women,1978,0.427829739045311,Blood Pressure,42.8,241808.0,47072.0,,"Middle East, North Africa, Afghanistan & Pakistan",103452.65353906856
Qatar,Women,1979,0.421475625000174,Blood Pressure,42.1,258670.0,45806.0,,"Middle East, North Africa, Afghanistan & Pakistan",109023.09991879501
Qatar,Women,1980,0.415127358558202,Blood Pressure,41.5,275913.0,45860.0,,"Middle East, North Africa, Afghanistan & Pakistan",114539.03488186919
Qatar,Women,1981,0.408816607408419,Blood Pressure,40.9,293553.0,37307.0,,"Middle East, North Africa, Afghanistan & Pakistan",120009.34155456362
Qatar,Women,1982,0.40248218292576,Blood Pressure,40.2,311537.0,29046.0,,"Middle East, North Africa, Afghanistan & Pakistan",125388.0918221425
Qatar,Women,1983,0.39620682004348,Blood Pressure,39.6,329709.0,23146.0,,"Middle East, North Africa, Afghanistan & Pakistan",130632.95442971576
Qatar,Women,1984,0.389948934054777,Blood Pressure,39.0,347878.0,20354.0,,"Middle East, North Africa, Afghanistan & Pakistan",135654.6552811077
Qatar,Women,1985,0.383708872619226,Blood Pressure,38.4,365940.0,16558.0,,"Middle East, North Africa, Afghanistan & Pakistan",140414.42484627955
Qatar,Women,1986,0.377566558421462,Blood Pressure,37.8,382422.0,12881.0,,"Middle East, North Africa, Afghanistan & Pakistan",144389.75840465233
Qatar,Women,1987,0.371526081022194,Blood Pressure,37.2,397005.0,12819.0,High income,"Middle East, North Africa, Afghanistan & Pakistan",147497.7117962161
Qatar,Women,1988,0.365535385051571,Blood Pressure,36.6,411264.0,12492.0,High income,"Middle East, North Africa, Afghanistan & Pakistan",150331.5445978493
Qatar,Women,1989,0.359538466355436,Blood Pressure,36.0,425646.0,12137.0,High income,"Middle East, North Africa, Afghanistan & Pakistan",153036.11005032592
Qatar,Women,1990,0.353459126007626,Blood Pressure,35.3,440175.0,11705.0,High income,"Middle East, North Africa, Afghanistan & Pakistan",155583.87079040677
Qatar,Women,1991,0.347325638679311,Blood Pressure,34.7,454853.0,12417.643,High income,"Middle East, North Africa, Afghanistan & Pakistan",157982.10873020065
Qatar,Women,1992,0.341061121401417,Blood Pressure,34.1,469657.0,15042.123,High income,"Middle East, North Africa, Afghanistan & Pakistan",160181.7430940253
Qatar,Women,1993,0.334741919801111,Blood Pressure,33.5,484545.0,16221.046,High income,"Middle East, North Africa, Afghanistan & Pakistan",162197.52353002934
Qatar,Women,1994,0.328356173763506,Blood Pressure,32.8,499459.0,17955.314,High income,"Middle East, North Africa, Afghanistan & Pakistan",164000.44619174695
Qatar,Women,1995,0.321906158589762,Blood Pressure,32.2,514325.0,19959.703,High income,"Middle East, North Africa, Afghanistan & Pakistan",165564.38501667936
Qatar,Women,1996,0.315339146030611,Blood Pressure,31.5,529019.0,22395.264,High income,"Middle East, North Africa, Afghanistan & Pakistan",166820.39969396777
Qatar,Women,1997,0.30873580453279,Blood Pressure,30.9,550500.0,30989.15,High income,"Middle East, North Africa, Afghanistan & Pakistan",169959.06039530088
Qatar,Women,1998,0.302052940975733,Blood Pressure,30.2,580540.0,36448.055,High income,"Middle East, North Africa, Afghanistan & Pakistan",175353.81435405204
Qatar,Women,1999,0.295357829128008,Blood Pressure,29.5,612500.0,40135.176,High income,"Middle East, North Africa, Afghanistan & Pakistan",180906.6703409049
Qatar,Women,2000,0.288622585743749,Blood Pressure,28.9,644989.0,45788.12,High income,"Middle East, North Africa, Afghanistan & Pakistan",186158.3929562749
Qatar,Women,2001,0.281849420216032,Blood Pressure,28.2,677925.0,50525.707,High income,"Middle East, North Africa, Afghanistan & Pakistan",191072.76819995348
Qatar,Women,2002,0.275037038681492,Blood Pressure,27.5,711205.0,57541.1,High income,"Middle East, North Africa, Afghanistan & Pakistan",195607.71709547052
Qatar,Women,2003,0.268188344202202,Blood Pressure,26.8,744682.0,62234.215,High income,"Middle East, North Africa, Afghanistan & Pakistan",199715.0325371842
Qatar,Women,2004,0.26132124694156,Blood Pressure,26.1,773332.0,74372.93,High income,"Middle East, North Africa, Afghanistan & Pakistan",202088.08253981048
Qatar,Women,2005,0.254480623519424,Blood Pressure,25.4,825408.0,76808.42,High income,"Middle East, North Africa, Afghanistan & Pakistan",210050.34249792073
Qatar,Women,2006,0.247630715785946,Blood Pressure,24.8,972831.0,90120.92,High income,"Middle East, North Africa, Afghanistan & Pakistan",240902.83686875764
Qatar,Women,2007,0.240860273553122,Blood Pressure,24.1,1208595.0,97912.69,High income,"Middle East, North Africa, Afghanistan & Pakistan",291102.5223149355
Qatar,Women,2008,0.2341692812757,Blood Pressure,23.4,1426938.0,107402.055,High income,"Middle East, North Africa, Afghanistan & Pakistan",334145.0458849848
Qatar,Women,2009,0.227560826754885,Blood Pressure,22.8,1608903.0,115283.414,High income,"Middle East, North Africa, Afghanistan & Pakistan",366123.29684841476
Qatar,Women,2010,0.221043782645906,Blood Pressure,22.1,1616832.0,134802.78,High income,"Middle East, North Africa, Afghanistan & Pakistan",357390.6611829455
Qatar,Women,2011,0.214601968140699,Blood Pressure,21.5,1624761.0,155533.0,High income,"Middle East, North Africa, Afghanistan & Pakistan",348676.9083582503
Qatar,Women,2012,0.20838896714482,Blood Pressure,20.8,1722438.0,154339.81,High income,"Middle East, North Africa, Afghanistan & Pakistan",358937.07579098945
Qatar,Women,2013,0.202351845642149,Blood Pressure,20.2,1916426.0,155657.12,High income,"Middle East, North Africa, Afghanistan & Pakistan",387792.338136601
Qatar,Women,2014,0.196456143298368,Blood Pressure,19.6,2151745.0,157712.9,High income,"Middle East, North Africa, Afghanistan & Pakistan",422723.52406154684
Qatar,Women,2015,0.190744080105116,Blood Pressure,19.1,2344557.0,159800.19,High income,"Middle East, North Africa, Afghanistan & Pakistan",447210.3682190105
Saudi Arabia,Women,1975,0.336641824596029,Blood Pressure,33.7,4556287.0,18788.0,,"Middle East, North Africa, Afghanistan & Pakistan",1533836.769063167
Saudi Arabia,Women,1976,0.33967649629218,Blood Pressure,34.0,4807933.0,19297.0,,"Middle East, North Africa, Afghanistan & Pakistan",1633141.8358475498
Saudi Arabia,Women,1977,0.342153076010345,Blood Pressure,34.2,5083048.0,20824.0,,"Middle East, North Africa, Afghanistan & Pakistan",1739180.508708232
Saudi Arabia,Women,1978,0.344149002362916,Blood Pressure,34.4,5381902.0,20593.0,,"Middle East, North Africa, Afghanistan & Pakistan",1852176.2041149824
Saudi Arabia,Women,1979,0.345663141911096,Blood Pressure,34.6,5703698.0,20472.0,,"Middle East, North Africa, Afghanistan & Pakistan",1971558.1711920344
Saudi Arabia,Women,1980,0.346937903232374,Blood Pressure,34.7,6047997.0,21068.0,,"Middle East, North Africa, Afghanistan & Pakistan",2098279.397935688
Saudi Arabia,Women,1981,0.347878093476004,Blood Pressure,34.8,6420551.0,21393.0,,"Middle East, North Africa, Afghanistan & Pakistan",2233569.0409454512
Saudi Arabia,Women,1982,0.348341263439617,Blood Pressure,34.8,6824486.0,20535.0,,"Middle East, North Africa, Afghanistan & Pakistan",2377250.0755659784
Saudi Arabia,Women,1983,0.34843683346682,Blood Pressure,34.8,7252941.0,17315.0,,"Middle East, North Africa, Afghanistan & Pakistan",2527191.7953616707
Saudi Arabia,Women,1984,0.348116904176678,Blood Pressure,34.8,7697307.0,16343.0,,"Middle East, North Africa, Afghanistan & Pakistan",2679562.683337473
Saudi Arabia,Women,1985,0.347565591154066,Blood Pressure,34.8,8151779.0,14422.0,,"Middle East, North Africa, Afghanistan & Pakistan",2833277.8870923007
Saudi Arabia,Women,1986,0.346643196975791,Blood Pressure,34.7,8628639.0,12897.0,,"Middle East, North Africa, Afghanistan & Pakistan",2991059.008509992
Saudi Arabia,Women,1987,0.345273064965899,Blood Pressure,34.5,9130194.0,12919.0,High income,"Middle East, North Africa, Afghanistan & Pakistan",3152410.066113261
Saudi Arabia,Women,1988,0.343495447101711,Blood Pressure,34.3,9629165.0,12795.0,High income,"Middle East, North Africa, Afghanistan & Pakistan",3307574.336891147
Saudi Arabia,Women,1989,0.341311018171497,Blood Pressure,34.1,10128394.0,12758.0,High income,"Middle East, North Africa, Afghanistan & Pakistan",3456932.468582081
Saudi Arabia,Women,1990,0.338618852731686,Blood Pressure,33.9,10640691.0,14335.0,Upper middle income,"Middle East, North Africa, Afghanistan & Pakistan",3603138.5786923766
Saudi Arabia,Women,1991,0.335527903891162,Blood Pressure,33.6,11160744.0,16830.412,Upper middle income,"Middle East, North Africa, Afghanistan & Pakistan",3744741.0401858627
Saudi Arabia,Women,1992,0.332026916324926,Blood Pressure,33.2,11686676.0,17905.28,Upper middle income,"Middle East, North Africa, Afghanistan & Pakistan",3880290.9943685206
Saudi Arabia,Women,1993,0.328089936924472,Blood Pressure,32.8,12215862.0,18101.092,Upper middle income,"Middle East, North Africa, Afghanistan & Pakistan",4007901.3930580546
Saudi Arabia,Women,1994,0.323815231259355,Blood Pressure,32.4,12750040.0,18678.932,Upper middle income,"Middle East, North Africa, Afghanistan & Pakistan",4128657.151166027
Saudi Arabia,Women,1995,0.319303558829345,Blood Pressure,31.9,13289245.0,19223.332,Upper middle income,"Middle East, North Africa, Afghanistan & Pakistan",4243303.222655079
Saudi Arabia,Women,1996,0.31464370732836,Blood Pressure,31.5,13831009.0,20280.494,Upper middle income,"Middle East, North Africa, Afghanistan & Pakistan",4351839.947851913
Saudi Arabia,Women,1997,0.309842718026542,Blood Pressure,31.0,14374943.0,21087.428,Upper middle income,"Middle East, North Africa, Afghanistan & Pakistan",4453971.410596614
Saudi Arabia,Women,1998,0.304860954651668,Blood Pressure,30.5,14922185.0,22310.918,Upper middle income,"Middle East, North Africa, Afghanistan & Pakistan",4549191.564588801
Saudi Arabia,Women,1999,0.299934007202861,Blood Pressure,30.0,15472075.0,22058.572,Upper middle income,"Middle East, North Africa, Afghanistan & Pakistan",4640601.454493206
Saudi Arabia,Women,2000,0.294939459669082,Blood Pressure,29.5,16177722.0,23904.516,Upper middle income,"Middle East, North Africa, Afghanistan & Pakistan",4771448.585356621
Saudi Arabia,Women,2001,0.289784255246535,Blood Pressure,29.0,17041397.0,24191.996,Upper middle income,"Middle East, North Africa, Afghanistan & Pakistan",4938328.5380055355
Saudi Arabia,Women,2002,0.284467253064086,Blood Pressure,28.4,17910910.0,24053.975,Upper middle income,"Middle East, North Africa, Afghanistan & Pakistan",5095067.367578069
Saudi Arabia,Women,2003,0.278982391334299,Blood Pressure,27.9,18786767.0,27367.094,Upper middle income,"Middle East, North Africa, Afghanistan & Pakistan",5241177.183100294
Saudi Arabia,Women,2004,0.273317966818977,Blood Pressure,27.3,19669480.0,30233.512,High income,"Middle East, North Africa, Afghanistan & Pakistan",5376022.281986532
Saudi Arabia,Women,2005,0.267459715362113,Blood Pressure,26.7,20559890.0,32700.332,High income,"Middle East, North Africa, Afghanistan & Pakistan",5498942.327276354
Saudi Arabia,Women,2006,0.261403921590834,Blood Pressure,26.1,21459144.0,34483.043,High income,"Middle East, North Africa, Afghanistan & Pakistan",5609504.395582415
Saudi Arabia,Women,2007,0.255258741503416,Blood Pressure,25.5,22368313.0,36070.316,High income,"Middle East, North Africa, Afghanistan & Pakistan",5709707.425934499
Saudi Arabia,Women,2008,0.249132813453571,Blood Pressure,24.9,23287877.0,39393.43,High income,"Middle East, North Africa, Afghanistan & Pakistan",5801774.316370706
Saudi Arabia,Women,2009,0.243095830176272,Blood Pressure,24.3,24217654.0,39671.555,High income,"Middle East, North Africa, Afghanistan & Pakistan",5887210.704051714
Saudi Arabia,Women,2010,0.237125559902862,Blood Pressure,23.7,23978487.0,42737.656,High income,"Middle East, North Africa, Afghanistan & Pakistan",5685912.155498497
Saudi Arabia,Women,2011,0.23122085338764,Blood Pressure,23.1,25091867.0,48470.0,High income,"Middle East, North Africa, Afghanistan & Pakistan",5801762.900829162
Saudi Arabia,Women,2012,0.225325443372683,Blood Pressure,22.5,26168861.0,49835.047,High income,"Middle East, North Africa, Afghanistan & Pakistan",5896510.207383113
Saudi Arabia,Women,2013,0.219539775626199,Blood Pressure,22.0,27624004.0,50021.12,High income,"Middle East, North Africa, Afghanistan & Pakistan",6064567.640057224
Saudi Arabia,Women,2014,0.21386009411571,Blood Pressure,21.4,28309273.0,50790.992,High income,"Middle East, North Africa, Afghanistan & Pakistan",6054223.788127328
Saudi Arabia,Women,2015,0.208276864197086,Blood Pressure,20.8,29816382.0,51941.598,High income,"Middle East, North Africa, Afghanistan & Pakistan",6210062.544662439
Syria,Women,1975,0.321643097395348,Blood Pressure,32.2,7554364.0,8878.0,,"Middle East, North Africa, Afghanistan & Pakistan",2429809.035811911
Syria,Women,1976,0.320666485608516,Blood Pressure,32.1,7817320.0,9526.0,,"Middle East, North Africa, Afghanistan & Pakistan",2506752.5312771644
Syria,Women,1977,0.319495764441143,Blood Pressure,31.9,8090501.0,9094.0,,"Middle East, North Africa, Afghanistan & Pakistan",2584880.801706832
Syria,Women,1978,0.318228996803977,Blood Pressure,31.8,8372759.0,9561.0,,"Middle East, North Africa, Afghanistan & Pakistan",2664454.6970514697
Syria,Women,1979,0.316981753600606,Blood Pressure,31.7,8661909.0,9580.0,,"Middle East, North Africa, Afghanistan & Pakistan",2745667.1043488714
Syria,Women,1980,0.315687065092569,Blood Pressure,31.6,8957663.0,10374.0,,"Middle East, North Africa, Afghanistan & Pakistan",2827818.342558297
Syria,Women,1981,0.31431602713372,Blood Pressure,31.4,9260189.0,10984.0,,"Middle East, North Africa, Afghanistan & Pakistan",2910625.8169873753
Syria,Women,1982,0.312930758781969,Blood Pressure,31.3,9572511.0,10817.0,,"Middle East, North Africa, Afghanistan & Pakistan",2995533.130678745
Syria,Women,1983,0.311667646048896,Blood Pressure,31.2,9904809.0,10581.0,,"Middle East, North Africa, Afghanistan & Pakistan",3087008.5055939197
Syria,Women,1984,0.31057012081317,Blood Pressure,31.1,10258398.0,9792.0,,"Middle East, North Africa, Afghanistan & Pakistan",3185951.9062095815
Syria,Women,1985,0.309560119782139,Blood Pressure,31.0,10625672.0,10026.0,,"Middle East, North Africa, Afghanistan & Pakistan",3289284.29708572
Syria,Women,1986,0.308556628639458,Blood Pressure,30.9,11002844.0,9200.0,,"Middle East, North Africa, Afghanistan & Pakistan",3395000.4500858886
Syria,Women,1987,0.307583957994483,Blood Pressure,30.8,11388923.0,9055.0,Lower middle income,"Middle East, North Africa, Afghanistan & Pakistan",3503050.0136344014
Syria,Women,1988,0.306534491361023,Blood Pressure,30.7,11782264.0,9913.0,Lower middle income,"Middle East, North Africa, Afghanistan & Pakistan",3611670.3023212925
Syria,Women,1989,0.305526838612555,Blood Pressure,30.6,12179060.0,8735.0,Lower middle income,"Middle East, North Africa, Afghanistan & Pakistan",3721029.6990726236
Syria,Women,1990,0.304563650651832,Blood Pressure,30.5,12579208.0,9087.0,Lower middle income,"Middle East, North Africa, Afghanistan & Pakistan",3831169.5107887303
Syria,Women,1991,0.303640145504067,Blood Pressure,30.4,12980821.0,9424.123,Lower middle income,"Middle East, North Africa, Afghanistan & Pakistan",3941498.377202248
Syria,Women,1992,0.302578002255598,Blood Pressure,30.3,13385571.0,10002.276,Lower middle income,"Middle East, North Africa, Afghanistan & Pakistan",4050179.3322304673
Syria,Women,1993,0.301381198660173,Blood Pressure,30.1,13795686.0,10072.486,Lower middle income,"Middle East, North Africa, Afghanistan & Pakistan",4157760.3830193672
Syria,Women,1994,0.300062743448321,Blood Pressure,30.0,14208583.0,9969.374,Lower middle income,"Middle East, North Africa, Afghanistan & Pakistan",4263466.395493175
Syria,Women,1995,0.298622613293296,Blood Pressure,29.9,14616801.0,9856.483,Lower middle income,"Middle East, North Africa, Afghanistan & Pakistan",4364907.312608062
Syria,Women,1996,0.297000366551149,Blood Pressure,29.7,15018104.0,9517.372,Lower middle income,"Middle East, North Africa, Afghanistan & Pakistan",4460382.392903277
Syria,Women,1997,0.295262042276121,Blood Pressure,29.5,15417542.0,8826.773,Lower middle income,"Middle East, North Africa, Afghanistan & Pakistan",4552214.937797871
Syria,Women,1998,0.293320287843379,Blood Pressure,29.3,15820413.0,8742.974,Lower middle income,"Middle East, North Africa, Afghanistan & Pakistan",4640448.094961135
Syria,Women,1999,0.291121445141048,Blood Pressure,29.1,16228061.0,7960.292,Lower middle income,"Middle East, North Africa, Afghanistan & Pakistan",4724336.57015708
Syria,Women,2000,0.288638736959671,Blood Pressure,28.9,16637888.0,7668.072,Lower middle income,"Middle East, North Africa, Afghanistan & Pakistan",4802338.977996467
Syria,Women,2001,0.285885737500252,Blood Pressure,28.6,17051338.0,7509.304,Lower middle income,"Middle East, North Africa, Afghanistan & Pakistan",4874734.339496071
Syria,Women,2002,0.282842499706527,Blood Pressure,28.3,17468332.0,7529.7017,Lower middle income,"Middle East, North Africa, Afghanistan & Pakistan",4940786.688583516
Syria,Women,2003,0.279494552935455,Blood Pressure,27.9,17889296.0,6986.524,Lower middle income,"Middle East, North Africa, Afghanistan & Pakistan",4999960.787850023
Syria,Women,2004,0.275982002690308,Blood Pressure,27.6,18336875.0,7051.4287,Lower middle income,"Middle East, North Africa, Afghanistan & Pakistan",5060647.485581841
Syria,Women,2005,0.272333266066947,Blood Pressure,27.2,18814091.0,7037.7183,Lower middle income,"Middle East, North Africa, Afghanistan & Pakistan",5123702.850110753
Syria,Women,2006,0.268654134991755,Blood Pressure,26.9,19637022.0,6901.778,Lower middle income,"Middle East, North Africa, Afghanistan & Pakistan",5275567.159224063
Syria,Women,2007,0.265168863942954,Blood Pressure,26.5,20884125.0,6779.537,Lower middle income,"Middle East, North Africa, Afghanistan & Pakistan",5537819.700692644
Syria,Women,2008,0.261564011776903,Blood Pressure,26.2,21636564.0,6600.379,Lower middle income,"Middle East, North Africa, Afghanistan & Pakistan",5659346.480907716
Syria,Women,2009,0.258073640351092,Blood Pressure,25.8,21976969.0,6586.5186,Lower middle income,"Middle East, North Africa, Afghanistan & Pakistan",5671676.393713098
Syria,Women,2010,0.254664345522329,Blood Pressure,25.5,22482421.0,6520.6123,Lower middle income,"Middle East, North Africa, Afghanistan & Pakistan",5725471.029722466
Syria,Women,2011,0.25128005408741,Blood Pressure,25.1,22878098.0,5979.0,Lower middle income,"Middle East, North Africa, Afghanistan & Pakistan",5748809.702857067
Syria,Women,2012,0.247888707177149,Blood Pressure,24.8,22759763.0,4443.686,Lower middle income,"Middle East, North Africa, Afghanistan & Pakistan",5641888.225728311
Syria,Women,2013,0.244529265940079,Blood Pressure,24.5,21666917.0,3487.681,Lower middle income,"Middle East, North Africa, Afghanistan & Pakistan",5298195.309194619
Syria,Women,2014,0.241168252262715,Blood Pressure,24.1,20273659.0,3384.4143,Lower middle income,"Middle East, North Africa, Afghanistan & Pakistan",4889362.908000262
Syria,Women,2015,0.237841348549895,Blood Pressure,23.8,19424618.0,3464.0376,Lower middle income,"Middle East, North Africa, Afghanistan & Pakistan",4619977.340186564
Tunisia,Women,1975,0.32387813603592,Blood Pressure,32.4,5839262.0,3899.0,,"Middle East, North Africa, Afghanistan & Pakistan",1891209.2923853782
Tunisia,Women,1976,0.324178690826912,Blood Pressure,32.4,5996994.0,4095.0,,"Middle East, North Africa, Afghanistan & Pakistan",1944097.6638168462
Tunisia,Women,1977,0.324343745079403,Blood Pressure,32.4,6155931.0,4132.0,,"Middle East, North Africa, Afghanistan & Pakistan",1996637.7149903944
Tunisia,Women,1978,0.324298818377551,Blood Pressure,32.4,6309390.0,4304.0,,"Middle East, North Africa, Afghanistan & Pakistan",2046127.7216831364
Tunisia,Women,1979,0.324044996181443,Blood Pressure,32.4,6456419.0,4481.0,,"Middle East, North Africa, Afghanistan & Pakistan",2092170.270200796
Tunisia,Women,1980,0.323558430592033,Blood Pressure,32.4,6606195.0,4693.0,,"Middle East, North Africa, Afghanistan & Pakistan",2137490.0863849353
Tunisia,Women,1981,0.32296722144413,Blood Pressure,32.3,6758284.0,4830.0,,"Middle East, North Africa, Afghanistan & Pakistan",2182704.2052103207
Tunisia,Women,1982,0.322185553290354,Blood Pressure,32.2,6908642.0,4713.0,,"Middle East, North Africa, Afghanistan & Pakistan",2225864.6452549775
Tunisia,Women,1983,0.321273773747549,Blood Pressure,32.1,7053800.0,4844.0,,"Middle East, North Africa, Afghanistan & Pakistan",2266200.9452604614
Tunisia,Women,1984,0.320172472183651,Blood Pressure,32.0,7220044.0,4890.0,,"Middle East, North Africa, Afghanistan & Pakistan",2311659.3367547365
Tunisia,Women,1985,0.318932260534179,Blood Pressure,31.9,7409903.0,5039.0,,"Middle East, North Africa, Afghanistan & Pakistan",2363257.1141289948
Tunisia,Women,1986,0.317611619230008,Blood Pressure,31.8,7600301.0,4841.0,,"Middle East, North Africa, Afghanistan & Pakistan",2413943.9072454493
Tunisia,Women,1987,0.316273235065944,Blood Pressure,31.6,7789987.0,5043.0,Lower middle income,"Middle East, North Africa, Afghanistan & Pakistan",2463764.389611648
Tunisia,Women,1988,0.314939796596277,Blood Pressure,31.5,7974440.0,4940.0,Lower middle income,"Middle East, North Africa, Afghanistan & Pakistan",2511468.5115692155
Tunisia,Women,1989,0.313572824423065,Blood Pressure,31.4,8151660.0,5023.0,Lower middle income,"Middle East, North Africa, Afghanistan & Pakistan",2556139.0499365223
Tunisia,Women,1990,0.31201207711885,Blood Pressure,31.2,8324509.0,5316.0,Lower middle income,"Middle East, North Africa, Afghanistan & Pakistan",2597347.344084561
Tunisia,Women,1991,0.310345424791679,Blood Pressure,31.0,8501827.0,5446.228,Lower middle income,"Middle East, North Africa, Afghanistan & Pakistan",2638503.111820366
Tunisia,Women,1992,0.308535315647439,Blood Pressure,30.9,8682512.0,5789.955,Lower middle income,"Middle East, North Africa, Afghanistan & Pakistan",2678861.580532677
Tunisia,Women,1993,0.306519212475042,Blood Pressure,30.7,8857910.0,5843.0684,Lower middle income,"Middle East, North Africa, Afghanistan & Pakistan",2715119.597374799
Tunisia,Women,1994,0.304328438847326,Blood Pressure,30.4,9018448.0,5968.8447,Lower middle income,"Middle East, North Africa, Afghanistan & Pakistan",2744570.2006657897
Tunisia,Women,1995,0.301976331420919,Blood Pressure,30.2,9161258.0,6048.7476,Lower middle income,"Middle East, North Africa, Afghanistan & Pakistan",2766483.0820405455
Tunisia,Women,1996,0.299364122377698,Blood Pressure,29.9,9294432.0,6388.394,Lower middle income,"Middle East, North Africa, Afghanistan & Pakistan",2782419.4786791923
Tunisia,Women,1997,0.296468353586321,Blood Pressure,29.6,9421270.0,6680.1035,Lower middle income,"Middle East, North Africa, Afghanistan & Pakistan",2793108.4055921985
Tunisia,Women,1998,0.293240932389751,Blood Pressure,29.3,9541667.0,6944.661,Lower middle income,"Middle East, North Africa, Afghanistan & Pakistan",2798007.3276325185
Tunisia,Women,1999,0.289800739053853,Blood Pressure,29.0,9655963.0,7297.4746,Lower middle income,"Middle East, North Africa, Afghanistan & Pakistan",2798305.21367666
Tunisia,Women,2000,0.286098752059492,Blood Pressure,28.6,9764935.0,7548.438,Lower middle income,"Middle East, North Africa, Afghanistan & Pakistan",2793735.717442055
Tunisia,Women,2001,0.282288888934681,Blood Pressure,28.2,9869677.0,7848.094,Lower middle income,"Middle East, North Africa, Afghanistan & Pakistan",2786100.1544741755
Tunisia,Women,2002,0.278437707271396,Blood Pressure,27.8,9971515.0,7916.6797,Lower middle income,"Middle East, North Africa, Afghanistan & Pakistan",2776445.774622334
Tunisia,Women,2003,0.274477760117201,Blood Pressure,27.4,10071632.0,8281.715,Lower middle income,"Middle East, North Africa, Afghanistan & Pakistan",2764438.9920847253
Tunisia,Women,2004,0.270387515197582,Blood Pressure,27.0,10166163.0,8705.084,Lower middle income,"Middle East, North Africa, Afghanistan & Pakistan",2748803.5526635954
Tunisia,Women,2005,0.266256039391295,Blood Pressure,26.6,10255472.0,8983.384,Lower middle income,"Middle East, North Africa, Afghanistan & Pakistan",2730581.356808323
Tunisia,Women,2006,0.262037996614598,Blood Pressure,26.2,10346410.0,9420.023,Lower middle income,"Middle East, North Africa, Afghanistan & Pakistan",2711152.548553243
Tunisia,Women,2007,0.257816729682891,Blood Pressure,25.8,10441702.0,9932.938,Lower middle income,"Middle East, North Africa, Afghanistan & Pakistan",2692045.461963302
Tunisia,Women,2008,0.253638048466206,Blood Pressure,25.4,10542635.0,10294.922,Lower middle income,"Middle East, North Africa, Afghanistan & Pakistan",2674013.3670915198
Tunisia,Women,2009,0.249468942562603,Blood Pressure,24.9,10650681.0,10533.218,Lower middle income,"Middle East, North Africa, Afghanistan & Pakistan",2657014.126641607
Tunisia,Women,2010,0.245287905150132,Blood Pressure,24.5,10765980.0,10721.812,Upper middle income,"Middle East, North Africa, Afghanistan & Pakistan",2640764.681088218
Tunisia,Women,2011,0.241017994486985,Blood Pressure,24.1,10886035.0,10437.0,Upper middle income,"Middle East, North Africa, Afghanistan & Pakistan",2623730.323615126
Tunisia,Women,2012,0.2369156567753,Blood Pressure,23.7,11009647.0,10750.85,Upper middle income,"Middle East, North Africa, Afghanistan & Pakistan",2608357.749869211
Tunisia,Women,2013,0.232851695898279,Blood Pressure,23.3,11141361.0,10881.511,Upper middle income,"Middle East, North Africa, Afghanistan & Pakistan",2594284.803464946
Tunisia,Women,2014,0.228820040313231,Blood Pressure,22.9,11274288.0,11084.781,Upper middle income,"Middle East, North Africa, Afghanistan & Pakistan",2579783.0346629764
Tunisia,Women,2015,0.224859168861317,Blood Pressure,22.5,11402264.0,11063.081,Lower middle income,"Middle East, North Africa, Afghanistan & Pakistan",2563903.6061773156
United Arab Emirates,Women,1975,0.436890019896764,Blood Pressure,43.7,542856.0,40591.0,,"Middle East, North Africa, Afghanistan & Pakistan",237168.36864107772
United Arab Emirates,Women,1976,0.428332113106887,Blood Pressure,42.8,615866.0,40803.0,,"Middle East, North Africa, Afghanistan & Pakistan",263795.1851706861
United Arab Emirates,Women,1977,0.41947202633565,Blood Pressure,41.9,710209.0,41915.0,,"Middle East, North Africa, Afghanistan & Pakistan",297912.8083518157
United Arab Emirates,Women,1978,0.41029004960808,Blood Pressure,41.0,809274.0,35936.0,,"Middle East, North Africa, Afghanistan & Pakistan",332037.0696065294
United Arab Emirates,Women,1979,0.40096981758351,Blood Pressure,40.1,912010.0,39534.0,,"Middle East, North Africa, Afghanistan & Pakistan",365688.48333433695
United Arab Emirates,Women,1980,0.391712267133745,Blood Pressure,39.2,1015700.0,44168.0,,"Middle East, North Africa, Afghanistan & Pakistan",397862.1497277448
United Arab Emirates,Women,1981,0.382462608660688,Blood Pressure,38.2,1099855.0,42456.0,,"Middle East, North Africa, Afghanistan & Pakistan",420653.412448501
United Arab Emirates,Women,1982,0.373406007687399,Blood Pressure,37.3,1166370.0,36635.0,,"Middle East, North Africa, Afghanistan & Pakistan",435529.5651863516
United Arab Emirates,Women,1983,0.364675838070208,Blood Pressure,36.5,1235305.0,32737.0,,"Middle East, North Africa, Afghanistan & Pakistan",450485.8861473183
United Arab Emirates,Women,1984,0.35614301797471,Blood Pressure,35.6,1305996.0,32135.0,,"Middle East, North Africa, Afghanistan & Pakistan",465121.35690289934
United Arab Emirates,Women,1985,0.347704278376937,Blood Pressure,34.8,1377911.0,29562.0,,"Middle East, North Africa, Afghanistan & Pakistan",479105.54992264364
United Arab Emirates,Women,1986,0.339363655823221,Blood Pressure,33.9,1467383.0,21949.0,,"Middle East, North Africa, Afghanistan & Pakistan",497976.4593728455
United Arab Emirates,Women,1987,0.331228168970819,Blood Pressure,33.1,1574244.0,21487.0,High income,"Middle East, North Africa, Afghanistan & Pakistan",521433.957633298
United Arab Emirates,Women,1988,0.32347783272371,Blood Pressure,32.3,1681788.0,20215.0,High income,"Middle East, North Africa, Afghanistan & Pakistan",544021.1373407427
United Arab Emirates,Women,1989,0.31578308763819,Blood Pressure,31.6,1789851.0,21072.0,High income,"Middle East, North Africa, Afghanistan & Pakistan",565204.6751923021
United Arab Emirates,Women,1990,0.308282372975918,Blood Pressure,30.8,1898220.0,22254.0,High income,"Middle East, North Africa, Afghanistan & Pakistan",585187.7660303471
United Arab Emirates,Women,1991,0.301090361043202,Blood Pressure,30.1,2006626.0,,High income,"Middle East, North Africa, Afghanistan & Pakistan",604175.7468186764
United Arab Emirates,Women,1992,0.294037394477798,Blood Pressure,29.4,2114730.0,,High income,"Middle East, North Africa, Afghanistan & Pakistan",621809.6992240337
United Arab Emirates,Women,1993,0.287466661664102,Blood Pressure,28.7,2222093.0,25558.756,High income,"Middle East, North Africa, Afghanistan & Pakistan",638777.6566171694
United Arab Emirates,Women,1994,0.281454795429165,Blood Pressure,28.1,2328188.0,28334.582,High income,"Middle East, North Africa, Afghanistan & Pakistan",655279.6772606368
United Arab Emirates,Women,1995,0.275531495711415,Blood Pressure,27.6,2434662.0,31239.918,High income,"Middle East, North Africa, Afghanistan & Pakistan",670826.0624117451
United Arab Emirates,Women,1996,0.270144961066353,Blood Pressure,27.0,2597564.0,34042.742,High income,"Middle East, North Africa, Afghanistan & Pakistan",701718.8256473602
United Arab Emirates,Women,1997,0.26520951312682,Blood Pressure,26.5,2817410.0,38168.465,High income,"Middle East, North Africa, Afghanistan & Pakistan",747203.934378634
United Arab Emirates,Women,1998,0.260373395379669,Blood Pressure,26.0,3040421.0,39667.793,High income,"Middle East, North Africa, Afghanistan & Pakistan",791644.7391536487
United Arab Emirates,Women,1999,0.255665733825232,Blood Pressure,25.6,3266009.0,42372.438,High income,"Middle East, North Africa, Afghanistan & Pakistan",835006.5876648121
United Arab Emirates,Women,2000,0.250994436041169,Blood Pressure,25.1,3493575.0,48888.03,High income,"Middle East, North Africa, Afghanistan & Pakistan",876867.886892527
United Arab Emirates,Women,2001,0.246290741458929,Blood Pressure,24.6,3723590.0,51263.375,High income,"Middle East, North Africa, Afghanistan & Pakistan",917085.7419890534
United Arab Emirates,Women,2002,0.241679425133494,Blood Pressure,24.2,3956826.0,54077.47,High income,"Middle East, North Africa, Afghanistan & Pakistan",956283.4330332625
United Arab Emirates,Women,2003,0.237091629336262,Blood Pressure,23.7,4192457.0,59823.266,High income,"Middle East, North Africa, Afghanistan & Pakistan",993996.4610522169
United Arab Emirates,Women,2004,0.232366271026171,Blood Pressure,23.2,4428967.0,64925.67,High income,"Middle East, North Africa, Afghanistan & Pakistan",1029142.5462879675
United Arab Emirates,Women,2005,0.227762633724995,Blood Pressure,22.8,4664790.0,65599.055,High income,"Middle East, North Africa, Afghanistan & Pakistan",1062464.8561740194
United Arab Emirates,Women,2006,0.222965121830843,Blood Pressure,22.3,5009100.0,67830.93,High income,"Middle East, North Africa, Afghanistan & Pakistan",1116854.5917628757
United Arab Emirates,Women,2007,0.21839212830492,Blood Pressure,21.8,5624635.0,65412.8,High income,"Middle East, North Africa, Afghanistan & Pakistan",1228376.0085883436
United Arab Emirates,Women,2008,0.214101754058832,Blood Pressure,21.4,6302664.0,63862.086,High income,"Middle East, North Africa, Afghanistan & Pakistan",1349411.4176434544
United Arab Emirates,Women,2009,0.209744321006873,Blood Pressure,21.0,6707058.0,58860.535,High income,"Middle East, North Africa, Afghanistan & Pakistan",1406767.3261637157
United Arab Emirates,Women,2010,0.205171970450317,Blood Pressure,20.5,6869838.0,60112.402,High income,"Middle East, North Africa, Afghanistan & Pakistan",1409498.1991344648
United Arab Emirates,Women,2011,0.200061982085025,Blood Pressure,20.0,7104538.0,65307.0,High income,"Middle East, North Africa, Afghanistan & Pakistan",1421347.9540783793
United Arab Emirates,Women,2012,0.195634629773492,Blood Pressure,19.6,7391448.0,66007.0,High income,"Middle East, North Africa, Afghanistan & Pakistan",1446023.192970018
United Arab Emirates,Women,2013,0.191324108103585,Blood Pressure,19.1,7693031.0,66825.305,High income,"Middle East, North Africa, Afghanistan & Pakistan",1471862.2946882306
United Arab Emirates,Women,2014,0.187087230623854,Blood Pressure,18.7,8059440.0,67791.39,High income,"Middle East, North Africa, Afghanistan & Pakistan",1507818.3099791138
United Arab Emirates,Women,2015,0.182957386187754,Blood Pressure,18.3,8505237.0,71319.61,High income,"Middle East, North Africa, Afghanistan & Pakistan",1556095.9304273743
Yemen,Women,1975,0.260933121625905,Blood Pressure,26.1,8133598.0,2844.0,,"Middle East, North Africa, Afghanistan & Pakistan",2122325.1161902174
Yemen,Women,1976,0.262853284216368,Blood Pressure,26.3,8384113.0,3193.0,,"Middle East, North Africa, Afghanistan & Pakistan",2203791.637291146
Yemen,Women,1977,0.264813956389563,Blood Pressure,26.5,8648222.0,3446.0,,"Middle East, North Africa, Afghanistan & Pakistan",2290169.8835552596
Yemen,Women,1978,0.266851009011916,Blood Pressure,26.7,8926586.0,3636.0,,"Middle East, North Africa, Afghanistan & Pakistan",2382068.481131643
Yemen,Women,1979,0.268984048138798,Blood Pressure,26.9,9224194.0,3733.0,,"Middle East, North Africa, Afghanistan & Pakistan",2481161.0429376117
Yemen,Women,1980,0.271152961434111,Blood Pressure,27.1,9543358.0,3650.0,,"Middle East, North Africa, Afghanistan & Pakistan",2587709.7837259145
Yemen,Women,1981,0.273423907191009,Blood Pressure,27.3,9882362.0,3767.0,,"Middle East, North Africa, Afghanistan & Pakistan",2702074.0303159542
Yemen,Women,1982,0.275787983950966,Blood Pressure,27.6,10241006.0,3724.0,,"Middle East, North Africa, Afghanistan & Pakistan",2824346.3983697463
Yemen,Women,1983,0.278273621498429,Blood Pressure,27.8,10621499.0,3827.0,,"Middle East, North Africa, Afghanistan & Pakistan",2955682.992471942
Yemen,Women,1984,0.280802460497509,Blood Pressure,28.1,11025597.0,3861.0,,"Middle East, North Africa, Afghanistan & Pakistan",3096014.7660539537
Yemen,Women,1985,0.283369344720081,Blood Pressure,28.3,11453825.0,3717.0,,"Middle East, North Africa, Afghanistan & Pakistan",3245662.884788482
Yemen,Women,1986,0.285937702246274,Blood Pressure,28.6,11901040.0,3684.0,,"Middle East, North Africa, Afghanistan & Pakistan",3402956.031940997
Yemen,Women,1987,0.288476412767704,Blood Pressure,28.8,12369912.0,3712.0,,"Middle East, North Africa, Afghanistan & Pakistan",3568427.840012175
Yemen,Women,1988,0.290963057120246,Blood Pressure,29.1,12859708.0,3747.0,,"Middle East, North Africa, Afghanistan & Pakistan",3741699.9533536844
Yemen,Women,1989,0.293343967636429,Blood Pressure,29.3,13364174.0,3751.0,Lower middle income,"Middle East, North Africa, Afghanistan & Pakistan",3920299.825343606
Yemen,Women,1990,0.295588351540755,Blood Pressure,29.6,13887862.0,3622.0,Lower middle income,"Middle East, North Africa, Afghanistan & Pakistan",4105090.2350054933
Yemen,Women,1991,0.297706653825093,Blood Pressure,29.8,14430201.0,3661.9236,Low income,"Middle East, North Africa, Afghanistan & Pakistan",4295966.853733511
Yemen,Women,1992,0.299654829871415,Blood Pressure,30.0,14989494.0,3759.7183,Low income,"Middle East, North Africa, Afghanistan & Pakistan",4491674.274428596
Yemen,Women,1993,0.301431594739095,Blood Pressure,30.1,15563914.0,3712.341,Low income,"Middle East, North Africa, Afghanistan & Pakistan",4691455.417402127
Yemen,Women,1994,0.30308613715874,Blood Pressure,30.3,16149147.0,3775.0696,Low income,"Middle East, North Africa, Afghanistan & Pakistan",4894582.582638655
Yemen,Women,1995,0.304622968231911,Blood Pressure,30.5,16740058.0,3823.3188,Low income,"Middle East, North Africa, Afghanistan & Pakistan",5099406.156334347
Yemen,Women,1996,0.306041318131383,Blood Pressure,30.6,17313177.0,3855.572,Low income,"Middle East, North Africa, Afghanistan & Pakistan",5298547.510121943
Yemen,Women,1997,0.307445008703481,Blood Pressure,30.7,17873936.0,3927.6804,Low income,"Middle East, North Africa, Afghanistan & Pakistan",5495252.409085463
Yemen,Women,1998,0.308737550008874,Blood Pressure,30.9,18446013.0,4044.1484,Low income,"Middle East, North Africa, Afghanistan & Pakistan",5694976.86105184
Yemen,Women,1999,0.309918995641221,Blood Pressure,31.0,19029420.0,4080.2185,Low income,"Middle East, North Africa, Afghanistan & Pakistan",5897578.734034964
Yemen,Women,2000,0.310959772445313,Blood Pressure,31.1,19624141.0,4212.1055,Low income,"Middle East, North Africa, Afghanistan & Pakistan",6102318.419794736
Yemen,Women,2001,0.311901391668435,Blood Pressure,31.2,20226147.0,4249.0337,Low income,"Middle East, North Africa, Afghanistan & Pakistan",6308563.397390341
Yemen,Women,2002,0.312631912075411,Blood Pressure,31.3,20835086.0,4292.0986,Low income,"Middle East, North Africa, Afghanistan & Pakistan",6513712.774435627
Yemen,Women,2003,0.313125161252739,Blood Pressure,31.3,21456379.0,4326.5103,Low income,"Middle East, North Africa, Afghanistan & Pakistan",6718532.134274882
Yemen,Women,2004,0.313432023573421,Blood Pressure,31.3,22095167.0,4371.3955,Low income,"Middle East, North Africa, Afghanistan & Pakistan",6925332.904002673
Yemen,Women,2005,0.31359499094005,Blood Pressure,31.4,22790085.0,4485.583,Low income,"Middle East, North Africa, Afghanistan & Pakistan",7146856.499097969
Yemen,Women,2006,0.313619169825448,Blood Pressure,31.4,23543083.0,4497.2593,Low income,"Middle East, North Africa, Afghanistan & Pakistan",7383562.1455916185
Yemen,Women,2007,0.313577337186739,Blood Pressure,31.4,24318082.0,4516.1436,Low income,"Middle East, North Africa, Afghanistan & Pakistan",7625599.399048769
Yemen,Women,2008,0.313515730716889,Blood Pressure,31.4,25111941.0,4549.009,Low income,"Middle East, North Africa, Afghanistan & Pakistan",7872988.532334404
Yemen,Women,2009,0.31343566178585,Blood Pressure,31.3,25927724.0,4593.5425,Lower middle income,"Middle East, North Africa, Afghanistan & Pakistan",8126673.330540866
Yemen,Women,2010,0.313393697702209,Blood Pressure,31.3,26754387.0,4812.345,Lower middle income,"Middle East, North Africa, Afghanistan & Pakistan",8384656.2716859095
Yemen,Women,2011,0.313367297439322,Blood Pressure,31.3,27582897.0,4088.0,Lower middle income,"Middle East, North Africa, Afghanistan & Pakistan",8643577.888437184
Yemen,Women,2012,0.313194711716845,Blood Pressure,31.3,28433647.0,4064.3423,Lower middle income,"Middle East, North Africa, Afghanistan & Pakistan",8905267.875223534
Yemen,Women,2013,0.312967716779102,Blood Pressure,31.3,29312952.0,4139.823,Lower middle income,"Middle East, North Africa, Afghanistan & Pakistan",9174007.659495411
Yemen,Women,2014,0.312635017263591,Blood Pressure,31.3,30226309.0,4019.4,Lower middle income,"Middle East, North Africa, Afghanistan & Pakistan",9449802.636029636
Yemen,Women,2015,0.312223146056171,Blood Pressure,31.2,31159379.0,2820.6172,Lower middle income,"Middle East, North Africa, Afghanistan & Pakistan",9728679.340536589
Afghanistan,Men,1975,0.00207754471275783,Obesity,0.2,12773954.0,1074.0,,"Middle East, North Africa, Afghanistan & Pakistan",26538.460593711734
Afghanistan,Men,1976,0.00223682902494332,Obesity,0.2,13059851.0,1105.0,,"Middle East, North Africa, Afghanistan & Pakistan",29212.653778235042
Afghanistan,Men,1977,0.0024101143094182,Obesity,0.2,13340756.0,1022.0,,"Middle East, North Africa, Afghanistan & Pakistan",32152.746934056708
Afghanistan,Men,1978,0.00259867365703349,Obesity,0.3,13611441.0,1070.0,,"Middle East, North Africa, Afghanistan & Pakistan",35371.69316096558
Afghanistan,Men,1979,0.00280361520621218,Obesity,0.3,13655567.0,1023.0,,"Middle East, North Africa, Afghanistan & Pakistan",38284.95529064924
Afghanistan,Men,1980,0.00302607286089605,Obesity,0.3,13169311.0,1019.0,,"Middle East, North Africa, Afghanistan & Pakistan",39851.29461379982
Afghanistan,Men,1981,0.00326362221431885,Obesity,0.3,11937581.0,1144.0,,"Middle East, North Africa, Afghanistan & Pakistan",38959.75453683063
Afghanistan,Men,1982,0.00351721976579862,Obesity,0.4,10991378.0,1270.0,,"Middle East, North Africa, Afghanistan & Pakistan",38659.091954964104
Afghanistan,Men,1983,0.00378722800687044,Obesity,0.4,10917982.0,1347.0,,"Middle East, North Africa, Afghanistan & Pakistan",41348.88720890734
Afghanistan,Men,1984,0.00407454004691251,Obesity,0.4,11190221.0,1337.0,,"Middle East, North Africa, Afghanistan & Pakistan",45595.00359830136
Afghanistan,Men,1985,0.00438105989877131,Obesity,0.4,11426852.0,1304.0,,"Middle East, North Africa, Afghanistan & Pakistan",50061.723066394734
Afghanistan,Men,1986,0.00470740014723833,Obesity,0.5,11420074.0,1344.0,,"Middle East, North Africa, Afghanistan & Pakistan",53758.85802907262
Afghanistan,Men,1987,0.0050556334888693,Obesity,0.5,11387818.0,1211.0,Low income,"Middle East, North Africa, Afghanistan & Pakistan",57572.63404594862
Afghanistan,Men,1988,0.00542586291754815,Obesity,0.5,11523298.0,1101.0,Low income,"Middle East, North Africa, Afghanistan & Pakistan",62523.83530605677
Afghanistan,Men,1989,0.00582009618824359,Obesity,0.6,11874088.0,999.0,Low income,"Middle East, North Africa, Afghanistan & Pakistan",69108.33430766896
Afghanistan,Men,1990,0.00624035380329625,Obesity,0.6,12045660.0,963.0,Low income,"Middle East, North Africa, Afghanistan & Pakistan",75169.1801942135
Afghanistan,Men,1991,0.00669021466928124,Obesity,0.7,12238879.0,881.1704,Low income,"Middle East, North Africa, Afghanistan & Pakistan",81880.72782135812
Afghanistan,Men,1992,0.00716990084383788,Obesity,0.7,13278974.0,843.87537,Low income,"Middle East, North Africa, Afghanistan & Pakistan",95208.92688790127
Afghanistan,Men,1993,0.00768048884142469,Obesity,0.8,14943172.0,578.4028,Low income,"Middle East, North Africa, Afghanistan & Pakistan",114770.86580148987
Afghanistan,Men,1994,0.00822377236187664,Obesity,0.8,16250794.0,428.42456,Low income,"Middle East, North Africa, Afghanistan & Pakistan",133642.83055575073
Afghanistan,Men,1995,0.00880381511355663,Obesity,0.9,17065836.0,632.94037,Low income,"Middle East, North Africa, Afghanistan & Pakistan",150244.46490227882
Afghanistan,Men,1996,0.00942068362047598,Obesity,0.9,17763266.0,600.1753,Low income,"Middle East, North Africa, Afghanistan & Pakistan",167342.10905235788
Afghanistan,Men,1997,0.0100768985634913,Obesity,1.0,18452091.0,570.59814,Low income,"Middle East, North Africa, Afghanistan & Pakistan",185939.84929131073
Afghanistan,Men,1998,0.0107726179000751,Obesity,1.1,19159996.0,545.03876,Low income,"Middle East, North Africa, Afghanistan & Pakistan",206403.31587496732
Afghanistan,Men,1999,0.0115120755173443,Obesity,1.2,19887785.0,518.65784,Low income,"Middle East, North Africa, Afghanistan & Pakistan",228949.6827927072
Afghanistan,Men,2000,0.0122965581553475,Obesity,1.2,20130327.0,502.37274,Low income,"Middle East, North Africa, Afghanistan & Pakistan",247533.73664166196
Afghanistan,Men,2001,0.0131287498484716,Obesity,1.3,20284307.0,489.682,Low income,"Middle East, North Africa, Afghanistan & Pakistan",266307.5924526014
Afghanistan,Men,2002,0.0140113302555031,Obesity,1.4,21378117.0,796.8166,Low income,"Middle East, North Africa, Afghanistan & Pakistan",299535.8575277852
Afghanistan,Men,2003,0.0149471311572124,Obesity,1.5,22733049.0,842.8052,Low income,"Middle East, North Africa, Afghanistan & Pakistan",339793.8650063362
Afghanistan,Men,2004,0.0159373330601487,Obesity,1.6,23560654.0,869.03925,Low income,"Middle East, North Africa, Afghanistan & Pakistan",375493.9899129247
Afghanistan,Men,2005,0.0169841551648703,Obesity,1.7,24404567.0,964.4081,Low income,"Middle East, North Africa, Afghanistan & Pakistan",414490.95265947323
Afghanistan,Men,2006,0.0180964129730776,Obesity,1.8,25424094.0,1057.0966,Low income,"Middle East, North Africa, Afghanistan & Pakistan",460084.9044903444
Afghanistan,Men,2007,0.0192751253603561,Obesity,1.9,25909852.0,1259.9967,Low income,"Middle East, North Africa, Afghanistan & Pakistan",499415.6453682732
Afghanistan,Men,2008,0.0205251606126338,Obesity,2.1,26482622.0,1319.6074,Low income,"Middle East, North Africa, Afghanistan & Pakistan",543560.0699936693
Afghanistan,Men,2009,0.0218487653454916,Obesity,2.2,27466101.0,1557.3207,Low income,"Middle East, North Africa, Afghanistan & Pakistan",600100.3957045722
Afghanistan,Men,2010,0.0232472936347573,Obesity,2.3,28284089.0,1627.6716,Low income,"Middle East, North Africa, Afghanistan & Pakistan",657528.522174609
Afghanistan,Men,2011,0.0247279555881503,Obesity,2.5,29347708.0,1792.0,Low income,"Middle East, North Africa, Afghanistan & Pakistan",725708.8200380033
Afghanistan,Men,2012,0.0262995059816935,Obesity,2.6,30560034.0,1945.0,Low income,"Middle East, North Africa, Afghanistan & Pakistan",803713.7969837568
Afghanistan,Men,2013,0.0279682915095244,Obesity,2.8,31622704.0,2025.0,Low income,"Middle East, North Africa, Afghanistan & Pakistan",884433.0037914034
Afghanistan,Men,2014,0.0297385535399273,Obesity,3.0,32792523.0,2022.0,Low income,"Middle East, North Africa, Afghanistan & Pakistan",975202.2009447975
Afghanistan,Men,2015,0.0316150778207415,Obesity,3.2,33831764.0,1928.0,Low income,"Middle East, North Africa, Afghanistan & Pakistan",1069593.8516729607
Afghanistan,Men,2016,0.0336033942594302,Obesity,3.4,34700612.0,1931.2438,Low income,"Middle East, North Africa, Afghanistan & Pakistan",1166058.3460795148
Algeria,Men,1975,0.0293238516471996,Obesity,2.9,15678596.0,4020.0,,"Middle East, North Africa, Afghanistan & Pakistan",459756.82314037706
Algeria,Men,1976,0.0307093783337038,Obesity,3.1,16409170.0,4157.0,,"Middle East, North Africa, Afghanistan & Pakistan",503915.4096720624
Algeria,Men,1977,0.0322229680090153,Obesity,3.2,17015994.0,4398.0,,"Middle East, North Africa, Afghanistan & Pakistan",548305.8303035963
Algeria,Men,1978,0.0338675952838525,Obesity,3.4,17506974.0,4812.0,,"Middle East, North Africa, Afghanistan & Pakistan",592919.1100769283
Algeria,Men,1979,0.0356441470628988,Obesity,3.6,18036655.0,5088.0,,"Middle East, North Africa, Afghanistan & Pakistan",642901.1833427689
Algeria,Men,1980,0.0375533930545226,Obesity,3.8,18607174.0,5024.0,,"Middle East, North Africa, Afghanistan & Pakistan",698762.5188558935
Algeria,Men,1981,0.0396480807660728,Obesity,4.0,19220704.0,4991.0,,"Middle East, North Africa, Afghanistan & Pakistan",762064.0245727785
Algeria,Men,1982,0.0419271153492147,Obesity,4.2,19872348.0,5145.0,,"Middle East, North Africa, Afghanistan & Pakistan",833190.226855736
Algeria,Men,1983,0.0443848202298469,Obesity,4.4,20558115.0,5243.0,,"Middle East, North Africa, Afghanistan & Pakistan",912468.2385395189
Algeria,Men,1984,0.0470181014159253,Obesity,4.7,21271969.0,5361.0,,"Middle East, North Africa, Afghanistan & Pakistan",1000167.5957584191
Algeria,Men,1985,0.0498221869461233,Obesity,5.0,22008544.0,5469.0,,"Middle East, North Africa, Afghanistan & Pakistan",1096513.7935799803
Algeria,Men,1986,0.0527651117600332,Obesity,5.3,22745499.0,5262.0,,"Middle East, North Africa, Afghanistan & Pakistan",1200168.7967727233
Algeria,Men,1987,0.0558557727333966,Obesity,5.6,23443624.0,5088.0,Upper middle income,"Middle East, North Africa, Afghanistan & Pakistan",1309461.734191202
Algeria,Men,1988,0.0590792818215222,Obesity,5.9,24109536.0,4850.0,Upper middle income,"Middle East, North Africa, Afghanistan & Pakistan",1424374.0719301351
Algeria,Men,1989,0.0624418369187308,Obesity,6.2,24754485.0,4889.0,Lower middle income,"Middle East, North Africa, Afghanistan & Pakistan",1545715.5153771678
Algeria,Men,1990,0.0659322160515293,Obesity,6.6,25375810.0,4697.0,Lower middle income,"Middle East, North Africa, Afghanistan & Pakistan",1673083.3874025575
Algeria,Men,1991,0.0695268298863304,Obesity,7.0,25987928.0,4708.232,Lower middle income,"Middle East, North Africa, Afghanistan & Pakistan",1806858.2491542024
Algeria,Men,1992,0.0732429439934269,Obesity,7.3,26628568.0,4850.223,Lower middle income,"Middle East, North Africa, Afghanistan & Pakistan",1950354.7146491597
Algeria,Men,1993,0.0770788795648721,Obesity,7.7,27277048.0,4816.924,Lower middle income,"Middle East, North Africa, Afghanistan & Pakistan",2102484.297677235
Algeria,Men,1994,0.0810355481634027,Obesity,8.1,27887279.0,4856.9854,Lower middle income,"Middle East, North Africa, Afghanistan & Pakistan",2259860.9405507483
Algeria,Men,1995,0.0851153474795664,Obesity,8.5,28470191.0,5142.384,Lower middle income,"Middle East, North Africa, Afghanistan & Pakistan",2423250.199774624
Algeria,Men,1996,0.0893271610742678,Obesity,8.9,29033044.0,5451.6343,Lower middle income,"Middle East, North Africa, Afghanistan & Pakistan",2593439.3978643045
Algeria,Men,1997,0.0936719864860936,Obesity,9.4,29579301.0,5638.48,Lower middle income,"Middle East, North Africa, Afghanistan & Pakistan",2770751.883540095
Algeria,Men,1998,0.0981460890969046,Obesity,9.8,30054133.0,6069.7773,Lower middle income,"Middle East, North Africa, Afghanistan & Pakistan",2949695.6151482207
Algeria,Men,1999,0.102770109597593,Obesity,10.3,30474354.0,6421.5083,Lower middle income,"Middle East, North Africa, Afghanistan & Pakistan",3131852.7004958466
Algeria,Men,2000,0.107541117796089,Obesity,10.8,30903893.0,6834.5537,Lower middle income,"Middle East, North Africa, Afghanistan & Pakistan",3323439.1974707306
Algeria,Men,2001,0.112458690703139,Obesity,11.2,31331221.0,7218.2456,Lower middle income,"Middle East, North Africa, Afghanistan & Pakistan",3523468.0917906933
Algeria,Men,2002,0.117536131894743,Obesity,11.8,31750835.0,7814.8384,Lower middle income,"Middle East, North Africa, Afghanistan & Pakistan",3731870.3303282224
Algeria,Men,2003,0.12277332823365,Obesity,12.3,32175818.0,8590.178,Lower middle income,"Middle East, North Africa, Afghanistan & Pakistan",3950332.264500184
Algeria,Men,2004,0.128186686693675,Obesity,12.8,32628286.0,9182.294,Lower middle income,"Middle East, North Africa, Afghanistan & Pakistan",4182511.8748336225
Algeria,Men,2005,0.133787704827026,Obesity,13.4,33109249.0,9969.623,Lower middle income,"Middle East, North Africa, Afghanistan & Pakistan",4429610.432256506
Algeria,Men,2006,0.139569766893881,Obesity,14.0,33623506.0,10385.779,Lower middle income,"Middle East, North Africa, Afghanistan & Pakistan",4692824.894575009
Algeria,Men,2007,0.145524103932982,Obesity,14.6,34189416.0,10974.742,Lower middle income,"Middle East, North Africa, Afghanistan & Pakistan",4975384.127391959
Algeria,Men,2008,0.151678229352695,Obesity,15.2,34816961.0,11475.002,Upper middle income,"Middle East, North Africa, Afghanistan & Pakistan",5280974.995921837
Algeria,Men,2009,0.158026269542078,Obesity,15.8,35490445.0,11907.021,Upper middle income,"Middle East, North Africa, Afghanistan & Pakistan",5608422.627738294
Algeria,Men,2010,0.164562111598775,Obesity,16.5,36188236.0,12587.744,Upper middle income,"Middle East, North Africa, Afghanistan & Pakistan",5955212.531194807
Algeria,Men,2011,0.171217419315368,Obesity,17.1,36903376.0,13204.0,Upper middle income,"Middle East, North Africa, Afghanistan & Pakistan",6318500.802744688
Algeria,Men,2012,0.178000743458599,Obesity,17.8,37646166.0,13392.944,Upper middle income,"Middle East, North Africa, Afghanistan & Pakistan",6701045.536365832
Algeria,Men,2013,0.184941801272124,Obesity,18.5,38414171.0,13508.265,Upper middle income,"Middle East, North Africa, Afghanistan & Pakistan",7104385.979115389
Algeria,Men,2014,0.192042790038865,Obesity,19.2,39205031.0,13760.384,Upper middle income,"Middle East, North Africa, Afghanistan & Pakistan",7529043.536800194
Algeria,Men,2015,0.199292626089196,Obesity,19.9,40019529.0,14007.894,Upper middle income,"Middle East, North Africa, Afghanistan & Pakistan",7975597.029262736
Algeria,Men,2016,0.206662279544328,Obesity,20.7,40850721.0,14198.272,Upper middle income,"Middle East, North Africa, Afghanistan & Pakistan",8442303.122889351
Bahrain,Men,1975,0.0899455620030821,Obesity,9.0,283243.0,6252.0,,"Middle East, North Africa, Afghanistan & Pakistan",25476.45081843898
Bahrain,Men,1976,0.0927840939300505,Obesity,9.3,297863.0,6875.0,,"Middle East, North Africa, Afghanistan & Pakistan",27636.948570286633
Bahrain,Men,1977,0.0957099469222728,Obesity,9.6,312823.0,7084.0,,"Middle East, North Africa, Afghanistan & Pakistan",29940.272726066145
Bahrain,Men,1978,0.0987182260408425,Obesity,9.9,328046.0,7037.0,,"Middle East, North Africa, Afghanistan & Pakistan",32384.11917979422
Bahrain,Men,1979,0.101812829732554,Obesity,10.2,343457.0,6730.0,,"Middle East, North Africa, Afghanistan & Pakistan",34968.3290614538
Bahrain,Men,1980,0.104996214986699,Obesity,10.5,358978.0,6994.0,,"Middle East, North Africa, Afghanistan & Pakistan",37691.33126349524
Bahrain,Men,1981,0.108270390451367,Obesity,10.8,373524.0,6875.0,,"Middle East, North Africa, Afghanistan & Pakistan",40441.5893229564
Bahrain,Men,1982,0.111623146179503,Obesity,11.2,386983.0,7036.0,,"Middle East, North Africa, Afghanistan & Pakistan",43196.25997798261
Bahrain,Men,1983,0.115065433017728,Obesity,11.5,400707.0,7240.0,,"Middle East, North Africa, Afghanistan & Pakistan",46107.52446823473
Bahrain,Men,1984,0.118590706400764,Obesity,11.9,415154.0,7264.0,,"Middle East, North Africa, Afghanistan & Pakistan",49233.406125102774
Bahrain,Men,1985,0.122206742567157,Obesity,12.2,430358.0,6972.0,,"Middle East, North Africa, Afghanistan & Pakistan",52592.64931771655
Bahrain,Men,1986,0.125890811768801,Obesity,12.6,446286.0,6880.0,,"Middle East, North Africa, Afghanistan & Pakistan",56183.30682105112
Bahrain,Men,1987,0.129657083838728,Obesity,13.0,462854.0,6786.0,High income,"Middle East, North Africa, Afghanistan & Pakistan",60012.299883090614
Bahrain,Men,1988,0.133479039437123,Obesity,13.3,479929.0,6802.0,High income,"Middle East, North Africa, Afghanistan & Pakistan",64060.461918019006
Bahrain,Men,1989,0.137367196918783,Obesity,13.7,497327.0,6751.0,High income,"Middle East, North Africa, Afghanistan & Pakistan",68316.41594202758
Bahrain,Men,1990,0.141333640651192,Obesity,14.1,514797.0,6542.0,Upper middle income,"Middle East, North Africa, Afghanistan & Pakistan",72758.13420631169
Bahrain,Men,1991,0.145311505241834,Obesity,14.5,503052.0,7059.957,Upper middle income,"Middle East, North Africa, Afghanistan & Pakistan",73099.24333491508
Bahrain,Men,1992,0.149314676515425,Obesity,14.9,516458.0,7993.8926,Upper middle income,"Middle East, North Africa, Afghanistan & Pakistan",77114.75920380336
Bahrain,Men,1993,0.15333971888977,Obesity,15.3,530225.0,9102.066,Upper middle income,"Middle East, North Africa, Afghanistan & Pakistan",81304.5524483283
Bahrain,Men,1994,0.157395742972713,Obesity,15.7,544366.0,9935.004,Upper middle income,"Middle East, North Africa, Afghanistan & Pakistan",85680.89101908388
Bahrain,Men,1995,0.161478200747419,Obesity,16.1,558879.0,10695.393,Upper middle income,"Middle East, North Africa, Afghanistan & Pakistan",90246.77535551679
Bahrain,Men,1996,0.165564721055104,Obesity,16.6,573792.0,11640.821,Upper middle income,"Middle East, North Africa, Afghanistan & Pakistan",94999.71242365024
Bahrain,Men,1997,0.16967273694623,Obesity,17.0,589115.0,12528.39,Upper middle income,"Middle East, North Africa, Afghanistan & Pakistan",99956.75442607829
Bahrain,Men,1998,0.173816774107463,Obesity,17.4,604842.0,13776.008,Upper middle income,"Middle East, North Africa, Afghanistan & Pakistan",105131.68528470612
Bahrain,Men,1999,0.178009383538605,Obesity,17.8,620989.0,15263.758,Upper middle income,"Middle East, North Africa, Afghanistan & Pakistan",110541.86907425478
Bahrain,Men,2000,0.182239467820634,Obesity,18.2,637582.0,17021.723,Upper middle income,"Middle East, North Africa, Afghanistan & Pakistan",116192.60437201546
Bahrain,Men,2001,0.186533748050843,Obesity,18.7,661316.0,18152.963,High income,"Middle East, North Africa, Afghanistan & Pakistan",123357.75212599129
Bahrain,Men,2002,0.190898150450095,Obesity,19.1,710553.0,19487.842,High income,"Middle East, North Africa, Afghanistan & Pakistan",135643.25349676635
Bahrain,Men,2003,0.195351708685097,Obesity,19.5,764517.0,21391.611,High income,"Middle East, North Africa, Afghanistan & Pakistan",149349.7022688043
Bahrain,Men,2004,0.199896555704563,Obesity,20.0,823741.0,23389.602,High income,"Middle East, North Africa, Afghanistan & Pakistan",164662.98869263244
Bahrain,Men,2005,0.204538961792189,Obesity,20.5,888822.0,25230.9,High income,"Middle East, North Africa, Afghanistan & Pakistan",181798.72909805703
Bahrain,Men,2006,0.209309991237787,Obesity,20.9,960424.0,26840.125,High income,"Middle East, North Africa, Afghanistan & Pakistan",201026.33902456035
Bahrain,Men,2007,0.21421681119021,Obesity,21.4,1039295.0,28884.697,High income,"Middle East, North Africa, Afghanistan & Pakistan",222634.4607859293
Bahrain,Men,2008,0.21927865732069,Obesity,21.9,1103496.0,30612.498,High income,"Middle East, North Africa, Afghanistan & Pakistan",241973.12123875212
Bahrain,Men,2009,0.224487047513318,Obesity,22.4,1178415.0,31729.566,High income,"Middle East, North Africa, Afghanistan & Pakistan",264538.90409540664
Bahrain,Men,2010,0.229828158209008,Obesity,23.0,1228543.0,34057.715,High income,"Middle East, North Africa, Afghanistan & Pakistan",282353.7749705693
Bahrain,Men,2011,0.23530303900613,Obesity,23.5,1195020.0,36372.0,High income,"Middle East, North Africa, Afghanistan & Pakistan",281191.8376731055
Bahrain,Men,2012,0.240906765142726,Obesity,24.1,1208964.0,36711.39,High income,"Middle East, North Africa, Afghanistan & Pakistan",291247.6064140106
Bahrain,Men,2013,0.246642503039899,Obesity,24.7,1253191.0,37704.21,High income,"Middle East, North Africa, Afghanistan & Pakistan",309090.1650270741
Bahrain,Men,2014,0.252525428920695,Obesity,25.3,1314562.0,38364.83,High income,"Middle East, North Africa, Afghanistan & Pakistan",331960.33289284667
Bahrain,Men,2015,0.258524931909314,Obesity,25.9,1370322.0,38369.66,High income,"Middle East, North Africa, Afghanistan & Pakistan",354262.401743835
Bahrain,Men,2016,0.264641147086526,Obesity,26.5,1423726.0,38805.39,High income,"Middle East, North Africa, Afghanistan & Pakistan",376776.4817769113
Djibouti,Men,1975,0.0161061004464325,Obesity,1.6,209908.0,4691.0,,"Middle East, North Africa, Afghanistan & Pakistan",3380.799332509753
Djibouti,Men,1976,0.0172312034697387,Obesity,1.7,230737.0,4878.0,,"Middle East, North Africa, Afghanistan & Pakistan",3975.8761949970985
Djibouti,Men,1977,0.0184262170882528,Obesity,1.8,254613.0,4036.0,,"Middle East, North Africa, Afghanistan & Pakistan",4691.55441149131
Djibouti,Men,1978,0.0196972654237061,Obesity,2.0,280031.0,3419.0,,"Middle East, North Africa, Afghanistan & Pakistan",5515.844933865843
Djibouti,Men,1979,0.0210463934996041,Obesity,2.1,304513.0,3308.0,,"Middle East, North Africa, Afghanistan & Pakistan",6408.9004237449435
Djibouti,Men,1980,0.022479213792937,Obesity,2.2,325815.0,3167.0,,"Middle East, North Africa, Afghanistan & Pakistan",7324.065041945768
Djibouti,Men,1981,0.0239418623019232,Obesity,2.4,343047.0,3091.0,,"Middle East, North Africa, Afghanistan & Pakistan",8213.184037087847
Djibouti,Men,1982,0.0254363174128923,Obesity,2.5,356880.0,3043.0,,"Middle East, North Africa, Afghanistan & Pakistan",9077.712958313004
Djibouti,Men,1983,0.0269621540915642,Obesity,2.7,369553.0,2963.0,,"Middle East, North Africa, Afghanistan & Pakistan",9963.944930999825
Djibouti,Men,1984,0.028524367747891,Obesity,2.9,384053.0,2944.0,,"Middle East, North Africa, Afghanistan & Pakistan",10954.869006680783
Djibouti,Men,1985,0.030119111184407,Obesity,3.0,402687.0,2880.0,,"Middle East, North Africa, Afghanistan & Pakistan",12128.574525515302
Djibouti,Men,1986,0.0316985184900002,Obesity,3.2,426341.0,2743.0,,"Middle East, North Africa, Afghanistan & Pakistan",13514.378071545176
Djibouti,Men,1987,0.0332712205991319,Obesity,3.3,454399.0,2670.0,,"Middle East, North Africa, Afghanistan & Pakistan",15118.409369024937
Djibouti,Men,1988,0.0348382237559004,Obesity,3.5,484523.0,2652.0,,"Middle East, North Africa, Afghanistan & Pakistan",16879.92068888013
Djibouti,Men,1989,0.0364057232434235,Obesity,3.6,523355.0,2436.0,,"Middle East, North Africa, Afghanistan & Pakistan",19053.117288061905
Djibouti,Men,1990,0.037983952254892,Obesity,3.8,579538.0,2308.0,Lower middle income,"Middle East, North Africa, Afghanistan & Pakistan",22013.143721895598
Djibouti,Men,1991,0.0395604749369885,Obesity,4.0,631092.0,2013.3427,Lower middle income,"Middle East, North Africa, Afghanistan & Pakistan",24966.299248933945
Djibouti,Men,1992,0.0411246308637352,Obesity,4.1,626010.0,2141.634,Lower middle income,"Middle East, North Africa, Afghanistan & Pakistan",25744.43016700687
Djibouti,Men,1993,0.0426948689278694,Obesity,4.3,614245.0,2290.7847,Lower middle income,"Middle East, North Africa, Afghanistan & Pakistan",26225.109764599143
Djibouti,Men,1994,0.0442722685835661,Obesity,4.4,626710.0,2175.3618,Lower middle income,"Middle East, North Africa, Afghanistan & Pakistan",27745.873444006713
Djibouti,Men,1995,0.0458558651130669,Obesity,4.6,633074.0,2262.4287,Lower middle income,"Middle East, North Africa, Afghanistan & Pakistan",29030.155950589713
Djibouti,Men,1996,0.0474618925562764,Obesity,4.7,648348.0,2081.9954,Lower middle income,"Middle East, North Africa, Afghanistan & Pakistan",30771.82311507669
Djibouti,Men,1997,0.0490947187448781,Obesity,4.9,671817.0,2080.5134,Lower middle income,"Middle East, North Africa, Afghanistan & Pakistan",32982.66666302777
Djibouti,Men,1998,0.0507507642081772,Obesity,5.1,699352.0,1974.5657,Lower middle income,"Middle East, North Africa, Afghanistan & Pakistan",35492.64845051714
Djibouti,Men,1999,0.0524391831364519,Obesity,5.2,724218.0,1930.5078,Lower middle income,"Middle East, North Africa, Afghanistan & Pakistan",37977.40033271492
Djibouti,Men,2000,0.0541694124432717,Obesity,5.4,747318.0,1880.9988,Lower middle income,"Middle East, North Africa, Afghanistan & Pakistan",40481.776968280916
Djibouti,Men,2001,0.0559434430307068,Obesity,5.6,771313.0,1845.6991,Lower middle income,"Middle East, North Africa, Afghanistan & Pakistan",43149.904874343556
Djibouti,Men,2002,0.057767633216182,Obesity,5.8,795574.0,1824.4551,Lower middle income,"Middle East, North Africa, Afghanistan & Pakistan",45958.42702833078
Djibouti,Men,2003,0.0596423880574851,Obesity,6.0,813519.0,1945.6655,Lower middle income,"Middle East, North Africa, Afghanistan & Pakistan",48520.21589013722
Djibouti,Men,2004,0.0615649314778291,Obesity,6.2,826124.0,2097.1233,Lower middle income,"Middle East, North Africa, Afghanistan & Pakistan",50860.267452190084
Djibouti,Men,2005,0.0635376726724463,Obesity,6.4,839167.0,2126.8052,Lower middle income,"Middle East, North Africa, Afghanistan & Pakistan",53318.718163518744
Djibouti,Men,2006,0.0655602726482534,Obesity,6.6,855764.0,2342.2192,Lower middle income,"Middle East, North Africa, Afghanistan & Pakistan",56104.121162559924
Djibouti,Men,2007,0.0676366371102494,Obesity,6.8,874528.0,2396.018,Lower middle income,"Middle East, North Africa, Afghanistan & Pakistan",59150.13297875219
Djibouti,Men,2008,0.0697684556870395,Obesity,7.0,892734.0,2463.4448,Lower middle income,"Middle East, North Africa, Afghanistan & Pakistan",62284.67251931352
Djibouti,Men,2009,0.0719546647186471,Obesity,7.2,911527.0,2521.5046,Lower middle income,"Middle East, North Africa, Afghanistan & Pakistan",65588.61966699424
Djibouti,Men,2010,0.0742138498099828,Obesity,7.4,930251.0,2543.8733,Lower middle income,"Middle East, North Africa, Afghanistan & Pakistan",69037.5079995863
Djibouti,Men,2011,0.0765533322031371,Obesity,7.7,948558.0,2590.0,Lower middle income,"Middle East, North Africa, Afghanistan & Pakistan",72615.27568794333
Djibouti,Men,2012,0.0789872265475875,Obesity,7.9,966747.0,2654.0,Lower middle income,"Middle East, North Africa, Afghanistan & Pakistan",76360.66430320057
Djibouti,Men,2013,0.0815227618837791,Obesity,8.2,984824.0,2724.0,Lower middle income,"Middle East, North Africa, Afghanistan & Pakistan",80285.57244943087
Djibouti,Men,2014,0.0841691425989484,Obesity,8.4,1002717.0,2823.0,Lower middle income,"Middle East, North Africa, Afghanistan & Pakistan",84397.83015938973
Djibouti,Men,2015,0.0869265050659276,Obesity,8.7,1020313.0,2941.0,Lower middle income,"Middle East, North Africa, Afghanistan & Pakistan",88692.24316333179
Djibouti,Men,2016,0.0898162567936281,Obesity,9.0,1037653.0,3084.5425,Lower middle income,"Middle East, North Africa, Afghanistan & Pakistan",93198.10831067858
Egypt,Men,1975,0.0568997473348209,Obesity,5.7,38875327.0,2265.0,,"Middle East, North Africa, Afghanistan & Pakistan",2211996.283858541
Egypt,Men,1976,0.0594032111722744,Obesity,5.9,39795557.0,2560.0,,"Middle East, North Africa, Afghanistan & Pakistan",2363983.8761892826
Egypt,Men,1977,0.0619577283131185,Obesity,6.2,40748870.0,2817.0,,"Middle East, North Africa, Afghanistan & Pakistan",2524707.416526585
Egypt,Men,1978,0.0645655383112015,Obesity,6.5,41761431.0,2939.0,,"Middle East, North Africa, Afghanistan & Pakistan",2696349.273161098
Egypt,Men,1979,0.0672419712409104,Obesity,6.7,42818628.0,3076.0,,"Middle East, North Africa, Afghanistan & Pakistan",2879208.952551241
Egypt,Men,1980,0.0699886041927576,Obesity,7.0,43950413.0,3298.0,,"Middle East, North Africa, Afghanistan & Pakistan",3076028.059565228
Egypt,Men,1981,0.072770641575332,Obesity,7.3,45147224.0,3309.0,,"Middle East, North Africa, Afghanistan & Pakistan",3285392.455825227
Egypt,Men,1982,0.0755998289593092,Obesity,7.6,46407611.0,3543.0,,"Middle East, North Africa, Afghanistan & Pakistan",3508407.454010156
Egypt,Men,1983,0.0784887562829101,Obesity,7.8,47786402.0,3701.0,,"Middle East, North Africa, Afghanistan & Pakistan",3750695.260215168
Egypt,Men,1984,0.0814408998588949,Obesity,8.1,49247334.0,3810.0,,"Middle East, North Africa, Afghanistan & Pakistan",4010747.1966115497
Egypt,Men,1985,0.0844770023261967,Obesity,8.4,50734968.0,3939.0,,"Middle East, North Africa, Afghanistan & Pakistan",4285938.0097555155
Egypt,Men,1986,0.08757162432435,Obesity,8.8,52206295.0,3921.0,,"Middle East, North Africa, Afghanistan & Pakistan",4571790.0531061925
Egypt,Men,1987,0.0907333717144865,Obesity,9.1,53674435.0,3929.0,Lower middle income,"Middle East, North Africa, Afghanistan & Pakistan",4870062.4624200445
Egypt,Men,1988,0.0939623570552717,Obesity,9.4,55187681.0,4001.0,Lower middle income,"Middle East, North Africa, Afghanistan & Pakistan",5185564.587174434
Egypt,Men,1989,0.0972659638418907,Obesity,9.7,56710642.0,4030.0,Lower middle income,"Middle East, North Africa, Afghanistan & Pakistan",5516015.254222409
Egypt,Men,1990,0.100658096203787,Obesity,10.1,58396618.0,4022.0,Low income,"Middle East, North Africa, Afghanistan & Pakistan",5878092.3926198
Egypt,Men,1991,0.104114652968314,Obesity,10.4,60028997.0,4180.133,Low income,"Middle East, North Africa, Afghanistan & Pakistan",6249898.190690963
Egypt,Men,1992,0.107644723628694,Obesity,10.8,61480660.0,4338.9536,Low income,"Middle East, North Africa, Afghanistan & Pakistan",6618068.654209702
Egypt,Men,1993,0.111247749739817,Obesity,11.1,62915681.0,4542.6323,Low income,"Middle East, North Africa, Afghanistan & Pakistan",6999227.93459816
Egypt,Men,1994,0.114927803822935,Obesity,11.5,64285589.0,4746.5884,Low income,"Middle East, North Africa, Afghanistan & Pakistan",7388201.561233829
Egypt,Men,1995,0.118687232111578,Obesity,11.9,65652622.0,5001.067,Lower middle income,"Middle East, North Africa, Afghanistan & Pakistan",7792127.986047693
Egypt,Men,1996,0.122592643815698,Obesity,12.3,67028048.0,5293.1006,Lower middle income,"Middle East, North Africa, Afghanistan & Pakistan",8217145.614125509
Egypt,Men,1997,0.126658812413289,Obesity,12.7,68431740.0,5594.597,Lower middle income,"Middle East, North Africa, Afghanistan & Pakistan",8667482.919774964
Egypt,Men,1998,0.130890188179381,Obesity,13.1,69943294.0,5884.802,Lower middle income,"Middle East, North Africa, Afghanistan & Pakistan",9154890.91354577
Egypt,Men,1999,0.135276042455255,Obesity,13.5,71520954.0,6211.0156,Lower middle income,"Middle East, North Africa, Afghanistan & Pakistan",9675071.60974434
Egypt,Men,2000,0.139821180944319,Obesity,14.0,73083284.0,6593.5317,Lower middle income,"Middle East, North Africa, Afghanistan & Pakistan",10218591.076169053
Egypt,Men,2001,0.144533396332035,Obesity,14.5,74652029.0,6914.937,Lower middle income,"Middle East, North Africa, Afghanistan & Pakistan",10789711.29444757
Egypt,Men,2002,0.149416424484424,Obesity,14.9,76239137.0,7142.6865,Lower middle income,"Middle East, North Africa, Afghanistan & Pakistan",11391379.256318156
Egypt,Men,2003,0.15446343216632,Obesity,15.4,77853548.0,7365.8027,Lower middle income,"Middle East, North Africa, Afghanistan & Pakistan",12025526.230405338
Egypt,Men,2004,0.159663905512837,Obesity,16.0,79477443.0,7661.86,Lower middle income,"Middle East, North Africa, Afghanistan & Pakistan",12689678.949553888
Egypt,Men,2005,0.165034372488387,Obesity,16.5,81101004.0,8021.8833,Lower middle income,"Middle East, North Africa, Afghanistan & Pakistan",13384453.303318165
Egypt,Men,2006,0.170547249153432,Obesity,17.1,82700403.0,8509.614,Lower middle income,"Middle East, North Africa, Afghanistan & Pakistan",14104326.235530235
Egypt,Men,2007,0.176214703040788,Obesity,17.6,84276225.0,9130.598,Lower middle income,"Middle East, North Africa, Afghanistan & Pakistan",14850709.961773634
Egypt,Men,2008,0.182057574236854,Obesity,18.2,85864789.0,9698.017,Lower middle income,"Middle East, North Africa, Afghanistan & Pakistan",15632335.197699305
Egypt,Men,2009,0.188085819345528,Obesity,18.8,87501636.0,10159.002,Lower middle income,"Middle East, North Africa, Afghanistan & Pakistan",16457816.90113415
Egypt,Men,2010,0.194284436371029,Obesity,19.4,89196072.0,10719.291,Lower middle income,"Middle East, North Africa, Afghanistan & Pakistan",17329408.57502972
Egypt,Men,2011,0.200629665839091,Obesity,20.1,91093059.0,10737.0,Lower middle income,"Middle East, North Africa, Afghanistan & Pakistan",18275969.987430602
Egypt,Men,2012,0.207141865926821,Obesity,20.7,93161001.0,10774.53,Lower middle income,"Middle East, North Africa, Afghanistan & Pakistan",19297543.578750435
Egypt,Men,2013,0.213837570427779,Obesity,21.4,95333553.0,10871.145,Lower middle income,"Middle East, North Africa, Afghanistan & Pakistan",20385895.3537679
Egypt,Men,2014,0.220707558337979,Obesity,22.1,97528654.0,11135.728,Lower middle income,"Middle East, North Africa, Afghanistan & Pakistan",21525311.09232957
Egypt,Men,2015,0.227749696825822,Obesity,22.8,99597342.0,11312.848,Lower middle income,"Middle East, North Africa, Afghanistan & Pakistan",22683264.445157707
Egypt,Men,2016,0.235017171969738,Obesity,23.5,101644589.0,11458.447,Lower middle income,"Middle East, North Africa, Afghanistan & Pakistan",23888223.85280634
Iran,Men,1975,0.0290110785339474,Obesity,2.9,33802973.0,9377.0,,"Middle East, North Africa, Afghanistan & Pakistan",980660.7043839035
Iran,Men,1976,0.0308752688562876,Obesity,3.1,34837271.0,10665.0,,"Middle East, North Africa, Afghanistan & Pakistan",1075610.1083443512
Iran,Men,1977,0.032839310208367,Obesity,3.3,35933181.0,10205.0,,"Middle East, North Africa, Afghanistan & Pakistan",1180020.877632399
Iran,Men,1978,0.0349063275095068,Obesity,3.5,37126535.0,8710.0,,"Middle East, North Africa, Afghanistan & Pakistan",1295950.990003167
Iran,Men,1979,0.0370863399612643,Obesity,3.7,38424952.0,7678.0,,"Middle East, North Africa, Afghanistan & Pakistan",1425040.8328672627
Iran,Men,1980,0.0393736763758572,Obesity,3.9,39842324.0,6334.0,,"Middle East, North Africa, Afghanistan & Pakistan",1568738.7712380486
Iran,Men,1981,0.0417592533571104,Obesity,4.2,41989312.0,5887.0,,"Middle East, North Africa, Afghanistan & Pakistan",1753442.318098756
Iran,Men,1982,0.0442487702067356,Obesity,4.4,44272141.0,6535.0,,"Middle East, North Africa, Afghanistan & Pakistan",1958987.7936691977
Iran,Men,1983,0.0468472397822838,Obesity,4.7,46029535.0,7108.0,,"Middle East, North Africa, Afghanistan & Pakistan",2156356.6632120246
Iran,Men,1984,0.0495497850233281,Obesity,5.0,47793998.0,6951.0,,"Middle East, North Africa, Afghanistan & Pakistan",2368182.326305373
Iran,Men,1985,0.0523646542211133,Obesity,5.2,49582289.0,6853.0,,"Middle East, North Africa, Afghanistan & Pakistan",2596359.4189763092
Iran,Men,1986,0.0552530050264752,Obesity,5.5,51446045.0,5984.0,,"Middle East, North Africa, Afghanistan & Pakistan",2842548.5829772693
Iran,Men,1987,0.058218950840239,Obesity,5.8,53323493.0,5713.0,Upper middle income,"Middle East, North Africa, Afghanistan & Pakistan",3104437.8175968286
Iran,Men,1988,0.061261446208705,Obesity,6.1,55072694.0,5249.0,Upper middle income,"Middle East, North Africa, Afghanistan & Pakistan",3373832.8810494705
Iran,Men,1989,0.0643888483889185,Obesity,6.4,56704914.0,5303.0,Upper middle income,"Middle East, North Africa, Afghanistan & Pakistan",3651164.1104526618
Iran,Men,1990,0.0676016203811172,Obesity,6.8,58380092.0,5620.0,Lower middle income,"Middle East, North Africa, Afghanistan & Pakistan",3946588.817198697
Iran,Men,1991,0.0709503919017925,Obesity,7.1,59986931.0,6380.55,Lower middle income,"Middle East, North Africa, Afghanistan & Pakistan",4256096.263435786
Iran,Men,1992,0.0744472344158918,Obesity,7.4,61184983.0,7036.315,Lower middle income,"Middle East, North Africa, Afghanistan & Pakistan",4555052.772133354
Iran,Men,1993,0.0780916086280942,Obesity,7.8,61403543.0,6914.7666,Lower middle income,"Middle East, North Africa, Afghanistan & Pakistan",4795101.448334353
Iran,Men,1994,0.081884994478367,Obesity,8.2,61520598.0,6884.706,Lower middle income,"Middle East, North Africa, Afghanistan & Pakistan",5037613.827535836
Iran,Men,1995,0.0858206677428641,Obesity,8.6,62205567.0,7093.735,Lower middle income,"Middle East, North Africa, Afghanistan & Pakistan",5338523.297263472
Iran,Men,1996,0.0899023233874446,Obesity,9.0,62881300.0,7746.409,Lower middle income,"Middle East, North Africa, Afghanistan & Pakistan",5653174.96762292
Iran,Men,1997,0.0941206786396729,Obesity,9.4,63639638.0,8113.724,Lower middle income,"Middle East, North Africa, Afghanistan & Pakistan",5989805.916943115
Iran,Men,1998,0.0984870068430322,Obesity,9.8,64519859.0,8458.387,Lower middle income,"Middle East, North Africa, Afghanistan & Pakistan",6354367.794844473
Iran,Men,1999,0.102987339696144,Obesity,10.3,65445391.0,8714.627,Lower middle income,"Middle East, North Africa, Afghanistan & Pakistan",6740046.714463965
Iran,Men,2000,0.107616260945553,Obesity,10.8,66418659.0,9104.763,Lower middle income,"Middle East, North Africa, Afghanistan & Pakistan",7147727.738597702
Iran,Men,2001,0.112354368728632,Obesity,11.2,67452005.0,9620.627,Lower middle income,"Middle East, North Africa, Afghanistan & Pakistan",7578527.441255529
Iran,Men,2002,0.11721897673565,Obesity,11.7,68011317.0,10467.371,Lower middle income,"Middle East, North Africa, Afghanistan & Pakistan",7972216.985183918
Iran,Men,2003,0.122213683397402,Obesity,12.2,68769340.0,11502.853,Lower middle income,"Middle East, North Africa, Afghanistan & Pakistan",8404554.346208293
Iran,Men,2004,0.127364726417089,Obesity,12.7,70256316.0,12404.323,Lower middle income,"Middle East, North Africa, Afghanistan & Pakistan",8948176.466412554
Iran,Men,2005,0.132672090125916,Obesity,13.3,71828455.0,13110.143,Lower middle income,"Middle East, North Africa, Afghanistan & Pakistan",9529631.2553653
Iran,Men,2006,0.138096399960017,Obesity,13.8,73392747.0,14185.753,Lower middle income,"Middle East, North Africa, Afghanistan & Pakistan",10135274.143876337
Iran,Men,2007,0.14364180312113,Obesity,14.4,74602648.0,15467.107,Lower middle income,"Middle East, North Africa, Afghanistan & Pakistan",10716058.876330962
Iran,Men,2008,0.149322917320454,Obesity,14.9,75514204.0,15739.983,Lower middle income,"Middle East, North Africa, Afghanistan & Pakistan",11276001.240411896
Iran,Men,2009,0.155151102724005,Obesity,15.5,76457825.0,16575.07,Upper middle income,"Middle East, North Africa, Afghanistan & Pakistan",11862515.860628998
Iran,Men,2010,0.16113174182383,Obesity,16.1,77420842.0,17751.33,Upper middle income,"Middle East, North Africa, Afghanistan & Pakistan",12474955.124927534
Iran,Men,2011,0.167238833548918,Obesity,16.7,78383598.0,18024.0,Upper middle income,"Middle East, North Africa, Afghanistan & Pakistan",13108781.498887302
Iran,Men,2012,0.173477965626612,Obesity,17.3,79370580.0,17556.533,Upper middle income,"Middle East, North Africa, Afghanistan & Pakistan",13769046.749004258
Iran,Men,2013,0.179858943028892,Obesity,18.0,80414686.0,16842.896,Upper middle income,"Middle East, North Africa, Afghanistan & Pakistan",14463300.42796024
Iran,Men,2014,0.186391363658835,Obesity,18.6,81502045.0,17449.938,Upper middle income,"Middle East, North Africa, Afghanistan & Pakistan",15191277.308533734
Iran,Men,2015,0.193062296848419,Obesity,19.3,82619362.0,16922.88,Upper middle income,"Middle East, North Africa, Afghanistan & Pakistan",15950683.791870989
Iran,Men,2016,0.199834681457158,Obesity,20.0,83812228.0,17738.059,Upper middle income,"Middle East, North Africa, Afghanistan & Pakistan",16748589.884594698
Iraq,Men,1975,0.0595566041648455,Obesity,6.0,11543639.0,6878.0,,"Middle East, North Africa, Afghanistan & Pakistan",687499.9385448729
Iraq,Men,1976,0.0629648678742159,Obesity,6.3,11927651.0,8007.0,,"Middle East, North Africa, Afghanistan & Pakistan",751022.9692647592
Iraq,Men,1977,0.0664731936455019,Obesity,6.6,12331046.0,7957.0,,"Middle East, North Africa, Afghanistan & Pakistan",819684.0086095916
Iraq,Men,1978,0.0700774590050331,Obesity,7.0,12753355.0,9075.0,,"Middle East, North Africa, Afghanistan & Pakistan",893722.7121891339
Iraq,Men,1979,0.0737970640082337,Obesity,7.4,13170365.0,10769.0,,"Middle East, North Africa, Afghanistan & Pakistan",971934.2689168009
Iraq,Men,1980,0.0776271217244454,Obesity,7.8,13591992.0,10165.0,,"Middle East, North Africa, Afghanistan & Pakistan",1055107.217461688
Iraq,Men,1981,0.0815178940669767,Obesity,8.2,14006381.0,8035.0,,"Middle East, North Africa, Afghanistan & Pakistan",1141770.682619715
Iraq,Men,1982,0.0854733069418351,Obesity,8.5,14406083.0,7704.0,,"Middle East, North Africa, Afghanistan & Pakistan",1231335.5540885525
Iraq,Men,1983,0.089514667791583,Obesity,9.0,14840555.0,6805.0,,"Middle East, North Africa, Afghanistan & Pakistan",1328447.350667716
Iraq,Men,1984,0.0936450720783093,Obesity,9.4,15310733.0,6593.0,,"Middle East, North Africa, Afghanistan & Pakistan",1433774.6953567488
Iraq,Men,1985,0.0978684881203055,Obesity,9.8,15683430.0,6268.0,,"Middle East, North Africa, Afghanistan & Pakistan",1534913.582640643
Iraq,Men,1986,0.102022309549717,Obesity,10.2,16074145.0,5992.0,,"Middle East, North Africa, Afghanistan & Pakistan",1639921.3969370357
Iraq,Men,1987,0.106126027796339,Obesity,10.6,16521049.0,6052.0,Upper middle income,"Middle East, North Africa, Afghanistan & Pakistan",1753313.3053986786
Iraq,Men,1988,0.110172222357722,Obesity,11.0,16908819.0,4635.0,Upper middle income,"Middle East, North Africa, Afghanistan & Pakistan",1862882.1666744747
Iraq,Men,1989,0.11418913942753,Obesity,11.4,17364542.0,4098.0,Upper middle income,"Middle East, North Africa, Afghanistan & Pakistan",1982842.1075332006
Iraq,Men,1990,0.118192730196614,Obesity,11.8,17581206.0,3918.0,Upper middle income,"Middle East, North Africa, Afghanistan & Pakistan",2077970.737289091
Iraq,Men,1991,0.122062538123435,Obesity,12.2,17767253.0,1518.7421,Lower middle income,"Middle East, North Africa, Afghanistan & Pakistan",2168715.9966612146
Iraq,Men,1992,0.125820579531485,Obesity,12.6,18300845.0,2046.1809,Lower middle income,"Middle East, North Africa, Afghanistan & Pakistan",2302622.92381588
Iraq,Men,1993,0.129484743398996,Obesity,12.9,19201195.0,2132.3823,Lower middle income,"Middle East, North Africa, Afghanistan & Pakistan",2486261.807529085
Iraq,Men,1994,0.133080143850693,Obesity,13.3,20139807.0,2108.538,Lower middle income,"Middle East, North Africa, Afghanistan & Pakistan",2680208.412685194
Iraq,Men,1995,0.136640816963866,Obesity,13.7,20825860.0,1996.9279,Lower middle income,"Middle East, North Africa, Afghanistan & Pakistan",2845662.5243750988
Iraq,Men,1996,0.140259892989629,Obesity,14.0,21501321.0,2337.5227,Lower middle income,"Middle East, North Africa, Afghanistan & Pakistan",3015772.9825956626
Iraq,Men,1997,0.143948322276745,Obesity,14.4,22176593.0,2337.948,Lower middle income,"Middle East, North Africa, Afghanistan & Pakistan",3192283.356164207
Iraq,Men,1998,0.147731112203846,Obesity,14.8,22884399.0,2794.7864,Lower middle income,"Middle East, North Africa, Afghanistan & Pakistan",3380737.716386581
Iraq,Men,1999,0.151623074089924,Obesity,15.2,23636527.0,3157.1125,Lower middle income,"Middle East, North Africa, Afghanistan & Pakistan",3583842.8845494892
Iraq,Men,2000,0.155622013186971,Obesity,15.6,24424056.0,3649.493,Lower middle income,"Middle East, North Africa, Afghanistan & Pakistan",3800920.764911318
Iraq,Men,2001,0.159797269215227,Obesity,16.0,25197840.0,4147.6484,Lower middle income,"Middle East, North Africa, Afghanistan & Pakistan",4026546.0221222155
Iraq,Men,2002,0.164138563171598,Obesity,16.4,26006559.0,4631.6523,Lower middle income,"Middle East, North Africa, Afghanistan & Pakistan",4268679.227297391
Iraq,Men,2003,0.168662758404839,Obesity,16.9,26802659.0,3782.4526,Lower middle income,"Middle East, North Africa, Afghanistan & Pakistan",4520610.399524284
Iraq,Men,2004,0.173363675054421,Obesity,17.3,27577878.0,6061.5547,Lower middle income,"Middle East, North Africa, Afghanistan & Pakistan",4781002.280282466
Iraq,Men,2005,0.17823504202074,Obesity,17.8,28407448.0,6441.41,Lower middle income,"Middle East, North Africa, Afghanistan & Pakistan",5063202.687981986
Iraq,Men,2006,0.183262923766626,Obesity,18.3,28616515.0,7117.6133,Lower middle income,"Middle East, North Africa, Afghanistan & Pakistan",5244346.20691151
Iraq,Men,2007,0.188449669548268,Obesity,18.8,28391607.0,7587.6055,Lower middle income,"Middle East, North Africa, Afghanistan & Pakistan",5350388.957094292
Iraq,Men,2008,0.193811174248453,Obesity,19.4,28971036.0,8587.265,Lower middle income,"Middle East, North Africa, Afghanistan & Pakistan",5614910.506354205
Iraq,Men,2009,0.199357618193248,Obesity,19.9,30058206.0,9268.709,Lower middle income,"Middle East, North Africa, Afghanistan & Pakistan",5992332.355321996
Iraq,Men,2010,0.20506991280046,Obesity,20.5,31045366.0,10274.33,Lower middle income,"Middle East, North Africa, Afghanistan & Pakistan",6366470.498478365
Iraq,Men,2011,0.210945626706306,Obesity,21.1,32161424.0,11484.0,Lower middle income,"Middle East, North Africa, Afghanistan & Pakistan",6784311.741447231
Iraq,Men,2012,0.21699271517396,Obesity,21.7,33654842.0,12521.541,Upper middle income,"Middle East, North Africa, Afghanistan & Pakistan",7302855.544330626
Iraq,Men,2013,0.223226670187343,Obesity,22.3,35281989.0,12877.205,Upper middle income,"Middle East, North Africa, Afghanistan & Pakistan",7875880.922056464
Iraq,Men,2014,0.229642127012558,Obesity,23.0,36550059.0,12559.504,Upper middle income,"Middle East, North Africa, Afghanistan & Pakistan",8393433.29119449
Iraq,Men,2015,0.23623468497036,Obesity,23.6,37560535.0,12574.508,Upper middle income,"Middle East, North Africa, Afghanistan & Pakistan",8873101.15304318
Iraq,Men,2016,0.243007441745434,Obesity,24.3,38469627.0,14173.763,Upper middle income,"Middle East, North Africa, Afghanistan & Pakistan",9348405.642171076
Israel,Men,1975,0.0971873930044768,Obesity,9.7,3455000.0,16176.0,,"Middle East, North Africa, Afghanistan & Pakistan",335782.44283046736
Israel,Men,1976,0.100608286732156,Obesity,10.1,3533000.0,16053.0,,"Middle East, North Africa, Afghanistan & Pakistan",355449.0770247071
Israel,Men,1977,0.104072516335242,Obesity,10.4,3613000.0,15721.0,,"Middle East, North Africa, Afghanistan & Pakistan",376014.0015192294
Israel,Men,1978,0.107578963727906,Obesity,10.8,3690000.0,16139.0,,"Middle East, North Africa, Afghanistan & Pakistan",396966.3761559731
Israel,Men,1979,0.111149827280038,Obesity,11.1,3786000.0,16761.0,,"Middle East, North Africa, Afghanistan & Pakistan",420813.2460822239
Israel,Men,1980,0.114804551570704,Obesity,11.5,3878000.0,17508.0,,"Middle East, North Africa, Afghanistan & Pakistan",445212.05099119013
Israel,Men,1981,0.118484398095826,Obesity,11.8,3956000.0,18103.0,,"Middle East, North Africa, Afghanistan & Pakistan",468724.2788670877
Israel,Men,1982,0.122193789457161,Obesity,12.2,4031000.0,18155.0,,"Middle East, North Africa, Afghanistan & Pakistan",492563.165301816
Israel,Men,1983,0.125934946221321,Obesity,12.6,4105000.0,18468.0,,"Middle East, North Africa, Afghanistan & Pakistan",516962.95423852274
Israel,Men,1984,0.129720694079372,Obesity,13.0,4159000.0,18305.0,,"Middle East, North Africa, Afghanistan & Pakistan",539508.3666761082
Israel,Men,1985,0.13357468071256,Obesity,13.4,4233000.0,18605.0,,"Middle East, North Africa, Afghanistan & Pakistan",565421.6234562665
Israel,Men,1986,0.137431853332404,Obesity,13.7,4299000.0,19160.0,,"Middle East, North Africa, Afghanistan & Pakistan",590819.5374760048
Israel,Men,1987,0.141323090146613,Obesity,14.1,4369000.0,20196.0,High income,"Middle East, North Africa, Afghanistan & Pakistan",617440.5808505523
Israel,Men,1988,0.145239803662426,Obesity,14.5,4442000.0,20256.0,High income,"Middle East, North Africa, Afghanistan & Pakistan",645155.2078684963
Israel,Men,1989,0.149199235757758,Obesity,14.9,4518000.0,20091.0,High income,"Middle East, North Africa, Afghanistan & Pakistan",674082.1471535506
Israel,Men,1990,0.153205951622942,Obesity,15.3,4660000.0,20829.0,High income,"Middle East, North Africa, Afghanistan & Pakistan",713939.7345629098
Israel,Men,1991,0.157257822489076,Obesity,15.7,4949000.0,20912.941,High income,"Middle East, North Africa, Afghanistan & Pakistan",778268.9634984371
Israel,Men,1992,0.161362068497259,Obesity,16.1,5123000.0,21531.596,High income,"Middle East, North Africa, Afghanistan & Pakistan",826657.8769114579
Israel,Men,1993,0.165520760801507,Obesity,16.6,5261000.0,21484.979,High income,"Middle East, North Africa, Afghanistan & Pakistan",870804.7225767283
Israel,Men,1994,0.169732790222377,Obesity,17.0,5399000.0,22128.805,High income,"Middle East, North Africa, Afghanistan & Pakistan",916387.3344106134
Israel,Men,1995,0.173998726566171,Obesity,17.4,5545000.0,23378.16,High income,"Middle East, North Africa, Afghanistan & Pakistan",964822.9388094181
Israel,Men,1996,0.178293240630962,Obesity,17.8,5692000.0,23979.996,High income,"Middle East, North Africa, Afghanistan & Pakistan",1014845.1256714357
Israel,Men,1997,0.182609094322246,Obesity,18.3,5836000.0,24226.73,High income,"Middle East, North Africa, Afghanistan & Pakistan",1065706.6744646276
Israel,Men,1998,0.186932704812692,Obesity,18.7,5971000.0,24506.16,High income,"Middle East, North Africa, Afghanistan & Pakistan",1116175.180436584
Israel,Men,1999,0.191265575676189,Obesity,19.1,6125000.0,24644.205,High income,"Middle East, North Africa, Afghanistan & Pakistan",1171501.6510166575
Israel,Men,2000,0.195604443877431,Obesity,19.6,6289000.0,26058.84,High income,"Middle East, North Africa, Afghanistan & Pakistan",1230156.3475451637
Israel,Men,2001,0.199957700327059,Obesity,20.0,6439000.0,25427.32,High income,"Middle East, North Africa, Afghanistan & Pakistan",1287527.632405933
Israel,Men,2002,0.204317021240471,Obesity,20.4,6570000.0,24823.553,High income,"Middle East, North Africa, Afghanistan & Pakistan",1342362.8295498944
Israel,Men,2003,0.208691603611505,Obesity,20.9,6689700.0,24545.244,High income,"Middle East, North Africa, Afghanistan & Pakistan",1396084.220679885
Israel,Men,2004,0.21308611624691,Obesity,21.3,6809000.0,25210.879,High income,"Middle East, North Africa, Afghanistan & Pakistan",1450903.3655252103
Israel,Men,2005,0.217497416912473,Obesity,21.7,6930100.0,25686.406,High income,"Middle East, North Africa, Afghanistan & Pakistan",1507278.8489451292
Israel,Men,2006,0.221928590276351,Obesity,22.2,7053700.0,26571.256,High income,"Middle East, North Africa, Afghanistan & Pakistan",1565417.6972322972
Israel,Men,2007,0.226378707627536,Obesity,22.6,7180100.0,27624.883,High income,"Middle East, North Africa, Afghanistan & Pakistan",1625421.7586364713
Israel,Men,2008,0.230839513265733,Obesity,23.1,7308800.0,27857.62,High income,"Middle East, North Africa, Afghanistan & Pakistan",1687159.8345565894
Israel,Men,2009,0.235322959675298,Obesity,23.5,7485600.0,27644.697,High income,"Middle East, North Africa, Afghanistan & Pakistan",1761533.5469454108
Israel,Men,2010,0.239839290980559,Obesity,24.0,7623600.0,28575.531,High income,"Middle East, North Africa, Afghanistan & Pakistan",1828438.8187193896
Israel,Men,2011,0.244400969872419,Obesity,24.4,7765800.0,29370.0,High income,"Middle East, North Africa, Afghanistan & Pakistan",1897969.0518352315
Israel,Men,2012,0.24901675115604,Obesity,24.9,7910500.0,29580.836,High income,"Middle East, North Africa, Afghanistan & Pakistan",1969847.0100198544
Israel,Men,2013,0.253679526519827,Obesity,25.4,8059500.0,30316.602,High income,"Middle East, North Africa, Afghanistan & Pakistan",2044530.1439865457
Israel,Men,2014,0.258408260836781,Obesity,25.8,8215700.0,30906.148,High income,"Middle East, North Africa, Afghanistan & Pakistan",2123004.7485567415
Israel,Men,2015,0.263229690275044,Obesity,26.3,8380100.0,31050.408,High income,"Middle East, North Africa, Afghanistan & Pakistan",2205891.1274738964
Israel,Men,2016,0.26815483566543,Obesity,26.8,8546000.0,31822.875,High income,"Middle East, North Africa, Afghanistan & Pakistan",2291651.225596765
Jordan,Men,1975,0.0645047209424796,Obesity,6.5,1899055.0,4117.0,,"Middle East, North Africa, Afghanistan & Pakistan",122498.0128294206
Jordan,Men,1976,0.0670842091865925,Obesity,6.7,1958177.0,4935.0,,"Middle East, North Africa, Afghanistan & Pakistan",131362.75549237413
Jordan,Men,1977,0.0697923126690086,Obesity,7.0,2019002.0,5072.0,,"Middle East, North Africa, Afghanistan & Pakistan",140910.8188633537
Jordan,Men,1978,0.0726361196978646,Obesity,7.3,2083595.0,5926.0,,"Middle East, North Africa, Afghanistan & Pakistan",151344.25582187218
Jordan,Men,1979,0.075617608600799,Obesity,7.6,2153882.0,6247.0,,"Middle East, North Africa, Afghanistan & Pakistan",162871.40604830615
Jordan,Men,1980,0.0787278516382689,Obesity,7.9,2234186.0,7141.0,,"Middle East, North Africa, Afghanistan & Pakistan",175892.66394029744
Jordan,Men,1981,0.082262984359639,Obesity,8.2,2325517.0,7176.0,,"Middle East, North Africa, Afghanistan & Pakistan",191303.9685990746
Jordan,Men,1982,0.0862045557653918,Obesity,8.6,2426927.0,7401.0,,"Middle East, North Africa, Afghanistan & Pakistan",209212.16391003501
Jordan,Men,1983,0.0905433226242205,Obesity,9.1,2537307.0,7262.0,,"Middle East, North Africa, Afghanistan & Pakistan",229736.20629769305
Jordan,Men,1984,0.0952729361588563,Obesity,9.5,2654688.0,7599.0,,"Middle East, North Africa, Afghanistan & Pakistan",252919.92034568192
Jordan,Men,1985,0.100370810955524,Obesity,10.0,2778810.0,7578.0,,"Middle East, North Africa, Afghanistan & Pakistan",278911.4131913196
Jordan,Men,1986,0.105762449190372,Obesity,10.6,2909887.0,7973.0,,"Middle East, North Africa, Afghanistan & Pakistan",307756.775987224
Jordan,Men,1987,0.11142644044845,Obesity,11.1,3047634.0,7911.0,Lower middle income,"Middle East, North Africa, Afghanistan & Pakistan",339587.0084096715
Jordan,Men,1988,0.117326122141549,Obesity,11.7,3193039.0,7571.0,Lower middle income,"Middle East, North Africa, Afghanistan & Pakistan",374626.88371672947
Jordan,Men,1989,0.12343525339734,Obesity,12.3,3349627.0,6540.0,Lower middle income,"Middle East, North Africa, Afghanistan & Pakistan",413462.05753157183
Jordan,Men,1990,0.129734206528226,Obesity,13.0,3621908.0,6044.0,Lower middle income,"Middle East, North Africa, Afghanistan & Pakistan",469885.360498234
Jordan,Men,1991,0.136081096153607,Obesity,13.6,3915149.0,5900.5093,Lower middle income,"Middle East, North Africa, Afghanistan & Pakistan",532777.7675246983
Jordan,Men,1992,0.142473447158364,Obesity,14.2,4127693.0,6456.123,Lower middle income,"Middle East, North Africa, Afghanistan & Pakistan",588086.6505214489
Jordan,Men,1993,0.148918118128051,Obesity,14.9,4348020.0,6460.6626,Lower middle income,"Middle East, North Africa, Afghanistan & Pakistan",647498.9559831283
Jordan,Men,1994,0.155419092310858,Obesity,15.5,4561406.0,6538.1733,Lower middle income,"Middle East, North Africa, Afghanistan & Pakistan",708929.5801813015
Jordan,Men,1995,0.161976549682446,Obesity,16.2,4752096.0,6760.1084,Lower middle income,"Middle East, North Africa, Afghanistan & Pakistan",769728.113839753
Jordan,Men,1996,0.168290480424204,Obesity,16.8,4912516.0,6783.229,Lower middle income,"Middle East, North Africa, Afghanistan & Pakistan",826729.677731589
Jordan,Men,1997,0.174391474828759,Obesity,17.4,5046285.0,6942.459,Lower middle income,"Middle East, North Africa, Afghanistan & Pakistan",880029.0835562441
Jordan,Men,1998,0.18032211409925,Obesity,18.0,5164284.0,7120.4937,Lower middle income,"Middle East, North Africa, Afghanistan & Pakistan",931234.6086889312
Jordan,Men,1999,0.186113064666355,Obesity,18.6,5276444.0,7340.4937,Lower middle income,"Middle East, North Africa, Afghanistan & Pakistan",982015.1633804009
Jordan,Men,2000,0.191796239094893,Obesity,19.2,5386945.0,7621.841,Lower middle income,"Middle East, North Africa, Afghanistan & Pakistan",1033195.7912110384
Jordan,Men,2001,0.197417768730637,Obesity,19.7,5498894.0,7982.7407,Lower middle income,"Middle East, North Africa, Afghanistan & Pakistan",1085579.3839662874
Jordan,Men,2002,0.20301410689784,Obesity,20.3,5616066.0,8394.055,Lower middle income,"Middle East, North Africa, Afghanistan & Pakistan",1140140.6232693247
Jordan,Men,2003,0.208626060536333,Obesity,20.9,5741828.0,8669.625,Lower middle income,"Middle East, North Africa, Afghanistan & Pakistan",1197894.955917212
Jordan,Men,2004,0.214303842827113,Obesity,21.4,5882061.0,9288.616,Lower middle income,"Middle East, North Africa, Afghanistan & Pakistan",1260548.2760434912
Jordan,Men,2005,0.22008537485513,Obesity,22.0,6029587.0,9860.809,Lower middle income,"Middle East, North Africa, Afghanistan & Pakistan",1327023.9151166186
Jordan,Men,2006,0.225983359195317,Obesity,22.6,6427371.0,10404.562,Lower middle income,"Middle East, North Africa, Afghanistan & Pakistan",1452478.889374564
Jordan,Men,2007,0.232006721427136,Obesity,23.2,6827227.0,10938.805,Lower middle income,"Middle East, North Africa, Afghanistan & Pakistan",1583962.5527088214
Jordan,Men,2008,0.238176943588506,Obesity,23.8,6989866.0,11378.256,Lower middle income,"Middle East, North Africa, Afghanistan & Pakistan",1664824.919973216
Jordan,Men,2009,0.244480864037452,Obesity,24.4,7141753.0,11651.25,Lower middle income,"Middle East, North Africa, Afghanistan & Pakistan",1746021.944182065
Jordan,Men,2010,0.250920200593164,Obesity,25.1,7297043.0,11601.088,Upper middle income,"Middle East, North Africa, Afghanistan & Pakistan",1830975.4932969431
Jordan,Men,2011,0.257444300209882,Obesity,25.7,7480424.0,11615.0,Upper middle income,"Middle East, North Africa, Afghanistan & Pakistan",1925792.5219532065
Jordan,Men,2012,0.264073212876789,Obesity,26.4,7587127.0,11704.657,Upper middle income,"Middle East, North Africa, Afghanistan & Pakistan",2003557.0033942333
Jordan,Men,2013,0.270821426660057,Obesity,27.1,7991809.0,10834.426,Upper middle income,"Middle East, North Africa, Afghanistan & Pakistan",2164353.114974683
Jordan,Men,2014,0.27768430874471,Obesity,27.8,8791710.0,9765.811,Upper middle income,"Middle East, North Africa, Afghanistan & Pakistan",2441319.9140339545
Jordan,Men,2015,0.284653952467383,Obesity,28.5,9544729.0,9307.248,Upper middle income,"Middle East, North Africa, Afghanistan & Pakistan",2716944.8350800523
Jordan,Men,2016,0.29171537301412,Obesity,29.2,10006367.0,9149.412,Lower middle income,"Middle East, North Africa, Afghanistan & Pakistan",2919011.0819211807
Kuwait,Men,1975,0.122324898570214,Obesity,12.2,1104863.0,28950.0,,"Middle East, North Africa, Afghanistan & Pakistan",135152.25440898235
Kuwait,Men,1976,0.127344590280625,Obesity,12.7,1178711.0,28956.0,,"Middle East, North Africa, Afghanistan & Pakistan",150102.46935426578
Kuwait,Men,1977,0.132548064701623,Obesity,13.3,1258023.0,26168.0,,"Middle East, North Africa, Afghanistan & Pakistan",166748.5140001299
Kuwait,Men,1978,0.137943138306291,Obesity,13.8,1340319.0,26363.0,,"Middle East, North Africa, Afghanistan & Pakistan",184887.80919154966
Kuwait,Men,1979,0.143526076028618,Obesity,14.4,1423514.0,28174.0,,"Middle East, North Africa, Afghanistan & Pakistan",204311.37859180212
Kuwait,Men,1980,0.149310031498719,Obesity,14.9,1504782.0,21154.0,,"Middle East, North Africa, Afghanistan & Pakistan",224679.04781870535
Kuwait,Men,1981,0.15510276746072,Obesity,15.5,1583426.0,16402.0,,"Middle East, North Africa, Afghanistan & Pakistan",245593.75466925802
Kuwait,Men,1982,0.160891594203301,Obesity,16.1,1662480.0,13845.0,,"Middle East, North Africa, Afghanistan & Pakistan",267479.05753110384
Kuwait,Men,1983,0.166669130610584,Obesity,16.7,1744295.0,14292.0,,"Middle East, North Africa, Afghanistan & Pakistan",290720.1311783886
Kuwait,Men,1984,0.172430071367711,Obesity,17.2,1820688.0,14384.0,,"Middle East, North Africa, Afghanistan & Pakistan",313941.361778335
Kuwait,Men,1985,0.178183619346898,Obesity,17.8,1894242.0,13015.0,,"Middle East, North Africa, Afghanistan & Pakistan",337522.89547890675
Kuwait,Men,1986,0.183630040438049,Obesity,18.4,1972520.0,13509.0,,"Middle East, North Africa, Afghanistan & Pakistan",362213.9273648604
Kuwait,Men,1987,0.188816622839321,Obesity,18.9,2052994.0,12416.0,High income,"Middle East, North Africa, Afghanistan & Pakistan",387639.39378938894
Kuwait,Men,1988,0.193772274540784,Obesity,19.4,2134707.0,12317.0,High income,"Middle East, North Africa, Afghanistan & Pakistan",413647.03086813336
Kuwait,Men,1989,0.198541317713257,Obesity,19.9,2217468.0,12701.0,High income,"Middle East, North Africa, Afghanistan & Pakistan",440259.01870698057
Kuwait,Men,1990,0.203175297985326,Obesity,20.3,1684819.0,9757.0,High income,"Middle East, North Africa, Afghanistan & Pakistan",342313.60237633897
Kuwait,Men,1991,0.207728159582822,Obesity,20.8,1351399.0,6310.9067,High income,"Middle East, North Africa, Afghanistan & Pakistan",280723.62713206606
Kuwait,Men,1992,0.212231809793052,Obesity,21.2,1634961.0,12965.067,High income,"Middle East, North Africa, Afghanistan & Pakistan",346990.7319710581
Kuwait,Men,1993,0.21669830737374,Obesity,21.7,1672151.0,19955.314,High income,"Middle East, North Africa, Afghanistan & Pakistan",362352.2913733067
Kuwait,Men,1994,0.221155654891662,Obesity,22.1,1664361.0,24532.414,High income,"Middle East, North Africa, Afghanistan & Pakistan",368082.84693114145
Kuwait,Men,1995,0.225635029283385,Obesity,22.6,1681513.0,27552.96,High income,"Middle East, North Africa, Afghanistan & Pakistan",379408.23499539256
Kuwait,Men,1996,0.230192961467337,Obesity,23.0,1730246.0,29612.66,High income,"Middle East, North Africa, Afghanistan & Pakistan",398290.45080701396
Kuwait,Men,1997,0.234820727998746,Obesity,23.5,1787683.0,31511.191,High income,"Middle East, North Africa, Afghanistan & Pakistan",419785.02349098225
Kuwait,Men,1998,0.239542543985137,Obesity,24.0,1844302.0,33331.297,High income,"Middle East, North Africa, Afghanistan & Pakistan",441788.79295687616
Kuwait,Men,1999,0.244354025052455,Obesity,24.4,1900030.0,33351.195,High income,"Middle East, North Africa, Afghanistan & Pakistan",464279.97822041606
Kuwait,Men,2000,0.249243983219693,Obesity,24.9,1954709.0,35844.746,High income,"Middle East, North Africa, Afghanistan & Pakistan",487199.45719538286
Kuwait,Men,2001,0.25423329529561,Obesity,25.4,2008121.0,37225.87,High income,"Middle East, North Africa, Afghanistan & Pakistan",510531.2191823157
Kuwait,Men,2002,0.259315084283291,Obesity,25.9,2059974.0,39943.15,High income,"Middle East, North Africa, Afghanistan & Pakistan",534182.331431388
Kuwait,Men,2003,0.264507125182609,Obesity,26.5,2109881.0,48809.71,High income,"Middle East, North Africa, Afghanistan & Pakistan",558078.5577874082
Kuwait,Men,2004,0.269809903813822,Obesity,27.0,2157320.0,55911.793,High income,"Middle East, North Africa, Afghanistan & Pakistan",582066.3016956345
Kuwait,Men,2005,0.275229547140604,Obesity,27.5,2236788.0,62959.6,High income,"Middle East, North Africa, Afghanistan & Pakistan",615630.1482895373
Kuwait,Men,2006,0.280762236954671,Obesity,28.1,2364733.0,68546.14,High income,"Middle East, North Africa, Afghanistan & Pakistan",663927.72688053
Kuwait,Men,2007,0.286412970028446,Obesity,28.6,2507887.0,73096.87,High income,"Middle East, North Africa, Afghanistan & Pakistan",718291.3641657294
Kuwait,Men,2008,0.292214034995521,Obesity,29.2,2651421.0,75138.12,High income,"Middle East, North Africa, Afghanistan & Pakistan",774782.4288818593
Kuwait,Men,2009,0.298144060784041,Obesity,29.8,2795484.0,70072.73,High income,"Middle East, North Africa, Afghanistan & Pakistan",833456.951616814
Kuwait,Men,2010,0.304207539663368,Obesity,30.4,2943372.0,68865.31,High income,"Middle East, North Africa, Afghanistan & Pakistan",895395.9544340468
Kuwait,Men,2011,0.310369438783294,Obesity,31.0,3132814.0,77126.0,High income,"Middle East, North Africa, Afghanistan & Pakistan",972329.7229924464
Kuwait,Men,2012,0.3166177776336,Obesity,31.7,3337109.0,80657.13,High income,"Middle East, North Africa, Afghanistan & Pakistan",1056588.0353010853
Kuwait,Men,2013,0.32298529698872,Obesity,32.3,3507844.0,80098.64,High income,"Middle East, North Africa, Afghanistan & Pakistan",1132982.0361300996
Kuwait,Men,2014,0.329471394782491,Obesity,32.9,3665876.0,79103.414,High income,"Middle East, North Africa, Afghanistan & Pakistan",1207801.278819659
Kuwait,Men,2015,0.336065686506819,Obesity,33.6,3834574.0,78261.195,High income,"Middle East, North Africa, Afghanistan & Pakistan",1288668.743771199
Kuwait,Men,2016,0.342758560620944,Obesity,34.3,4004096.0,79289.17,High income,"Middle East, North Africa, Afghanistan & Pakistan",1372438.1815480795
Lebanon,Men,1975,0.066056307428,Obesity,6.6,2693191.0,5742.0,,"Middle East, North Africa, Afghanistan & Pakistan",177902.25265832277
Lebanon,Men,1976,0.0704299047976975,Obesity,7.0,2726469.0,2442.0,,"Middle East, North Africa, Afghanistan & Pakistan",192024.9521038735
Lebanon,Men,1977,0.0749482327242152,Obesity,7.5,2762155.0,4417.0,,"Middle East, North Africa, Afghanistan & Pakistan",207018.63576035466
Lebanon,Men,1978,0.0796083295723475,Obesity,8.0,2822682.0,4218.0,,"Middle East, North Africa, Afghanistan & Pakistan",224708.99893393298
Lebanon,Men,1979,0.0844183238448094,Obesity,8.4,2882635.0,4536.0,,"Middle East, North Africa, Afghanistan & Pakistan",243347.21495638217
Lebanon,Men,1980,0.0893754765141545,Obesity,8.9,2944763.0,4608.0,,"Middle East, North Africa, Afghanistan & Pakistan",263189.59634625114
Lebanon,Men,1981,0.0944273064809839,Obesity,9.4,3008981.0,4549.0,,"Middle East, North Africa, Afghanistan & Pakistan",284129.9710824574
Lebanon,Men,1982,0.09956397417168,Obesity,10.0,3054931.0,2823.0,,"Middle East, North Africa, Afghanistan & Pakistan",304161.0711802646
Lebanon,Men,1983,0.104800550768129,Obesity,10.5,3094996.0,3402.0,,"Middle East, North Africa, Afghanistan & Pakistan",324357.2854251562
Lebanon,Men,1984,0.110135154033896,Obesity,11.0,3152744.0,4828.0,,"Middle East, North Africa, Afghanistan & Pakistan",347227.9460694414
Lebanon,Men,1985,0.115585926425707,Obesity,11.6,3217376.0,5895.0,,"Middle East, North Africa, Afghanistan & Pakistan",371883.3856198355
Lebanon,Men,1986,0.121001858471328,Obesity,12.1,3300365.0,5400.0,,"Middle East, North Africa, Afghanistan & Pakistan",399350.2986337244
Lebanon,Men,1987,0.126392171951322,Obesity,12.6,3385555.0,6202.0,Lower middle income,"Middle East, North Africa, Afghanistan & Pakistan",427907.64971065795
Lebanon,Men,1988,0.131759061208676,Obesity,13.2,3454649.0,4385.0,Lower middle income,"Middle East, North Africa, Afghanistan & Pakistan",455181.30904549133
Lebanon,Men,1989,0.137114944189192,Obesity,13.7,3525285.0,2488.0,Lower middle income,"Middle East, North Africa, Afghanistan & Pakistan",483369.25602599577
Lebanon,Men,1990,0.142489115334027,Obesity,14.2,3595175.0,3086.0,Lower middle income,"Middle East, North Africa, Afghanistan & Pakistan",512273.3052210105
Lebanon,Men,1991,0.14772477797878,Obesity,14.8,3668912.0,4326.2993,Lower middle income,"Middle East, North Africa, Afghanistan & Pakistan",541989.2106236817
Lebanon,Men,1992,0.15284600639038,Obesity,15.3,3747371.0,4618.0054,Lower middle income,"Middle East, North Africa, Afghanistan & Pakistan",572770.6918131247
Lebanon,Men,1993,0.157893034219148,Obesity,15.8,3820647.0,5053.2803,Lower middle income,"Middle East, North Africa, Afghanistan & Pakistan",603253.5475102852
Lebanon,Men,1994,0.16287394160696,Obesity,16.3,3889799.0,5585.667,Lower middle income,"Middle East, North Africa, Afghanistan & Pakistan",633546.8951888115
Lebanon,Men,1995,0.167817785290809,Obesity,16.8,3960735.0,6095.397,Lower middle income,"Middle East, North Africa, Afghanistan & Pakistan",664681.7758237924
Lebanon,Men,1996,0.172733146488743,Obesity,17.3,4034781.0,6567.4004,Lower middle income,"Middle East, North Africa, Afghanistan & Pakistan",696940.4175229969
Lebanon,Men,1997,0.177638402318939,Obesity,17.8,4108405.0,6581.053,Upper middle income,"Middle East, North Africa, Afghanistan & Pakistan",729810.5002791405
Lebanon,Men,1998,0.182562902626429,Obesity,18.3,4181281.0,6994.1567,Upper middle income,"Middle East, North Africa, Afghanistan & Pakistan",763346.7960567377
Lebanon,Men,1999,0.187527596700139,Obesity,18.8,4255277.0,7147.5547,Upper middle income,"Middle East, North Africa, Afghanistan & Pakistan",797981.8691033773
Lebanon,Men,2000,0.192548030704707,Obesity,19.3,4329340.0,7405.707,Upper middle income,"Middle East, North Africa, Afghanistan & Pakistan",833605.8912511162
Lebanon,Men,2001,0.197591108259612,Obesity,19.8,4401918.0,7836.8267,Upper middle income,"Middle East, North Africa, Afghanistan & Pakistan",869779.8560879348
Lebanon,Men,2002,0.202661583014708,Obesity,20.3,4463504.0,8248.101,Upper middle income,"Middle East, North Africa, Afghanistan & Pakistan",904580.7864324811
Lebanon,Men,2003,0.207784980842025,Obesity,20.8,4525508.0,8671.1875,Upper middle income,"Middle East, North Africa, Afghanistan & Pakistan",940332.593080431
Lebanon,Men,2004,0.212972145378319,Obesity,21.3,4599279.0,9491.61,Upper middle income,"Middle East, North Africa, Afghanistan & Pakistan",979518.3158234496
Lebanon,Men,2005,0.218243893041718,Obesity,21.8,4671102.0,9933.082,Upper middle income,"Middle East, North Africa, Afghanistan & Pakistan",1019439.485274955
Lebanon,Men,2006,0.223604193334504,Obesity,22.4,4751136.0,10236.868,Upper middle income,"Middle East, North Africa, Afghanistan & Pakistan",1062373.932702522
Lebanon,Men,2007,0.229065919129326,Obesity,22.9,4844118.0,11276.507,Upper middle income,"Middle East, North Africa, Afghanistan & Pakistan",1109622.3420409125
Lebanon,Men,2008,0.234661538425544,Obesity,23.5,4925354.0,12479.107,Upper middle income,"Middle East, North Africa, Afghanistan & Pakistan",1155791.1469304068
Lebanon,Men,2009,0.240386903413894,Obesity,24.0,4992287.0,14039.346,Upper middle income,"Middle East, North Africa, Afghanistan & Pakistan",1200080.4128834386
Lebanon,Men,2010,0.246242895162626,Obesity,24.6,5041288.0,15622.367,Upper middle income,"Middle East, North Africa, Afghanistan & Pakistan",1241381.3524686045
Lebanon,Men,2011,0.252196661655337,Obesity,25.2,5096020.0,16230.0,Upper middle income,"Middle East, North Africa, Afghanistan & Pakistan",1285199.2317288304
Lebanon,Men,2012,0.258252886323369,Obesity,25.8,5235742.0,16284.763,Upper middle income,"Middle East, North Africa, Afghanistan & Pakistan",1352145.4835444887
Lebanon,Men,2013,0.264440497346066,Obesity,26.4,5743436.0,15145.569,Upper middle income,"Middle East, North Africa, Afghanistan & Pakistan",1518797.0723152999
Lebanon,Men,2014,0.270761239097956,Obesity,27.1,6346990.0,13586.273,Upper middle income,"Middle East, North Africa, Afghanistan & Pakistan",1718518.8769423359
Lebanon,Men,2015,0.277203715426064,Obesity,27.7,6472469.0,12982.721,Upper middle income,"Middle East, North Africa, Afghanistan & Pakistan",1794192.454780021
Lebanon,Men,2016,0.283754229937304,Obesity,28.4,6323060.0,13073.557,Upper middle income,"Middle East, North Africa, Afghanistan & Pakistan",1794195.0211473694
Libya,Men,1975,0.052621264636535,Obesity,5.3,2571556.0,6872.0,,"Middle East, North Africa, Afghanistan & Pakistan",135318.5288036694
Libya,Men,1976,0.0577597505046608,Obesity,5.8,2721237.0,8142.0,,"Middle East, North Africa, Afghanistan & Pakistan",157177.97018405164
Libya,Men,1977,0.0629301435704765,Obesity,6.3,2881533.0,8682.0,,"Middle East, North Africa, Afghanistan & Pakistan",181335.28539306583
Libya,Men,1978,0.0681219989876295,Obesity,6.8,3052526.0,8730.0,,"Middle East, North Africa, Afghanistan & Pakistan",207944.1730817127
Libya,Men,1979,0.0733480501119716,Obesity,7.3,3233846.0,9086.0,,"Middle East, North Africa, Afghanistan & Pakistan",237196.2984623989
Libya,Men,1980,0.0786253982745237,Obesity,7.9,3424378.0,8741.0,,"Middle East, North Africa, Afghanistan & Pakistan",269243.0840925169
Libya,Men,1981,0.0838522215817451,Obesity,8.4,3621486.0,6760.0,,"Middle East, North Africa, Afghanistan & Pakistan",303669.6465271877
Libya,Men,1982,0.0890359998437175,Obesity,8.9,3724765.0,6661.0,,"Middle East, North Africa, Afghanistan & Pakistan",331638.1759578844
Libya,Men,1983,0.0942087741024722,Obesity,9.4,3718961.0,6237.0,,"Middle East, North Africa, Afghanistan & Pakistan",350358.75674490415
Libya,Men,1984,0.0994092474991881,Obesity,9.9,3773633.0,5695.0,,"Middle East, North Africa, Afghanistan & Pakistan",375134.0168681037
Libya,Men,1985,0.104671956579273,Obesity,10.5,3898745.0,6092.0,,"Middle East, North Africa, Afghanistan & Pakistan",408089.2673536577
Libya,Men,1986,0.109659656351867,Obesity,11.0,4017403.0,5370.0,,"Middle East, North Africa, Afghanistan & Pakistan",440547.03240695957
Libya,Men,1987,0.114397583652313,Obesity,11.4,4129739.0,4465.0,Upper middle income,"Middle East, North Africa, Afghanistan & Pakistan",472432.1627147195
Libya,Men,1988,0.118899704382699,Obesity,11.9,4237755.0,4670.0,Upper middle income,"Middle East, North Africa, Afghanistan & Pakistan",503867.8167463046
Libya,Men,1989,0.123198239324788,Obesity,12.3,4342920.0,4873.0,Upper middle income,"Middle East, North Africa, Afghanistan & Pakistan",535040.0975284083
Libya,Men,1990,0.127338891082098,Obesity,12.7,4445239.0,4921.0,Upper middle income,"Middle East, North Africa, Afghanistan & Pakistan",566051.8048548943
Libya,Men,1991,0.131368940614986,Obesity,13.1,4544400.0,5977.337,Upper middle income,"Middle East, North Africa, Afghanistan & Pakistan",596993.0137307424
Libya,Men,1992,0.135326654268816,Obesity,13.5,4640352.0,6113.3535,Upper middle income,"Middle East, North Africa, Afghanistan & Pakistan",627963.3107896089
Libya,Men,1993,0.139246765816418,Obesity,13.9,4733045.0,6190.681,Upper middle income,"Middle East, North Africa, Afghanistan & Pakistan",659061.2087135682
Libya,Men,1994,0.143171725493905,Obesity,14.3,4822037.0,6645.0767,Upper middle income,"Middle East, North Africa, Afghanistan & Pakistan",690379.3576854531
Libya,Men,1995,0.147133880154389,Obesity,14.7,4906843.0,6898.952,Upper middle income,"Middle East, North Africa, Afghanistan & Pakistan",721962.8498984026
Libya,Men,1996,0.151183907568748,Obesity,15.1,4987393.0,7543.9355,Upper middle income,"Middle East, North Africa, Afghanistan & Pakistan",754013.5623210208
Libya,Men,1997,0.155321422287983,Obesity,15.5,5064639.0,8422.215,Upper middle income,"Middle East, North Africa, Afghanistan & Pakistan",786646.932855188
Libya,Men,1998,0.159563052861636,Obesity,16.0,5140704.0,8545.48,Upper middle income,"Middle East, North Africa, Afghanistan & Pakistan",820266.4240980236
Libya,Men,1999,0.163905949472579,Obesity,16.4,5218038.0,9064.067,Upper middle income,"Middle East, North Africa, Afghanistan & Pakistan",855267.4727739972
Libya,Men,2000,0.168333414784039,Obesity,16.8,5305021.0,9770.98,Upper middle income,"Middle East, North Africa, Afghanistan & Pakistan",893012.3004310373
Libya,Men,2001,0.172877397183688,Obesity,17.3,5403639.0,10354.482,Upper middle income,"Middle East, North Africa, Afghanistan & Pakistan",934167.0456402666
Libya,Men,2002,0.177543100516,Obesity,17.8,5508410.0,10787.675,Upper middle income,"Middle East, North Africa, Afghanistan & Pakistan",977980.1903133396
Libya,Men,2003,0.182341070612122,Obesity,18.2,5619398.0,12870.574,Upper middle income,"Middle East, North Africa, Afghanistan & Pakistan",1024647.0475156172
Libya,Men,2004,0.187276815688699,Obesity,18.7,5736693.0,14193.259,Upper middle income,"Middle East, North Africa, Afghanistan & Pakistan",1074349.5976236498
Libya,Men,2005,0.192345659727069,Obesity,19.2,5858798.0,16538.557,Upper middle income,"Middle East, North Africa, Afghanistan & Pakistan",1126914.3665176323
Libya,Men,2006,0.197565647140849,Obesity,19.8,5980211.0,18657.062,Upper middle income,"Middle East, North Africa, Afghanistan & Pakistan",1181484.2562538239
Libya,Men,2007,0.20293801376953,Obesity,20.3,6104380.0,20731.719,Upper middle income,"Middle East, North Africa, Afghanistan & Pakistan",1238810.7524944434
Libya,Men,2008,0.208484693905523,Obesity,20.8,6235430.0,25140.6,Upper middle income,"Middle East, North Africa, Afghanistan & Pakistan",1299991.7149193152
Libya,Men,2009,0.21418392241085,Obesity,21.4,6366686.0,26403.787,Upper middle income,"Middle East, North Africa, Afghanistan & Pakistan",1363641.780238245
Libya,Men,2010,0.220035640343083,Obesity,22.0,6497839.0,29157.143,Upper middle income,"Middle East, North Africa, Afghanistan & Pakistan",1429756.1652112582
Libya,Men,2011,0.226044287734607,Obesity,22.6,6343203.0,12893.0,Upper middle income,"Middle East, North Africa, Afghanistan & Pakistan",1433844.8040910223
Libya,Men,2012,0.23221927882247,Obesity,23.2,6179328.0,25302.516,Upper middle income,"Middle East, North Africa, Afghanistan & Pakistan",1434959.091767496
Libya,Men,2013,0.238551221558402,Obesity,23.9,6304628.0,20190.09,Upper middle income,"Middle East, North Africa, Afghanistan & Pakistan",1503976.7108713049
Libya,Men,2014,0.245053390103863,Obesity,24.5,6427252.0,15154.099,Upper middle income,"Middle East, North Africa, Afghanistan & Pakistan",1575019.8916518337
Libya,Men,2015,0.251712208127475,Obesity,25.2,6531819.0,14720.548,Upper middle income,"Middle East, North Africa, Afghanistan & Pakistan",1644138.583578996
Libya,Men,2016,0.258517240848162,Obesity,25.9,6632126.0,14219.172,Upper middle income,"Middle East, North Africa, Afghanistan & Pakistan",1714518.9144773574
Malta,Men,1975,0.121218418288878,Obesity,12.1,304222.0,5738.0,,"Middle East, North Africa, Afghanistan & Pakistan",36877.309648679045
Malta,Men,1976,0.124101377560141,Obesity,12.4,305774.0,6684.0,,"Middle East, North Africa, Afghanistan & Pakistan",37946.97462207456
Malta,Men,1977,0.127062681517919,Obesity,12.7,306970.0,7438.0,,"Middle East, North Africa, Afghanistan & Pakistan",39004.4313455556
Malta,Men,1978,0.130102681051811,Obesity,13.0,310182.0,8080.0,,"Middle East, North Africa, Afghanistan & Pakistan",40355.50981401284
Malta,Men,1979,0.133214151061014,Obesity,13.3,313342.0,8745.0,,"Middle East, North Africa, Afghanistan & Pakistan",41741.58852176025
Malta,Men,1980,0.136425367579506,Obesity,13.6,316645.0,8920.0,,"Middle East, North Africa, Afghanistan & Pakistan",43198.41051721267
Malta,Men,1981,0.139710326208822,Obesity,14.0,318982.0,9224.0,,"Middle East, North Africa, Afghanistan & Pakistan",44565.079274742464
Malta,Men,1982,0.14307382807319,Obesity,14.3,325898.0,9526.0,,"Middle East, North Africa, Afghanistan & Pakistan",46627.47442139647
Malta,Men,1983,0.146518732272312,Obesity,14.7,330524.0,9586.0,,"Middle East, North Africa, Afghanistan & Pakistan",48427.95746557365
Malta,Men,1984,0.150042239076713,Obesity,15.0,330593.0,9797.0,,"Middle East, North Africa, Afghanistan & Pakistan",49602.91394308778
Malta,Men,1985,0.153653051148729,Obesity,15.4,336452.0,10176.0,,"Middle East, North Africa, Afghanistan & Pakistan",51696.87636509217
Malta,Men,1986,0.157370975654145,Obesity,15.7,342121.0,10584.0,,"Middle East, North Africa, Afghanistan & Pakistan",53839.91556177175
Malta,Men,1987,0.161215280936822,Obesity,16.1,344485.0,10943.0,Upper middle income,"Middle East, North Africa, Afghanistan & Pakistan",55536.24605352113
Malta,Men,1988,0.165163048171568,Obesity,16.5,347325.0,11765.0,Upper middle income,"Middle East, North Africa, Afghanistan & Pakistan",57365.255706189855
Malta,Men,1989,0.169228527036326,Obesity,16.9,350722.0,12607.0,High income,"Middle East, North Africa, Afghanistan & Pakistan",59352.167459234326
Malta,Men,1990,0.173395202957494,Obesity,17.3,354170.0,13259.0,Upper middle income,"Middle East, North Africa, Afghanistan & Pakistan",61411.379031455646
Malta,Men,1991,0.177656853803545,Obesity,17.8,363845.0,13834.927,Upper middle income,"Middle East, North Africa, Afghanistan & Pakistan",64639.55797215083
Malta,Men,1992,0.182007185829653,Obesity,18.2,367618.0,14341.302,Upper middle income,"Middle East, North Africa, Afghanistan & Pakistan",66909.11764032538
Malta,Men,1993,0.186434444337099,Obesity,18.6,371308.0,14840.319,Upper middle income,"Middle East, North Africa, Afghanistan & Pakistan",69224.60065791955
Malta,Men,1994,0.190933417437058,Obesity,19.1,374797.0,15539.06,Upper middle income,"Middle East, North Africa, Afghanistan & Pakistan",71561.27205515702
Malta,Men,1995,0.195474318158557,Obesity,19.5,377419.0,16417.174,Upper middle income,"Middle East, North Africa, Afghanistan & Pakistan",73775.72168508443
Malta,Men,1996,0.20014659732293,Obesity,20.0,379905.0,16932.047,Upper middle income,"Middle East, North Africa, Afghanistan & Pakistan",76036.69305596773
Malta,Men,1997,0.204938205508448,Obesity,20.5,382791.0,17694.79,Upper middle income,"Middle East, North Africa, Afghanistan & Pakistan",78448.50062478431
Malta,Men,1998,0.209829172823409,Obesity,21.0,385287.0,18488.666,High income,"Middle East, North Africa, Afghanistan & Pakistan",80844.45250961278
Malta,Men,1999,0.214802821858391,Obesity,21.5,387578.0,19254.365,Upper middle income,"Middle East, North Africa, Afghanistan & Pakistan",83252.84809023146
Malta,Men,2000,0.21982628221085,Obesity,22.0,390087.0,20434.549,High income,"Middle East, North Africa, Afghanistan & Pakistan",85751.37494878384
Malta,Men,2001,0.224859775860004,Obesity,22.5,393028.0,20413.05,Upper middle income,"Middle East, North Africa, Afghanistan & Pakistan",88376.18798670566
Malta,Men,2002,0.229917076635033,Obesity,23.0,395969.0,20873.984,High income,"Middle East, North Africa, Afghanistan & Pakistan",91040.03491809739
Malta,Men,2003,0.234999641506756,Obesity,23.5,398582.0,21273.135,High income,"Middle East, North Africa, Afghanistan & Pakistan",93666.62711104582
Malta,Men,2004,0.240081879309755,Obesity,24.0,401268.0,21233.002,High income,"Middle East, North Africa, Afghanistan & Pakistan",96337.17554686677
Malta,Men,2005,0.245166920263588,Obesity,24.5,403834.0,21905.215,High income,"Middle East, North Africa, Afghanistan & Pakistan",99006.7380777258
Malta,Men,2006,0.250242509608949,Obesity,25.0,405308.0,22233.717,High income,"Middle East, North Africa, Afghanistan & Pakistan",101425.2910845839
Malta,Men,2007,0.255303890854096,Obesity,25.5,406724.0,23048.264,High income,"Middle East, North Africa, Afghanistan & Pakistan",103838.21970374134
Malta,Men,2008,0.2603486499247,Obesity,26.0,409379.0,23674.594,High income,"Middle East, North Africa, Afghanistan & Pakistan",106581.26995752378
Malta,Men,2009,0.265405671186948,Obesity,26.5,412477.0,22927.654,High income,"Middle East, North Africa, Afghanistan & Pakistan",109473.73503417875
Malta,Men,2010,0.270473518554348,Obesity,27.0,414508.0,23632.625,High income,"Middle East, North Africa, Afghanistan & Pakistan",112113.43722892567
Malta,Men,2011,0.275526607572297,Obesity,27.6,416268.0,23871.0,High income,"Middle East, North Africa, Afghanistan & Pakistan",114692.90988090493
Malta,Men,2012,0.280576978766899,Obesity,28.1,420028.0,24629.777,High income,"Middle East, North Africa, Afghanistan & Pakistan",117850.18723750307
Malta,Men,2013,0.285639562513293,Obesity,28.6,424810.0,25611.121,High income,"Middle East, North Africa, Afghanistan & Pakistan",121342.542551272
Malta,Men,2014,0.290737321803252,Obesity,29.1,433481.0,27007.89,High income,"Middle East, North Africa, Afghanistan & Pakistan",126029.10499259549
Malta,Men,2015,0.295903328955863,Obesity,29.6,444220.0,28906.48,High income,"Middle East, North Africa, Afghanistan & Pakistan",131446.17678877347
Malta,Men,2016,0.301129651528525,Obesity,30.1,454505.0,29207.27,High income,"Middle East, North Africa, Afghanistan & Pakistan",136864.93226797227
Morocco,Men,1975,0.03025331102645,Obesity,3.0,17150786.0,2919.0,,"Middle East, North Africa, Afghanistan & Pakistan",518868.0632060843
Morocco,Men,1976,0.031995585538236,Obesity,3.2,17574182.0,3175.0,,"Middle East, North Africa, Afghanistan & Pakistan",562296.2434455274
Morocco,Men,1977,0.0338509945448781,Obesity,3.4,18014756.0,3268.0,,"Middle East, North Africa, Afghanistan & Pakistan",609817.4070833101
Morocco,Men,1978,0.035826821575048,Obesity,3.6,18477385.0,3298.0,,"Middle East, North Africa, Afghanistan & Pakistan",661985.9755684682
Morocco,Men,1979,0.0379210283769498,Obesity,3.8,18955589.0,3382.0,,"Middle East, North Africa, Afghanistan & Pakistan",718815.4283707975
Morocco,Men,1980,0.0401382017638252,Obesity,4.0,19459943.0,3622.0,,"Middle East, North Africa, Afghanistan & Pakistan",781087.1184465379
Morocco,Men,1981,0.0424804449559086,Obesity,4.2,19985401.0,3457.0,,"Middle East, North Africa, Afghanistan & Pakistan",848988.7271022607
Morocco,Men,1982,0.044950024096177,Obesity,4.5,20520318.0,3725.0,,"Middle East, North Africa, Afghanistan & Pakistan",922388.7885612147
Morocco,Men,1983,0.0475463811951359,Obesity,4.8,21060696.0,3606.0,,"Middle East, North Africa, Afghanistan & Pakistan",1001359.8802508739
Morocco,Men,1984,0.050274809537501,Obesity,5.0,21593778.0,3657.0,,"Middle East, North Africa, Afghanistan & Pakistan",1085623.0761450792
Morocco,Men,1985,0.0531344264988691,Obesity,5.3,22113953.0,3784.0,,"Middle East, North Africa, Afghanistan & Pakistan",1175012.2102779457
Morocco,Men,1986,0.056124761713972,Obesity,5.6,22600803.0,3977.0,,"Middle East, North Africa, Afghanistan & Pakistan",1268464.6829194236
Morocco,Men,1987,0.0592498155981532,Obesity,5.9,23054392.0,3790.0,Lower middle income,"Middle East, North Africa, Afghanistan & Pakistan",1365968.4747275384
Morocco,Men,1988,0.0625030825525863,Obesity,6.3,23500524.0,4077.0,Lower middle income,"Middle East, North Africa, Afghanistan & Pakistan",1468855.1916010357
Morocco,Men,1989,0.0658908880726534,Obesity,6.6,23939414.0,4073.0,Lower middle income,"Middle East, North Africa, Afghanistan & Pakistan",1577389.248398912
Morocco,Men,1990,0.0694093905771842,Obesity,6.9,24375551.0,4130.0,Lower middle income,"Middle East, North Africa, Afghanistan & Pakistan",1691892.1398930731
Morocco,Men,1991,0.0730461436388906,Obesity,7.3,24799014.0,4353.7295,Lower middle income,"Middle East, North Africa, Afghanistan & Pakistan",1811472.338746859
Morocco,Men,1992,0.0768042405657046,Obesity,7.7,25212468.0,4194.447,Lower middle income,"Middle East, North Africa, Afghanistan & Pakistan",1936424.4575271292
Morocco,Men,1993,0.0806865832662331,Obesity,8.1,25614586.0,4097.281,Lower middle income,"Middle East, North Africa, Afghanistan & Pakistan",2066753.4261190887
Morocco,Men,1994,0.0846907162785039,Obesity,8.5,26000822.0,4461.0625,Lower middle income,"Middle East, North Africa, Afghanistan & Pakistan",2202028.2390098823
Morocco,Men,1995,0.088808938308862,Obesity,8.9,26399429.0,4156.9253,Lower middle income,"Middle East, North Africa, Afghanistan & Pakistan",2344505.261450182
Morocco,Men,1996,0.0929491035645003,Obesity,9.3,26808107.0,4603.652,Lower middle income,"Middle East, North Africa, Afghanistan & Pakistan",2491789.5139112053
Morocco,Men,1997,0.097121382127679,Obesity,9.7,27213337.0,4469.19,Lower middle income,"Middle East, North Africa, Afghanistan & Pakistan",2642996.9017463056
Morocco,Men,1998,0.101333320503539,Obesity,10.1,27621648.0,4729.183,Lower middle income,"Middle East, North Africa, Afghanistan & Pakistan",2798993.309619937
Morocco,Men,1999,0.105595910507391,Obesity,10.6,28027179.0,4720.7715,Lower middle income,"Middle East, North Africa, Afghanistan & Pakistan",2959555.4854586287
Morocco,Men,2000,0.109916451565439,Obesity,11.0,28423435.0,4753.638,Lower middle income,"Middle East, North Africa, Afghanistan & Pakistan",3124203.116500904
Morocco,Men,2001,0.114330966839402,Obesity,11.4,28814643.0,5042.073,Lower middle income,"Middle East, North Africa, Afghanistan & Pakistan",3294405.993322207
Morocco,Men,2002,0.11885061311253,Obesity,11.9,29198142.0,5140.8726,Lower middle income,"Middle East, North Africa, Afghanistan & Pakistan",3470217.0784467133
Morocco,Men,2003,0.123485211984186,Obesity,12.3,29571415.0,5386.8506,Lower middle income,"Middle East, North Africa, Afghanistan & Pakistan",3651632.4499473376
Morocco,Men,2004,0.128270666267208,Obesity,12.8,29953018.0,5584.154,Lower middle income,"Middle East, North Africa, Afghanistan & Pakistan",3842093.5755736744
Morocco,Men,2005,0.133208007657175,Obesity,13.3,30358144.0,5708.0312,Lower middle income,"Middle East, North Africa, Afghanistan & Pakistan",4043947.8784096213
Morocco,Men,2006,0.138363625967487,Obesity,13.8,30771178.0,6076.9526,Lower middle income,"Middle East, North Africa, Afghanistan & Pakistan",4257611.763370965
Morocco,Men,2007,0.143750084187694,Obesity,14.4,31186468.0,6228.4316,Lower middle income,"Middle East, North Africa, Afghanistan & Pakistan",4483057.400516825
Morocco,Men,2008,0.149365783412207,Obesity,14.9,31606767.0,6530.978,Lower middle income,"Middle East, North Africa, Afghanistan & Pakistan",4720969.514082091
Morocco,Men,2009,0.155215994927349,Obesity,15.5,32030778.0,6741.4604,Lower middle income,"Middle East, North Africa, Afghanistan & Pakistan",4971689.0755670415
Morocco,Men,2010,0.161289398246853,Obesity,16.1,32467016.0,6931.558,Lower middle income,"Middle East, North Africa, Afghanistan & Pakistan",5236585.473510949
Morocco,Men,2011,0.167550546723346,Obesity,16.8,32912588.0,7226.0,Lower middle income,"Middle East, North Africa, Afghanistan & Pakistan",5514522.113480236
Morocco,Men,2012,0.1739993544171,Obesity,17.4,33355241.0,7355.326,Lower middle income,"Middle East, North Africa, Afghanistan & Pakistan",5803790.4004267845
Morocco,Men,2013,0.180632905494201,Obesity,18.1,33787571.0,7599.724,Lower middle income,"Middle East, North Africa, Afghanistan & Pakistan",6103147.119321606
Morocco,Men,2014,0.187462459239857,Obesity,18.7,34204780.0,7714.632,Lower middle income,"Middle East, North Africa, Afghanistan & Pakistan",6412112.176558276
Morocco,Men,2015,0.194478922202706,Obesity,19.4,34607588.0,7959.528,Lower middle income,"Middle East, North Africa, Afghanistan & Pakistan",6730446.414275302
Morocco,Men,2016,0.201671259452129,Obesity,20.2,35023457.0,7912.222,Lower middle income,"Middle East, North Africa, Afghanistan & Pakistan",7063224.683557483
Palestine,Men,1975,0.0634189081686676,Obesity,6.3,,4085.0,,"Middle East, North Africa, Afghanistan & Pakistan",
Palestine,Men,1976,0.067023443776408,Obesity,6.7,,4605.0,,"Middle East, North Africa, Afghanistan & Pakistan",
Palestine,Men,1977,0.0706586606013828,Obesity,7.1,,4439.0,,"Middle East, North Africa, Afghanistan & Pakistan",
Palestine,Men,1978,0.074325361001352,Obesity,7.4,,4874.0,,"Middle East, North Africa, Afghanistan & Pakistan",
Palestine,Men,1979,0.0780324739895523,Obesity,7.8,,4677.0,,"Middle East, North Africa, Afghanistan & Pakistan",
Palestine,Men,1980,0.0817836155860507,Obesity,8.2,,5239.0,,"Middle East, North Africa, Afghanistan & Pakistan",
Palestine,Men,1981,0.0855859528928836,Obesity,8.6,,4811.0,,"Middle East, North Africa, Afghanistan & Pakistan",
Palestine,Men,1982,0.089452402423325,Obesity,8.9,,5088.0,,"Middle East, North Africa, Afghanistan & Pakistan",
Palestine,Men,1983,0.0933893658696269,Obesity,9.3,,4733.0,,"Middle East, North Africa, Afghanistan & Pakistan",
Palestine,Men,1984,0.0974080077637249,Obesity,9.7,,4807.0,,"Middle East, North Africa, Afghanistan & Pakistan",
Palestine,Men,1985,0.10153519017392,Obesity,10.2,,4619.0,,"Middle East, North Africa, Afghanistan & Pakistan",
Palestine,Men,1986,0.105770195265008,Obesity,10.6,,5330.0,,"Middle East, North Africa, Afghanistan & Pakistan",
Palestine,Men,1987,0.110117256603822,Obesity,11.0,,5004.0,,"Middle East, North Africa, Afghanistan & Pakistan",
Palestine,Men,1988,0.114566208850287,Obesity,11.5,,4745.0,,"Middle East, North Africa, Afghanistan & Pakistan",
Palestine,Men,1989,0.119116949258785,Obesity,11.9,,4682.0,,"Middle East, North Africa, Afghanistan & Pakistan",
Palestine,Men,1990,0.1237699755442,Obesity,12.4,1978248.0,5345.0,,"Middle East, North Africa, Afghanistan & Pakistan",244847.70658036254
Palestine,Men,1991,0.128512581017244,Obesity,12.9,2068845.0,4732.171,,"Middle East, North Africa, Afghanistan & Pakistan",265872.61067462014
Palestine,Men,1992,0.133356129428325,Obesity,13.3,2163591.0,5410.625,,"Middle East, North Africa, Afghanistan & Pakistan",288528.1214259591
Palestine,Men,1993,0.138292035835889,Obesity,13.8,2262676.0,5527.995,,"Middle East, North Africa, Afghanistan & Pakistan",312910.07047700597
Palestine,Men,1994,0.14330705535819,Obesity,14.3,2366298.0,5893.47,Lower middle income,"Middle East, North Africa, Afghanistan & Pakistan",339107.1984799743
Palestine,Men,1995,0.148413412470081,Obesity,14.8,2474666.0,5756.845,Lower middle income,"Middle East, North Africa, Afghanistan & Pakistan",367273.6257836855
Palestine,Men,1996,0.153552298580945,Obesity,15.4,2587997.0,5320.2554,Lower middle income,"Middle East, North Africa, Afghanistan & Pakistan",397392.8880705899
Palestine,Men,1997,0.158730191155244,Obesity,15.9,2706518.0,5598.021,Lower middle income,"Middle East, North Africa, Afghanistan & Pakistan",429606.1195051087
Palestine,Men,1998,0.163967136833097,Obesity,16.4,2776568.0,6051.883,Lower middle income,"Middle East, North Africa, Afghanistan & Pakistan",455265.90518239845
Palestine,Men,1999,0.169258901352258,Obesity,16.9,2848431.0,6204.6465,Lower middle income,"Middle East, North Africa, Afghanistan & Pakistan",482122.30163771356
Palestine,Men,2000,0.174616570577057,Obesity,17.5,2922153.0,5377.3936,Lower middle income,"Middle East, North Africa, Afghanistan & Pakistan",510256.3355614589
Palestine,Men,2001,0.179984038315561,Obesity,18.0,2997784.0,4626.303,Lower middle income,"Middle East, North Africa, Afghanistan & Pakistan",539553.2703177758
Palestine,Men,2002,0.185374337447163,Obesity,18.5,3075373.0,3842.1465,Lower middle income,"Middle East, North Africa, Afghanistan & Pakistan",570095.232277894
Palestine,Men,2003,0.190817934705148,Obesity,19.1,3154969.0,4158.2993,Lower middle income,"Middle East, North Africa, Afghanistan & Pakistan",602024.668638766
Palestine,Men,2004,0.196331866282019,Obesity,19.6,3236626.0,4358.5176,Lower middle income,"Middle East, North Africa, Afghanistan & Pakistan",635452.8230369061
Palestine,Men,2005,0.20192389670508,Obesity,20.2,3320396.0,4589.626,Lower middle income,"Middle East, North Africa, Afghanistan & Pakistan",670467.2989239609
Palestine,Men,2006,0.207605644228591,Obesity,20.8,3406334.0,4193.154,Lower middle income,"Middle East, North Africa, Afghanistan & Pakistan",707174.1645277534
Palestine,Men,2007,0.213401415799354,Obesity,21.3,3494496.0,4250.989,Lower middle income,"Middle East, North Africa, Afghanistan & Pakistan",745730.3939051793
Palestine,Men,2008,0.219315883879866,Obesity,21.9,3591977.0,4287.209,Lower middle income,"Middle East, North Africa, Afghanistan & Pakistan",787777.6106311495
Palestine,Men,2009,0.225365513386995,Obesity,22.5,3689099.0,4426.317,Lower middle income,"Middle East, North Africa, Afghanistan & Pakistan",831395.69007045
Palestine,Men,2010,0.231559530899898,Obesity,23.2,3786161.0,4548.5312,Lower middle income,"Middle East, North Africa, Afghanistan & Pakistan",876721.6650714887
Palestine,Men,2011,0.237882999083693,Obesity,23.8,3882986.0,4863.0,Lower middle income,"Middle East, North Africa, Afghanistan & Pakistan",923696.3550799928
Palestine,Men,2012,0.244341936304702,Obesity,24.4,3979998.0,5054.0,Lower middle income,"Middle East, North Africa, Afghanistan & Pakistan",972480.4178088413
Palestine,Men,2013,0.250960236868517,Obesity,25.1,4076708.0,5054.0,Lower middle income,"Middle East, North Africa, Afghanistan & Pakistan",1023091.6053237781
Palestine,Men,2014,0.257729732020334,Obesity,25.8,4173398.0,4939.0,Lower middle income,"Middle East, North Africa, Afghanistan & Pakistan",1075608.7481541978
Palestine,Men,2015,0.264635028050548,Obesity,26.5,4270092.0,5003.0,Lower middle income,"Middle East, North Africa, Afghanistan & Pakistan",1130015.9161984206
Palestine,Men,2016,0.271671900365099,Obesity,27.2,4367088.0,5316.9883,Lower middle income,"Middle East, North Africa, Afghanistan & Pakistan",1186415.0960216194
Oman,Men,1975,0.0242588373160346,Obesity,2.4,778864.0,6802.0,,"Middle East, North Africa, Afghanistan & Pakistan",18894.335067315973
Oman,Men,1976,0.0264865540858312,Obesity,2.6,814701.0,7328.0,,"Middle East, North Africa, Afghanistan & Pakistan",21578.622100280765
Oman,Men,1977,0.0289330551139762,Obesity,2.9,855314.0,6998.0,,"Middle East, North Africa, Afghanistan & Pakistan",24746.84710175544
Oman,Men,1978,0.0316090852818172,Obesity,3.2,900304.0,6513.0,,"Middle East, North Africa, Afghanistan & Pakistan",28457.785915561148
Oman,Men,1979,0.0345205656675977,Obesity,3.5,949116.0,6446.0,,"Middle East, North Africa, Afghanistan & Pakistan",32764.02120416766
Oman,Men,1980,0.0376777784411531,Obesity,3.8,1001248.0,6491.0,,"Middle East, North Africa, Afghanistan & Pakistan",37724.80030864766
Oman,Men,1981,0.0410873725484424,Obesity,4.1,1057320.0,7210.0,,"Middle East, North Africa, Afghanistan & Pakistan",43442.50074291912
Oman,Men,1982,0.0447540088388704,Obesity,4.5,1117678.0,7651.0,,"Middle East, North Africa, Afghanistan & Pakistan",50020.57109101099
Oman,Men,1983,0.0486893078352496,Obesity,4.9,1181459.0,8521.0,,"Middle East, North Africa, Afghanistan & Pakistan",57524.42094572616
Oman,Men,1984,0.0528899687574096,Obesity,5.3,1247716.0,9526.0,,"Middle East, North Africa, Afghanistan & Pakistan",65991.66025812009
Oman,Men,1985,0.0573688555222504,Obesity,5.7,1325480.0,10433.0,,"Middle East, North Africa, Afghanistan & Pakistan",76041.27061763246
Oman,Men,1986,0.0620974687000489,Obesity,6.2,1413419.0,10268.0,,"Middle East, North Africa, Afghanistan & Pakistan",87769.7421125544
Oman,Men,1987,0.0670851794653738,Obesity,6.7,1500996.0,10699.0,Upper middle income,"Middle East, North Africa, Afghanistan & Pakistan",100694.58603680822
Oman,Men,1988,0.0723196222917326,Obesity,7.2,1588568.0,10633.0,Upper middle income,"Middle East, North Africa, Afghanistan & Pakistan",114884.63774473307
Oman,Men,1989,0.0778122139575268,Obesity,7.8,1676228.0,10692.0,Upper middle income,"Middle East, North Africa, Afghanistan & Pakistan",130431.01177759723
Oman,Men,1990,0.0835638297730447,Obesity,8.4,1763954.0,10327.0,Upper middle income,"Middle East, North Africa, Afghanistan & Pakistan",147402.7517834813
Oman,Men,1991,0.0893506951166845,Obesity,8.9,1851473.0,11131.0,Upper middle income,"Middle East, North Africa, Afghanistan & Pakistan",165430.3995397732
Oman,Men,1992,0.0951776192640223,Obesity,9.5,1938238.0,12251.157,Upper middle income,"Middle East, North Africa, Afghanistan & Pakistan",184476.87840706005
Oman,Men,1993,0.101054634901167,Obesity,10.1,2021675.0,13226.644,Upper middle income,"Middle East, North Africa, Afghanistan & Pakistan",204299.6290138168
Oman,Men,1994,0.106975085744634,Obesity,10.7,2081834.0,14079.533,Upper middle income,"Middle East, North Africa, Afghanistan & Pakistan",222704.3706560944
Oman,Men,1995,0.112949852230678,Obesity,11.3,2120528.0,15292.176,Upper middle income,"Middle East, North Africa, Afghanistan & Pakistan",239513.32425101515
Oman,Men,1996,0.118578477713998,Obesity,11.9,2156926.0,16491.168,Upper middle income,"Middle East, North Africa, Afghanistan & Pakistan",255765.00162174285
Oman,Men,1997,0.123895856035389,Obesity,12.4,2190720.0,18518.48,Upper middle income,"Middle East, North Africa, Afghanistan & Pakistan",271421.1297338474
Oman,Men,1998,0.128950477858315,Obesity,12.9,2222489.0,20213.02,Upper middle income,"Middle East, North Africa, Afghanistan & Pakistan",286591.0185848487
Oman,Men,1999,0.133790938514415,Obesity,13.4,2252909.0,21519.67,Upper middle income,"Middle East, North Africa, Afghanistan & Pakistan",301418.8094975722
Oman,Men,2000,0.138470379640519,Obesity,13.8,2282131.0,24186.365,Upper middle income,"Middle East, North Africa, Afghanistan & Pakistan",316007.5459593973
Oman,Men,2001,0.143140598866988,Obesity,14.3,2310217.0,26431.1,Upper middle income,"Middle East, North Africa, Afghanistan & Pakistan",330685.8448926964
Oman,Men,2002,0.14782402746242,Obesity,14.8,2337140.0,27141.844,Upper middle income,"Middle East, North Africa, Afghanistan & Pakistan",345485.44754352025
Oman,Men,2003,0.152566430247172,Obesity,15.3,2363796.0,27313.98,Upper middle income,"Middle East, North Africa, Afghanistan & Pakistan",360635.9175525442
Oman,Men,2004,0.157429241147463,Obesity,15.7,2404821.0,28607.084,Upper middle income,"Middle East, North Africa, Afghanistan & Pakistan",378589.14512548316
Oman,Men,2005,0.162448838032104,Obesity,16.2,2459802.0,30392.56,Upper middle income,"Middle East, North Africa, Afghanistan & Pakistan",399591.9766890455
Oman,Men,2006,0.167841286274208,Obesity,16.8,2514795.0,33374.895,Upper middle income,"Middle East, North Africa, Afghanistan & Pakistan",422086.4275159469
Oman,Men,2007,0.173597015324923,Obesity,17.4,2570174.0,36424.98,High income,"Middle East, North Africa, Afghanistan & Pakistan",446174.53526571864
Oman,Men,2008,0.179697426025986,Obesity,18.0,2626529.0,40909.938,High income,"Middle East, North Africa, Afghanistan & Pakistan",471980.500682607
Oman,Men,2009,0.186138015769615,Obesity,18.6,2684659.0,44244.65,High income,"Middle East, North Africa, Afghanistan & Pakistan",499717.09927803883
Oman,Men,2010,0.192892631158513,Obesity,19.3,2757446.0,46182.16,High income,"Middle East, North Africa, Afghanistan & Pakistan",531891.014217517
Oman,Men,2011,0.199869658262908,Obesity,20.0,3076763.0,44454.0,High income,"Middle East, North Africa, Afghanistan & Pakistan",614951.5693659596
Oman,Men,2012,0.207054466485948,Obesity,20.7,3547106.0,47427.582,High income,"Middle East, North Africa, Afghanistan & Pakistan",734444.140399105
Oman,Men,2013,0.214440306439612,Obesity,21.4,3833913.0,48900.758,High income,"Middle East, North Africa, Afghanistan & Pakistan",822145.4785828122
Oman,Men,2014,0.222027062321374,Obesity,22.2,4002439.0,48528.41,High income,"Middle East, North Africa, Afghanistan & Pakistan",888649.7732904978
Oman,Men,2015,0.229785242184168,Obesity,23.0,4184895.0,49926.875,High income,"Middle East, North Africa, Afghanistan & Pakistan",961627.1110903136
Oman,Men,2016,0.237666312858071,Obesity,23.8,4390877.0,51382.734,High income,"Middle East, North Africa, Afghanistan & Pakistan",1043563.5468033082
Pakistan,Men,1975,0.00517458553149324,Obesity,0.5,69461175.0,1559.0,,"Middle East, North Africa, Afghanistan & Pakistan",359432.79115551995
Pakistan,Men,1976,0.00552041601838284,Obesity,0.6,71620254.0,1604.0,,"Middle East, North Africa, Afghanistan & Pakistan",395373.59742224764
Pakistan,Men,1977,0.00589491220786473,Obesity,0.6,73901827.0,1631.0,,"Middle East, North Africa, Afghanistan & Pakistan",435644.7821658073
Pakistan,Men,1978,0.00629904748151458,Obesity,0.6,76307379.0,1720.0,,"Middle East, North Africa, Afghanistan & Pakistan",480663.8035109286
Pakistan,Men,1979,0.00673500093751582,Obesity,0.7,78997039.0,1733.0,,"Middle East, North Africa, Afghanistan & Pakistan",532045.1317259738
Pakistan,Men,1980,0.00720380252372724,Obesity,0.7,82291010.0,1851.0,,"Middle East, North Africa, Afghanistan & Pakistan",592808.1855180635
Pakistan,Men,1981,0.00770108091397898,Obesity,0.8,85802049.0,1924.0,,"Middle East, North Africa, Afghanistan & Pakistan",660768.5219341893
Pakistan,Men,1982,0.00822906929760024,Obesity,0.8,89089246.0,2002.0,,"Middle East, North Africa, Afghanistan & Pakistan",733121.579004955
Pakistan,Men,1983,0.00878920032607113,Obesity,0.9,92227711.0,2077.0,,"Middle East, North Africa, Afghanistan & Pakistan",810607.827593994
Pakistan,Men,1984,0.00938296175623468,Obesity,0.9,95164936.0,2106.0,,"Middle East, North Africa, Afghanistan & Pakistan",892928.9550225209
Pakistan,Men,1985,0.010011530039446,Obesity,1.0,98229285.0,2230.0,,"Middle East, North Africa, Afghanistan & Pakistan",983425.4375308023
Pakistan,Men,1986,0.0106770297497114,Obesity,1.1,101606764.0,2302.0,,"Middle East, North Africa, Afghanistan & Pakistan",1084858.4419999053
Pakistan,Men,1987,0.0113829938955603,Obesity,1.1,105130717.0,2364.0,Low income,"Middle East, North Africa, Afghanistan & Pakistan",1196702.3098468776
Pakistan,Men,1988,0.012128429917215,Obesity,1.2,108724739.0,2442.0,Low income,"Middle East, North Africa, Afghanistan & Pakistan",1318660.3772289925
Pakistan,Men,1989,0.0129167831796597,Obesity,1.3,112336629.0,2487.0,Low income,"Middle East, North Africa, Afghanistan & Pakistan",1451027.879926872
Pakistan,Men,1990,0.0137515061120796,Obesity,1.4,116155576.0,2531.0,Low income,"Middle East, North Africa, Afghanistan & Pakistan",1597314.1133161264
Pakistan,Men,1991,0.0146345856053715,Obesity,1.5,120060406.0,2644.5742,Low income,"Middle East, North Africa, Afghanistan & Pakistan",1757034.289422658
Pakistan,Men,1992,0.0155661834027231,Obesity,1.6,123546848.0,2732.3816,Low income,"Middle East, North Africa, Afghanistan & Pakistan",1923152.8947963538
Pakistan,Men,1993,0.0165494620113468,Obesity,1.7,127020117.0,2777.332,Low income,"Middle East, North Africa, Afghanistan & Pakistan",2102114.600968326
Pakistan,Men,1994,0.0175853018300257,Obesity,1.8,130748083.0,2855.9062,Low income,"Middle East, North Africa, Afghanistan & Pakistan",2299244.503252252
Pakistan,Men,1995,0.0186793323758309,Obesity,1.9,134582253.0,2947.6826,Low income,"Middle East, North Africa, Afghanistan & Pakistan",2513906.6356751653
Pakistan,Men,1996,0.0198354871468749,Obesity,2.0,138557092.0,2979.808,Low income,"Middle East, North Africa, Afghanistan & Pakistan",2748347.417474363
Pakistan,Men,1997,0.0210583626122131,Obesity,2.1,142531804.0,2986.7056,Low income,"Middle East, North Africa, Afghanistan & Pakistan",3001486.4124048855
Pakistan,Men,1998,0.0223502852603555,Obesity,2.2,146522356.0,3035.4517,Low income,"Middle East, North Africa, Afghanistan & Pakistan",3274816.453619361
Pakistan,Men,1999,0.0237168196928817,Obesity,2.4,150565377.0,3111.9585,Low income,"Middle East, North Africa, Afghanistan & Pakistan",3570931.8982997574
Pakistan,Men,2000,0.0251593224488667,Obesity,2.5,154879127.0,3154.5115,Low income,"Middle East, North Africa, Afghanistan & Pakistan",3896653.8967919764
Pakistan,Men,2001,0.0266801674589076,Obesity,2.7,159270907.0,3176.9468,Low income,"Middle East, North Africa, Afghanistan & Pakistan",4249374.470092099
Pakistan,Men,2002,0.0282869265446528,Obesity,2.8,163222549.0,3265.6865,Low income,"Middle East, North Africa, Afghanistan & Pakistan",4617064.253993992
Pakistan,Men,2003,0.0299779433490322,Obesity,3.0,167110248.0,3437.992,Low income,"Middle East, North Africa, Afghanistan & Pakistan",5009621.547586721
Pakistan,Men,2004,0.0317588426397176,Obesity,3.2,171286000.0,3664.5334,Low income,"Middle East, North Africa, Afghanistan & Pakistan",5439845.120386669
Pakistan,Men,2005,0.0336316093075983,Obesity,3.4,175453212.0,3883.9346,Low income,"Middle East, North Africa, Afghanistan & Pakistan",5900773.877747218
Pakistan,Men,2006,0.0356137983364141,Obesity,3.6,179682690.0,4062.6665,Low income,"Middle East, North Africa, Afghanistan & Pakistan",6399183.0862044105
Pakistan,Men,2007,0.0377068493283543,Obesity,3.8,184493231.0,4160.365,Low income,"Middle East, North Africa, Afghanistan & Pakistan",6956658.463418265
Pakistan,Men,2008,0.0399208808889021,Obesity,4.0,189499113.0,4224.405,Lower middle income,"Middle East, North Africa, Afghanistan & Pakistan",7564971.518625598
Pakistan,Men,2009,0.0422531712664284,Obesity,4.2,194376534.0,4288.462,Lower middle income,"Middle East, North Africa, Afghanistan & Pakistan",8213024.981276743
Pakistan,Men,2010,0.0447085850849197,Obesity,4.5,199239047.0,4354.267,Lower middle income,"Middle East, North Africa, Afghanistan & Pakistan",8907695.885037815
Pakistan,Men,2011,0.0473100363066625,Obesity,4.7,203746065.0,4464.0,Lower middle income,"Middle East, North Africa, Afghanistan & Pakistan",9639233.732489618
Pakistan,Men,2012,0.0500557778332792,Obesity,5.0,207667125.0,4538.3457,Lower middle income,"Middle East, North Africa, Afghanistan & Pakistan",10394939.47227582
Pakistan,Men,2013,0.0529538717833256,Obesity,5.3,211073978.0,4638.1616,Lower middle income,"Middle East, North Africa, Afghanistan & Pakistan",11177184.367808487
Pakistan,Men,2014,0.0560129284782567,Obesity,5.6,214264647.0,4750.878,Lower middle income,"Middle East, North Africa, Afghanistan & Pakistan",12001590.34782992
Pakistan,Men,2015,0.0592428244852369,Obesity,5.9,217290883.0,4889.915,Lower middle income,"Middle East, North Africa, Afghanistan & Pakistan",12872925.643811146
Pakistan,Men,2016,0.0626478238215907,Obesity,6.3,220138869.0,5030.8354,Lower middle income,"Middle East, North Africa, Afghanistan & Pakistan",13791221.081396235
Qatar,Men,1975,0.117429024020787,Obesity,11.7,193087.0,54866.0,,"Middle East, North Africa, Afghanistan & Pakistan",22674.0179611017
Qatar,Men,1976,0.120510685044513,Obesity,12.1,209052.0,55169.0,,"Middle East, North Africa, Afghanistan & Pakistan",25192.99972992553
Qatar,Men,1977,0.123659835020661,Obesity,12.4,225285.0,45999.0,,"Middle East, North Africa, Afghanistan & Pakistan",27858.70593262961
Qatar,Men,1978,0.126882780257311,Obesity,12.7,241808.0,47072.0,,"Middle East, North Africa, Afghanistan & Pakistan",30681.27132845986
Qatar,Men,1979,0.130187489972979,Obesity,13.0,258670.0,45806.0,,"Middle East, North Africa, Afghanistan & Pakistan",33675.598031310474
Qatar,Men,1980,0.133563071525267,Obesity,13.4,275913.0,45860.0,,"Middle East, North Africa, Afghanistan & Pakistan",36851.78775375099
Qatar,Men,1981,0.137046035526505,Obesity,13.7,293553.0,37307.0,,"Middle East, North Africa, Afghanistan & Pakistan",40230.27486691212
Qatar,Men,1982,0.140621186868089,Obesity,14.1,311537.0,29046.0,,"Middle East, North Africa, Afghanistan & Pakistan",43808.702693323845
Qatar,Men,1983,0.144302165974391,Obesity,14.4,329709.0,23146.0,,"Middle East, North Africa, Afghanistan & Pakistan",47577.72284125048
Qatar,Men,1984,0.148088618428761,Obesity,14.8,347878.0,20354.0,,"Middle East, North Africa, Afghanistan & Pakistan",51516.77240176052
Qatar,Men,1985,0.151974779968688,Obesity,15.2,365940.0,16558.0,,"Middle East, North Africa, Afghanistan & Pakistan",55613.65098174169
Qatar,Men,1986,0.156141528077264,Obesity,15.6,382422.0,12881.0,,"Middle East, North Africa, Afghanistan & Pakistan",59711.95545036346
Qatar,Men,1987,0.160562605950221,Obesity,16.1,397005.0,12819.0,High income,"Middle East, North Africa, Afghanistan & Pakistan",63744.15737526749
Qatar,Men,1988,0.16522955413467,Obesity,16.5,411264.0,12492.0,High income,"Middle East, North Africa, Afghanistan & Pakistan",67952.96735164092
Qatar,Men,1989,0.170121763866101,Obesity,17.0,425646.0,12137.0,High income,"Middle East, North Africa, Afghanistan & Pakistan",72411.64830255043
Qatar,Men,1990,0.175212778924426,Obesity,17.5,440175.0,11705.0,High income,"Middle East, North Africa, Afghanistan & Pakistan",77124.28496305921
Qatar,Men,1991,0.180444805447646,Obesity,18.0,454853.0,12417.643,High income,"Middle East, North Africa, Afghanistan & Pakistan",82075.86109227812
Qatar,Men,1992,0.185800558217312,Obesity,18.6,469657.0,15042.123,High income,"Middle East, North Africa, Afghanistan & Pakistan",87262.5327706681
Qatar,Men,1993,0.191255909964694,Obesity,19.1,484545.0,16221.046,High income,"Middle East, North Africa, Afghanistan & Pakistan",92672.09489384264
Qatar,Men,1994,0.196798323392559,Obesity,19.7,499459.0,17955.314,High income,"Middle East, North Africa, Afghanistan & Pakistan",98292.69380332413
Qatar,Men,1995,0.202410971313784,Obesity,20.2,514325.0,19959.703,High income,"Middle East, North Africa, Afghanistan & Pakistan",104105.02282096195
Qatar,Men,1996,0.208001911690654,Obesity,20.8,529019.0,22395.264,High income,"Middle East, North Africa, Afghanistan & Pakistan",110036.96332067809
Qatar,Men,1997,0.213593125005179,Obesity,21.4,550500.0,30989.15,High income,"Middle East, North Africa, Afghanistan & Pakistan",117583.01531535103
Qatar,Men,1998,0.219214247130217,Obesity,21.9,580540.0,36448.055,High income,"Middle East, North Africa, Afghanistan & Pakistan",127262.63902897618
Qatar,Men,1999,0.224876865195525,Obesity,22.5,612500.0,40135.176,High income,"Middle East, North Africa, Afghanistan & Pakistan",137737.07993225905
Qatar,Men,2000,0.230577134354788,Obesity,23.1,644989.0,45788.12,High income,"Middle East, North Africa, Afghanistan & Pakistan",148719.71531036036
Qatar,Men,2001,0.236324261325945,Obesity,23.6,677925.0,50525.707,High income,"Middle East, North Africa, Afghanistan & Pakistan",160210.12485939128
Qatar,Men,2002,0.242125253668687,Obesity,24.2,711205.0,57541.1,High income,"Middle East, North Africa, Afghanistan & Pakistan",172200.69103543853
Qatar,Men,2003,0.24798753094425,Obesity,24.8,744682.0,62234.215,High income,"Middle East, North Africa, Afghanistan & Pakistan",184671.850518626
Qatar,Men,2004,0.253944164290157,Obesity,25.4,773332.0,74372.93,High income,"Middle East, North Africa, Afghanistan & Pakistan",196383.14845883567
Qatar,Men,2005,0.260007041468797,Obesity,26.0,825408.0,76808.42,High income,"Middle East, North Africa, Afghanistan & Pakistan",214611.8920846768
Qatar,Men,2006,0.266217999750772,Obesity,26.6,972831.0,90120.92,High income,"Middle East, North Africa, Afghanistan & Pakistan",258985.12291554327
Qatar,Men,2007,0.272570265185875,Obesity,27.3,1208595.0,97912.69,High income,"Middle East, North Africa, Afghanistan & Pakistan",329427.0596523226
Qatar,Men,2008,0.279095600140569,Obesity,27.9,1426938.0,107402.055,High income,"Middle East, North Africa, Afghanistan & Pakistan",398252.11747338326
Qatar,Men,2009,0.285785113333244,Obesity,28.6,1608903.0,115283.414,High income,"Middle East, North Africa, Afghanistan & Pakistan",459800.52619719633
Qatar,Men,2010,0.292622948302485,Obesity,29.3,1616832.0,134802.78,High income,"Middle East, North Africa, Afghanistan & Pakistan",473122.1467498034
Qatar,Men,2011,0.299491577390135,Obesity,29.9,1624761.0,155533.0,High income,"Middle East, North Africa, Afghanistan & Pakistan",486602.2347719731
Qatar,Men,2012,0.306398193566661,Obesity,30.6,1722438.0,154339.81,High income,"Middle East, North Africa, Afghanistan & Pakistan",527751.8917305724
Qatar,Men,2013,0.313364942332961,Obesity,31.3,1916426.0,155657.12,High income,"Middle East, North Africa, Afghanistan & Pakistan",600540.7229753871
Qatar,Men,2014,0.320405151355227,Obesity,32.0,2151745.0,157712.9,High income,"Middle East, North Africa, Afghanistan & Pakistan",689430.1824028529
Qatar,Men,2015,0.327509064123484,Obesity,32.8,2344557.0,159800.19,High income,"Middle East, North Africa, Afghanistan & Pakistan",767863.6688541633
Qatar,Men,2016,0.334642280045358,Obesity,33.5,2477113.0,160051.23,High income,"Middle East, North Africa, Afghanistan & Pakistan",828946.7422499969
Saudi Arabia,Men,1975,0.0610163908882333,Obesity,6.1,4556287.0,18788.0,,"Middle East, North Africa, Afghanistan & Pakistan",278008.1885909758
Saudi Arabia,Men,1976,0.0659591846431921,Obesity,6.6,4807933.0,19297.0,,"Middle East, North Africa, Afghanistan & Pakistan",317127.34049909655
Saudi Arabia,Men,1977,0.0710872302333835,Obesity,7.1,5083048.0,20824.0,,"Middle East, North Africa, Afghanistan & Pakistan",361339.8034633395
Saudi Arabia,Men,1978,0.0764020426794124,Obesity,7.6,5381902.0,20593.0,,"Middle East, North Africa, Afghanistan & Pakistan",411188.30630041496
Saudi Arabia,Men,1979,0.0819077384869774,Obesity,8.2,5703698.0,20472.0,,"Middle East, North Africa, Afghanistan & Pakistan",467177.004192696
Saudi Arabia,Men,1980,0.0875982975741378,Obesity,8.8,6047997.0,21068.0,,"Middle East, North Africa, Afghanistan & Pakistan",529794.2409334927
Saudi Arabia,Men,1981,0.0934140997266261,Obesity,9.3,6420551.0,21393.0,,"Middle East, North Africa, Afghanistan & Pakistan",599769.9914138889
Saudi Arabia,Men,1982,0.0993620620008057,Obesity,9.9,6824486.0,20535.0,,"Middle East, North Africa, Afghanistan & Pakistan",678095.0010556305
Saudi Arabia,Men,1983,0.105454495298481,Obesity,10.5,7252941.0,17315.0,,"Middle East, North Africa, Afghanistan & Pakistan",764855.23258466
Saudi Arabia,Men,1984,0.11169557465796,Obesity,11.2,7697307.0,16343.0,,"Middle East, North Africa, Afghanistan & Pakistan",859755.1286837381
Saudi Arabia,Men,1985,0.118112112347984,Obesity,11.8,8151779.0,14422.0,,"Middle East, North Africa, Afghanistan & Pakistan",962823.8370839367
Saudi Arabia,Men,1986,0.124483881525304,Obesity,12.4,8628639.0,12897.0,,"Middle East, North Africa, Afghanistan & Pakistan",1074126.4750006176
Saudi Arabia,Men,1987,0.130818374621734,Obesity,13.1,9130194.0,12919.0,High income,"Middle East, North Africa, Afghanistan & Pakistan",1194397.1390611082
Saudi Arabia,Men,1988,0.13711228737343,Obesity,13.7,9629165.0,12795.0,High income,"Middle East, North Africa, Afghanistan & Pakistan",1320276.8386461742
Saudi Arabia,Men,1989,0.143389800022452,Obesity,14.3,10128394.0,12758.0,High income,"Middle East, North Africa, Afghanistan & Pakistan",1452308.3902086027
Saudi Arabia,Men,1990,0.14968057360398,Obesity,15.0,10640691.0,14335.0,Upper middle income,"Middle East, North Africa, Afghanistan & Pakistan",1592704.7324227074
Saudi Arabia,Men,1991,0.155826079168151,Obesity,15.6,11160744.0,16830.412,Upper middle income,"Middle East, North Africa, Afghanistan & Pakistan",1739134.9781194662
Saudi Arabia,Men,1992,0.161852377708687,Obesity,16.2,11686676.0,17905.28,Upper middle income,"Middle East, North Africa, Afghanistan & Pakistan",1891516.2981110471
Saudi Arabia,Men,1993,0.16778486743833,Obesity,16.8,12215862.0,18101.092,Upper middle income,"Middle East, North Africa, Afghanistan & Pakistan",2049636.7863149326
Saudi Arabia,Men,1994,0.173656680851969,Obesity,17.4,12750040.0,18678.932,Upper middle income,"Middle East, North Africa, Afghanistan & Pakistan",2214129.627129839
Saudi Arabia,Men,1995,0.179510150079901,Obesity,18.0,13289245.0,19223.332,Upper middle income,"Middle East, North Africa, Afghanistan & Pakistan",2385554.364398574
Saudi Arabia,Men,1996,0.185287062375227,Obesity,18.5,13831009.0,20280.494,Upper middle income,"Middle East, North Africa, Afghanistan & Pakistan",2562707.027295326
Saudi Arabia,Men,1997,0.19101121785208,Obesity,19.1,14374943.0,21087.428,Upper middle income,"Middle East, North Africa, Afghanistan & Pakistan",2745775.3689842327
Saudi Arabia,Men,1998,0.196726858643629,Obesity,19.7,14922185.0,22310.918,Upper middle income,"Middle East, North Africa, Afghanistan & Pakistan",2935594.579149081
Saudi Arabia,Men,1999,0.202451643708321,Obesity,20.2,15472075.0,22058.572,Upper middle income,"Middle East, North Africa, Afghanistan & Pakistan",3132347.015328421
Saudi Arabia,Men,2000,0.208222407227045,Obesity,20.8,16177722.0,23904.516,Upper middle income,"Middle East, North Africa, Afghanistan & Pakistan",3368564.218289925
Saudi Arabia,Men,2001,0.214080219675169,Obesity,21.4,17041397.0,24191.996,Upper middle income,"Middle East, North Africa, Afghanistan & Pakistan",3648226.013331766
Saudi Arabia,Men,2002,0.220016466960125,Obesity,22.0,17910910.0,24053.975,Upper middle income,"Middle East, North Africa, Afghanistan & Pakistan",3940695.1382407723
Saudi Arabia,Men,2003,0.226045490475629,Obesity,22.6,18786767.0,27367.094,Upper middle income,"Middle East, North Africa, Afghanistan & Pakistan",4246663.960966361
Saudi Arabia,Men,2004,0.232216143445204,Obesity,23.2,19669480.0,30233.512,High income,"Middle East, North Africa, Afghanistan & Pakistan",4567570.789172571
Saudi Arabia,Men,2005,0.238517528355571,Obesity,23.9,20559890.0,32700.332,High income,"Middle East, North Africa, Afghanistan & Pakistan",4903894.146062421
Saudi Arabia,Men,2006,0.24496755997966,Obesity,24.5,21459144.0,34483.043,High income,"Middle East, North Africa, Afghanistan & Pakistan",5256794.144932161
Saudi Arabia,Men,2007,0.251555723417385,Obesity,25.2,22368313.0,36070.316,High income,"Middle East, North Africa, Afghanistan & Pakistan",5626877.158341498
Saudi Arabia,Men,2008,0.25831577594454,Obesity,25.8,23287877.0,39393.43,High income,"Middle East, North Africa, Afghanistan & Pakistan",6015626.017356007
Saudi Arabia,Men,2009,0.265249391533785,Obesity,26.5,24217654.0,39671.555,High income,"Middle East, North Africa, Afghanistan & Pakistan",6423717.987875734
Saudi Arabia,Men,2010,0.272329369963663,Obesity,27.2,23978487.0,42737.656,High income,"Middle East, North Africa, Afghanistan & Pakistan",6530046.257391884
Saudi Arabia,Men,2011,0.279513327121815,Obesity,28.0,25091867.0,48470.0,High income,"Middle East, North Africa, Afghanistan & Pakistan",7013511.228868075
Saudi Arabia,Men,2012,0.286814009408458,Obesity,28.7,26168861.0,49835.047,High income,"Middle East, North Africa, Afghanistan & Pakistan",7505595.94506263
Saudi Arabia,Men,2013,0.294240820451933,Obesity,29.4,27624004.0,50021.12,High income,"Middle East, North Africa, Afghanistan & Pakistan",8128109.601127479
Saudi Arabia,Men,2014,0.301793832953797,Obesity,30.2,28309273.0,50790.992,High income,"Middle East, North Africa, Afghanistan & Pakistan",8543564.006805437
Saudi Arabia,Men,2015,0.309471887763007,Obesity,30.9,29816382.0,51941.598,High income,"Middle East, North Africa, Afghanistan & Pakistan",9227332.023802942
Saudi Arabia,Men,2016,0.317259495488698,Obesity,31.7,30954198.0,51959.074,High income,"Middle East, North Africa, Afghanistan & Pakistan",9820513.240737263
Syria,Men,1975,0.0430732710864585,Obesity,4.3,7554364.0,8878.0,,"Middle East, North Africa, Afghanistan & Pakistan",325391.168457783
Syria,Men,1976,0.0451367198618128,Obesity,4.5,7817320.0,9526.0,,"Middle East, North Africa, Afghanistan & Pakistan",352848.1829101464
Syria,Men,1977,0.0472713501370415,Obesity,4.7,8090501.0,9094.0,,"Middle East, North Africa, Afghanistan & Pakistan",382448.9055550844
Syria,Men,1978,0.0494827974274046,Obesity,4.9,8372759.0,9561.0,,"Middle East, North Africa, Afghanistan & Pakistan",414307.5375054787
Syria,Men,1979,0.0517802683077236,Obesity,5.2,8661909.0,9580.0,,"Middle East, North Africa, Afghanistan & Pakistan",448515.9720770858
Syria,Men,1980,0.0541653472055745,Obesity,5.4,8957663.0,10374.0,,"Middle East, North Africa, Afghanistan & Pakistan",485194.92654552805
Syria,Men,1981,0.0566256976499065,Obesity,5.7,9260189.0,10984.0,,"Middle East, North Africa, Afghanistan & Pakistan",524364.66249499
Syria,Men,1982,0.059166111136963,Obesity,5.9,9572511.0,10817.0,,"Middle East, North Africa, Afghanistan & Pakistan",566368.2496858008
Syria,Men,1983,0.0617899112110375,Obesity,6.2,9904809.0,10581.0,,"Middle East, North Africa, Afghanistan & Pakistan",612017.2686722851
Syria,Men,1984,0.0644975939724161,Obesity,6.4,10258398.0,9792.0,,"Middle East, North Africa, Afghanistan & Pakistan",661641.9890114453
Syria,Men,1985,0.0672941048266675,Obesity,6.7,10625672.0,10026.0,,"Middle East, North Africa, Afghanistan & Pakistan",715045.0854217857
Syria,Men,1986,0.07016729906256,Obesity,7.0,11002844.0,9200.0,,"Middle East, North Africa, Afghanistan & Pakistan",772039.8454866939
Syria,Men,1987,0.073125052227355,Obesity,7.3,11388923.0,9055.0,Lower middle income,"Middle East, North Africa, Afghanistan & Pakistan",832815.5891883246
Syria,Men,1988,0.0761667134265859,Obesity,7.6,11782264.0,9913.0,Lower middle income,"Middle East, North Africa, Afghanistan & Pakistan",897416.3256043798
Syria,Men,1989,0.0792970905635901,Obesity,7.9,12179060.0,8735.0,Lower middle income,"Middle East, North Africa, Afghanistan & Pakistan",965764.0237993977
Syria,Men,1990,0.0825183780544877,Obesity,8.3,12579208.0,9087.0,Lower middle income,"Middle East, North Africa, Afghanistan & Pakistan",1038015.841370036
Syria,Men,1991,0.0858398808373723,Obesity,8.6,12980821.0,9424.123,Lower middle income,"Middle East, North Africa, Afghanistan & Pakistan",1114272.12781126
Syria,Men,1992,0.0892781412425933,Obesity,8.9,13385571.0,10002.276,Lower middle income,"Middle East, North Africa, Afghanistan & Pakistan",1195038.8983507608
Syria,Men,1993,0.0928258214241908,Obesity,9.3,13795686.0,10072.486,Lower middle income,"Middle East, North Africa, Afghanistan & Pakistan",1280595.885060209
Syria,Men,1994,0.0964753921549438,Obesity,9.6,14208583.0,9969.374,Lower middle income,"Middle East, North Africa, Afghanistan & Pakistan",1370778.616891068
Syria,Men,1995,0.100226835879011,Obesity,10.0,14616801.0,9856.483,Lower middle income,"Middle East, North Africa, Afghanistan & Pakistan",1464995.714903164
Syria,Men,1996,0.104130778251735,Obesity,10.4,15018104.0,9517.372,Lower middle income,"Middle East, North Africa, Afghanistan & Pakistan",1563846.8573854945
Syria,Men,1997,0.108192941929999,Obesity,10.8,15417542.0,8826.773,Lower middle income,"Middle East, North Africa, Afghanistan & Pakistan",1668069.2263093207
Syria,Men,1998,0.112404720210259,Obesity,11.2,15820413.0,8742.974,Lower middle income,"Middle East, North Africa, Afghanistan & Pakistan",1778289.0968757442
Syria,Men,1999,0.116769446911962,Obesity,11.7,16228061.0,7960.292,Lower middle income,"Middle East, North Africa, Afghanistan & Pakistan",1894941.707423581
Syria,Men,2000,0.121280906574349,Obesity,12.1,16637888.0,7668.072,Lower middle income,"Middle East, North Africa, Afghanistan & Pakistan",2017858.1401224826
Syria,Men,2001,0.125953729569231,Obesity,12.6,17051338.0,7509.304,Lower middle income,"Middle East, North Africa, Afghanistan & Pakistan",2147679.6152455523
Syria,Men,2002,0.130787719051998,Obesity,13.1,17468332.0,7529.7017,Lower middle income,"Middle East, North Africa, Afghanistan & Pakistan",2284643.2979230266
Syria,Men,2003,0.135774589387754,Obesity,13.6,17889296.0,6986.524,Lower middle income,"Middle East, North Africa, Afghanistan & Pakistan",2428911.81883599
Syria,Men,2004,0.140922877194415,Obesity,14.1,18336875.0,7051.4287,Lower middle income,"Middle East, North Africa, Afghanistan & Pakistan",2584085.183754339
Syria,Men,2005,0.146242670568382,Obesity,14.6,18814091.0,7037.7183,Lower middle income,"Middle East, North Africa, Afghanistan & Pakistan",2751422.9121565605
Syria,Men,2006,0.151727088466888,Obesity,15.2,19637022.0,6901.778,Lower middle income,"Middle East, North Africa, Afghanistan & Pakistan",2979468.1742202262
Syria,Men,2007,0.157385043349607,Obesity,15.7,20884125.0,6779.537,Lower middle income,"Middle East, North Africa, Afghanistan & Pakistan",3286848.9184436114
Syria,Men,2008,0.163229456730739,Obesity,16.3,21636564.0,6600.379,Lower middle income,"Middle East, North Africa, Afghanistan & Pakistan",3531724.5872398647
Syria,Men,2009,0.169262107981735,Obesity,16.9,21976969.0,6586.5186,Lower middle income,"Middle East, North Africa, Afghanistan & Pakistan",3719868.0999892424
Syria,Men,2010,0.175472067564209,Obesity,17.5,22482421.0,6520.6123,Lower middle income,"Middle East, North Africa, Afghanistan & Pakistan",3945036.896718991
Syria,Men,2011,0.181852551185169,Obesity,18.2,22878098.0,5979.0,Lower middle income,"Middle East, North Africa, Afghanistan & Pakistan",4160440.4875643123
Syria,Men,2012,0.18840257243491,Obesity,18.8,22759763.0,4443.686,Lower middle income,"Middle East, North Africa, Afghanistan & Pakistan",4287997.897208884
Syria,Men,2013,0.195131271097915,Obesity,19.5,21666917.0,3487.681,Lower middle income,"Middle East, North Africa, Afghanistan & Pakistan",4227893.054983024
Syria,Men,2014,0.202047814091715,Obesity,20.2,20273659.0,3384.4143,Lower middle income,"Middle East, North Africa, Afghanistan & Pakistan",4096248.484590824
Syria,Men,2015,0.209149378952649,Obesity,20.9,19424618.0,3464.0376,Lower middle income,"Middle East, North Africa, Afghanistan & Pakistan",4062646.791092447
Syria,Men,2016,0.216415084260509,Obesity,21.6,19193834.0,3380.5535,Lower middle income,"Middle East, North Africa, Afghanistan & Pakistan",4153835.202392223
Tunisia,Men,1975,0.032679212314607,Obesity,3.3,5839262.0,3899.0,,"Middle East, North Africa, Afghanistan & Pakistan",190822.4826586167
Tunisia,Men,1976,0.0345734626025102,Obesity,3.5,5996994.0,4095.0,,"Middle East, North Africa, Afghanistan & Pakistan",207336.84778647806
Tunisia,Men,1977,0.0365454223703763,Obesity,3.7,6155931.0,4132.0,,"Middle East, North Africa, Afghanistan & Pakistan",224971.09847789296
Tunisia,Men,1978,0.0385943555035769,Obesity,3.9,6309390.0,4304.0,,"Middle East, North Africa, Afghanistan & Pakistan",243506.84067071305
Tunisia,Men,1979,0.0407258976258636,Obesity,4.1,6456419.0,4481.0,,"Middle East, North Africa, Afghanistan & Pakistan",262943.45922368066
Tunisia,Men,1980,0.0429409614047874,Obesity,4.3,6606195.0,4693.0,,"Middle East, North Africa, Afghanistan & Pakistan",283676.3645274995
Tunisia,Men,1981,0.0452501599042998,Obesity,4.5,6758284.0,4830.0,,"Middle East, North Africa, Afghanistan & Pakistan",305813.43167867087
Tunisia,Men,1982,0.0476518916659785,Obesity,4.8,6908642.0,4713.0,,"Middle East, North Africa, Afghanistan & Pakistan",329209.8601430291
Tunisia,Men,1983,0.0501572244377426,Obesity,5.0,7053800.0,4844.0,,"Middle East, North Africa, Afghanistan & Pakistan",353799.02973894874
Tunisia,Men,1984,0.0527704533118264,Obesity,5.3,7220044.0,4890.0,,"Middle East, North Africa, Afghanistan & Pakistan",381004.9948113323
Tunisia,Men,1985,0.0554944964608766,Obesity,5.5,7409903.0,5039.0,,"Middle East, North Africa, Afghanistan & Pakistan",411208.8358089389
Tunisia,Men,1986,0.0583753126247944,Obesity,5.8,7600301.0,4841.0,,"Middle East, North Africa, Afghanistan & Pakistan",443669.94691753754
Tunisia,Men,1987,0.0614264039763201,Obesity,6.1,7789987.0,5043.0,Lower middle income,"Middle East, North Africa, Afghanistan & Pakistan",478510.88843228185
Tunisia,Men,1988,0.064634347154489,Obesity,6.5,7974440.0,4940.0,Lower middle income,"Middle East, North Africa, Afghanistan & Pakistan",515422.72332264326
Tunisia,Men,1989,0.0680099682421988,Obesity,6.8,8151660.0,5023.0,Lower middle income,"Middle East, North Africa, Afghanistan & Pakistan",554394.1377212023
Tunisia,Men,1990,0.0715467082369532,Obesity,7.2,8324509.0,5316.0,Lower middle income,"Middle East, North Africa, Afghanistan & Pakistan",595591.216638891
Tunisia,Men,1991,0.0752160394712974,Obesity,7.5,8501827.0,5446.228,Lower middle income,"Middle East, North Africa, Afghanistan & Pakistan",639473.755210142
Tunisia,Men,1992,0.0790204701798737,Obesity,7.9,8682512.0,5789.955,Lower middle income,"Middle East, North Africa, Afghanistan & Pakistan",686096.1805823955
Tunisia,Men,1993,0.0829575800541424,Obesity,8.3,8857910.0,5843.0684,Lower middle income,"Middle East, North Africa, Afghanistan & Pakistan",734830.7779373885
Tunisia,Men,1994,0.087018219463721,Obesity,8.7,9018448.0,5968.8447,Lower middle income,"Middle East, North Africa, Afghanistan & Pakistan",784769.2872861557
Tunisia,Men,1995,0.0911946716529963,Obesity,9.1,9161258.0,6048.7476,Lower middle income,"Middle East, North Africa, Afghanistan & Pakistan",835457.9152383856
Tunisia,Men,1996,0.095391696281502,Obesity,9.5,9294432.0,6388.394,Lower middle income,"Middle East, North Africa, Afghanistan & Pakistan",886611.6344530731
Tunisia,Men,1997,0.099627435816542,Obesity,10.0,9421270.0,6680.1035,Lower middle income,"Middle East, North Africa, Afghanistan & Pakistan",938616.9722353127
Tunisia,Men,1998,0.10391187675093,Obesity,10.4,9541667.0,6944.661,Lower middle income,"Middle East, North Africa, Afghanistan & Pakistan",991492.525302416
Tunisia,Men,1999,0.108258857633176,Obesity,10.8,9655963.0,7297.4746,Lower middle income,"Middle East, North Africa, Afghanistan & Pakistan",1045343.523728215
Tunisia,Men,2000,0.112675033238255,Obesity,11.3,9764935.0,7548.438,Lower middle income,"Middle East, North Africa, Afghanistan & Pakistan",1100264.3756943997
Tunisia,Men,2001,0.117158229697999,Obesity,11.7,9869677.0,7848.094,Lower middle income,"Middle East, North Africa, Afghanistan & Pakistan",1156313.8850110576
Tunisia,Men,2002,0.121725487822529,Obesity,12.2,9971515.0,7916.6797,Lower middle income,"Middle East, North Africa, Afghanistan & Pakistan",1213787.5277046652
Tunisia,Men,2003,0.12639425850123,Obesity,12.6,10071632.0,8281.715,Lower middle income,"Middle East, North Africa, Afghanistan & Pakistan",1272996.4585372603
Tunisia,Men,2004,0.131191758212367,Obesity,13.1,10166163.0,8705.084,Lower middle income,"Middle East, North Africa, Afghanistan & Pakistan",1333716.7982435115
Tunisia,Men,2005,0.136128438569161,Obesity,13.6,10255472.0,8983.384,Lower middle income,"Middle East, North Africa, Afghanistan & Pakistan",1396061.3901497505
Tunisia,Men,2006,0.141151239496564,Obesity,14.1,10346410.0,9420.023,Lower middle income,"Middle East, North Africa, Afghanistan & Pakistan",1460408.5958396448
Tunisia,Men,2007,0.146282820508776,Obesity,14.6,10441702.0,9932.938,Lower middle income,"Middle East, North Africa, Afghanistan & Pakistan",1527441.6194721274
Tunisia,Men,2008,0.151538956087034,Obesity,15.2,10542635.0,10294.922,Lower middle income,"Middle East, North Africa, Afghanistan & Pakistan",1597619.9023066277
Tunisia,Men,2009,0.156926980673515,Obesity,15.7,10650681.0,10533.218,Lower middle income,"Middle East, North Africa, Afghanistan & Pakistan",1671379.2114467733
Tunisia,Men,2010,0.162438566496305,Obesity,16.2,10765980.0,10721.812,Upper middle income,"Middle East, North Africa, Afghanistan & Pakistan",1748810.3581278897
Tunisia,Men,2011,0.168080607035511,Obesity,16.8,10886035.0,10437.0,Upper middle income,"Middle East, North Africa, Afghanistan & Pakistan",1829731.371009819
Tunisia,Men,2012,0.173858449334621,Obesity,17.4,11009647.0,10750.85,Upper middle income,"Middle East, North Africa, Afghanistan & Pakistan",1914120.155141562
Tunisia,Men,2013,0.179801500305628,Obesity,18.0,11141361.0,10881.511,Upper middle income,"Middle East, North Africa, Afghanistan & Pakistan",2003233.4232466118
Tunisia,Men,2014,0.185920619167181,Obesity,18.6,11274288.0,11084.781,Upper middle income,"Middle East, North Africa, Afghanistan & Pakistan",2096122.6056291189
Tunisia,Men,2015,0.192202537033184,Obesity,19.2,11402264.0,11063.081,Lower middle income,"Middle East, North Africa, Afghanistan & Pakistan",2191544.0687221405
Tunisia,Men,2016,0.198676536381813,Obesity,19.9,11528674.0,11064.023,Lower middle income,"Middle East, North Africa, Afghanistan & Pakistan",2290477.019395062
United Arab Emirates,Men,1975,0.096391672279853,Obesity,9.6,542856.0,40591.0,,"Middle East, North Africa, Afghanistan & Pakistan",52326.79764715188
United Arab Emirates,Men,1976,0.099155623556171,Obesity,9.9,615866.0,40803.0,,"Middle East, North Africa, Afghanistan & Pakistan",61066.57725704481
United Arab Emirates,Men,1977,0.102004030829855,Obesity,10.2,710209.0,41915.0,,"Middle East, North Africa, Afghanistan & Pakistan",72444.18073164049
United Arab Emirates,Men,1978,0.104963289243153,Obesity,10.5,809274.0,35936.0,,"Middle East, North Africa, Afghanistan & Pakistan",84944.0609389634
United Arab Emirates,Men,1979,0.108025094950925,Obesity,10.8,912010.0,39534.0,,"Middle East, North Africa, Afghanistan & Pakistan",98519.9668461931
United Arab Emirates,Men,1980,0.111193390415192,Obesity,11.1,1015700.0,44168.0,,"Middle East, North Africa, Afghanistan & Pakistan",112939.12664471052
United Arab Emirates,Men,1981,0.114346863620567,Obesity,11.4,1099855.0,42456.0,,"Middle East, North Africa, Afghanistan & Pakistan",125764.96968739871
United Arab Emirates,Men,1982,0.117484053606089,Obesity,11.7,1166370.0,36635.0,,"Middle East, North Africa, Afghanistan & Pakistan",137029.87560453403
United Arab Emirates,Men,1983,0.120613805567575,Obesity,12.1,1235305.0,32737.0,,"Middle East, North Africa, Afghanistan & Pakistan",148994.83708665325
United Arab Emirates,Men,1984,0.123744386133369,Obesity,12.4,1305996.0,32135.0,,"Middle East, North Africa, Afghanistan & Pakistan",161609.67331263536
United Arab Emirates,Men,1985,0.126873297459277,Obesity,12.7,1377911.0,29562.0,,"Middle East, North Africa, Afghanistan & Pakistan",174820.11217540983
United Arab Emirates,Men,1986,0.130031465993397,Obesity,13.0,1467383.0,21949.0,,"Middle East, North Africa, Afghanistan & Pakistan",190805.96266378884
United Arab Emirates,Men,1987,0.133220829582944,Obesity,13.3,1574244.0,21487.0,High income,"Middle East, North Africa, Afghanistan & Pakistan",209722.0916459721
United Arab Emirates,Men,1988,0.136445281317809,Obesity,13.6,1681788.0,20215.0,High income,"Middle East, North Africa, Afghanistan & Pakistan",229472.03677691537
United Arab Emirates,Men,1989,0.139728389933593,Obesity,14.0,1789851.0,21072.0,High income,"Middle East, North Africa, Afghanistan & Pakistan",250092.99845103134
United Arab Emirates,Men,1990,0.143078052740824,Obesity,14.3,1898220.0,22254.0,High income,"Middle East, North Africa, Afghanistan & Pakistan",271593.62127368693
United Arab Emirates,Men,1991,0.1464905304519,Obesity,14.6,2006626.0,,High income,"Middle East, North Africa, Afghanistan & Pakistan",293951.7071585743
United Arab Emirates,Men,1992,0.149973862718469,Obesity,15.0,2114730.0,,High income,"Middle East, North Africa, Afghanistan & Pakistan",317154.22670662793
United Arab Emirates,Men,1993,0.153527804843156,Obesity,15.4,2222093.0,25558.756,High income,"Middle East, North Africa, Afghanistan & Pakistan",341153.06044734304
United Arab Emirates,Men,1994,0.157131988623567,Obesity,15.7,2328188.0,28334.582,High income,"Middle East, North Africa, Afghanistan & Pakistan",365832.8103295252
United Arab Emirates,Men,1995,0.160795724192108,Obesity,16.1,2434662.0,31239.918,High income,"Middle East, North Africa, Afghanistan & Pakistan",391483.239453006
United Arab Emirates,Men,1996,0.164753353626122,Obesity,16.5,2597564.0,34042.742,High income,"Middle East, North Africa, Afghanistan & Pakistan",427957.380258484
United Arab Emirates,Men,1997,0.16899437901282,Obesity,16.9,2817410.0,38168.465,High income,"Middle East, North Africa, Afghanistan & Pakistan",476126.4533745092
United Arab Emirates,Men,1998,0.173506700596837,Obesity,17.4,3040421.0,39667.793,High income,"Middle East, North Africa, Afghanistan & Pakistan",527533.4161353358
United Arab Emirates,Men,1999,0.178264176449446,Obesity,17.8,3266009.0,42372.438,High income,"Middle East, North Africa, Afghanistan & Pakistan",582212.4046614787
United Arab Emirates,Men,2000,0.183257336530821,Obesity,18.3,3493575.0,48888.03,High income,"Middle East, North Africa, Afghanistan & Pakistan",640223.2494706629
United Arab Emirates,Men,2001,0.188482104548273,Obesity,18.8,3723590.0,51263.375,High income,"Middle East, North Africa, Afghanistan & Pakistan",701830.0796749039
United Arab Emirates,Men,2002,0.193920701248647,Obesity,19.4,3956826.0,54077.47,High income,"Middle East, North Africa, Afghanistan & Pakistan",767310.4726388789
United Arab Emirates,Men,2003,0.19955358203509,Obesity,20.0,4192457.0,59823.266,High income,"Middle East, North Africa, Afghanistan & Pakistan",836619.8118780872
United Arab Emirates,Men,2004,0.205360579608654,Obesity,20.5,4428967.0,64925.67,High income,"Middle East, North Africa, Afghanistan & Pakistan",909535.2301876015
United Arab Emirates,Men,2005,0.211328498342456,Obesity,21.1,4664790.0,65599.055,High income,"Middle East, North Africa, Afghanistan & Pakistan",985803.0657829053
United Arab Emirates,Men,2006,0.217404677644105,Obesity,21.7,5009100.0,67830.93,High income,"Middle East, North Africa, Afghanistan & Pakistan",1089001.7707870863
United Arab Emirates,Men,2007,0.223605793444872,Obesity,22.4,5624635.0,65412.8,High income,"Middle East, North Africa, Afghanistan & Pakistan",1257700.9720127976
United Arab Emirates,Men,2008,0.22993574972367,Obesity,23.0,6302664.0,63862.086,High income,"Middle East, North Africa, Afghanistan & Pakistan",1449207.772096385
United Arab Emirates,Men,2009,0.236398151475825,Obesity,23.6,6707058.0,58860.535,High income,"Middle East, North Africa, Afghanistan & Pakistan",1585536.1130411439
United Arab Emirates,Men,2010,0.243005232419332,Obesity,24.3,6869838.0,60112.402,High income,"Middle East, North Africa, Afghanistan & Pakistan",1669406.5798731588
United Arab Emirates,Men,2011,0.24968660261426,Obesity,25.0,7104538.0,65307.0,High income,"Middle East, North Africa, Afghanistan & Pakistan",1773907.9563639096
United Arab Emirates,Men,2012,0.256433509809036,Obesity,25.6,7391448.0,66007.0,High income,"Middle East, North Africa, Afghanistan & Pakistan",1895414.9532109797
United Arab Emirates,Men,2013,0.263278010142836,Obesity,26.3,7693031.0,66825.305,High income,"Middle East, North Africa, Afghanistan & Pakistan",2025405.893647152
United Arab Emirates,Men,2014,0.270226300461328,Obesity,27.0,8059440.0,67791.39,High income,"Middle East, North Africa, Afghanistan & Pakistan",2177872.6549900454
United Arab Emirates,Men,2015,0.277276237779056,Obesity,27.7,8505237.0,71319.61,High income,"Middle East, North Africa, Afghanistan & Pakistan",2358300.116779225
United Arab Emirates,Men,2016,0.284428511310159,Obesity,28.4,8935095.0,74292.95,High income,"Middle East, North Africa, Afghanistan & Pakistan",2541395.769264845
Yemen,Men,1975,0.0124600585838415,Obesity,1.2,8133598.0,2844.0,,"Middle East, North Africa, Afghanistan & Pakistan",101345.10757741606
Yemen,Men,1976,0.013191161472777,Obesity,1.3,8384113.0,3193.0,,"Middle East, North Africa, Afghanistan & Pakistan",110596.18838900879
Yemen,Men,1977,0.0139701513200325,Obesity,1.4,8648222.0,3446.0,,"Middle East, North Africa, Afghanistan & Pakistan",120816.96998923412
Yemen,Men,1978,0.0147996930152013,Obesity,1.5,8926586.0,3636.0,,"Middle East, North Africa, Afghanistan & Pakistan",132110.7324737937
Yemen,Men,1979,0.0156829408630819,Obesity,1.6,9224194.0,3733.0,,"Middle East, North Africa, Afghanistan & Pakistan",144662.48901159488
Yemen,Men,1980,0.016621172621549,Obesity,1.7,9543358.0,3650.0,,"Middle East, North Africa, Afghanistan & Pakistan",158621.80070724062
Yemen,Men,1981,0.0176249038356667,Obesity,1.8,9882362.0,3767.0,,"Middle East, North Africa, Afghanistan & Pakistan",174175.67991924685
Yemen,Men,1982,0.0186960290727693,Obesity,1.9,10241006.0,3724.0,,"Middle East, North Africa, Afghanistan & Pakistan",191466.14591040486
Yemen,Men,1983,0.0198373993198803,Obesity,2.0,10621499.0,3827.0,,"Middle East, North Africa, Afghanistan & Pakistan",210702.9170387093
Yemen,Men,1984,0.021049956110292,Obesity,2.1,11025597.0,3861.0,,"Middle East, North Africa, Afghanistan & Pakistan",232088.33293976713
Yemen,Men,1985,0.022339201499466,Obesity,2.2,11453825.0,3717.0,,"Middle East, North Africa, Afghanistan & Pakistan",255869.30461462116
Yemen,Men,1986,0.0237158606677544,Obesity,2.4,11901040.0,3684.0,,"Middle East, North Africa, Afghanistan & Pakistan",282243.40644137183
Yemen,Men,1987,0.0251843721990214,Obesity,2.5,12369912.0,3712.0,,"Middle East, North Africa, Afghanistan & Pakistan",311528.4678771412
Yemen,Men,1988,0.0267419196964571,Obesity,2.7,12859708.0,3747.0,,"Middle East, North Africa, Afghanistan & Pakistan",343893.27865588694
Yemen,Men,1989,0.028394595310613,Obesity,2.8,13364174.0,3751.0,Lower middle income,"Middle East, North Africa, Afghanistan & Pakistan",379470.31239061616
Yemen,Men,1990,0.0301445935167777,Obesity,3.0,13887862.0,3622.0,Lower middle income,"Middle East, North Africa, Afghanistan & Pakistan",418643.9548071034
Yemen,Men,1991,0.032003472111215,Obesity,3.2,14430201.0,3661.9236,Low income,"Middle East, North Africa, Afghanistan & Pakistan",461816.53526272683
Yemen,Men,1992,0.0339745215539852,Obesity,3.4,14989494.0,3759.7183,Low income,"Middle East, North Africa, Afghanistan & Pakistan",509260.8869863318
Yemen,Men,1993,0.0360576576369573,Obesity,3.6,15563914.0,3712.341,Low income,"Middle East, North Africa, Afghanistan & Pakistan",561198.2825030467
Yemen,Men,1994,0.0382519329818009,Obesity,3.8,16149147.0,3775.0696,Low income,"Middle East, North Africa, Afghanistan & Pakistan",617736.088757251
Yemen,Men,1995,0.0405651898687203,Obesity,4.1,16740058.0,3823.3188,Low income,"Middle East, North Africa, Afghanistan & Pakistan",679063.6311833902
Yemen,Men,1996,0.0429786116255835,Obesity,4.3,17313177.0,3855.572,Low income,"Middle East, North Africa, Afghanistan & Pakistan",744096.3102879849
Yemen,Men,1997,0.0454999277838709,Obesity,4.5,17873936.0,3927.6804,Low income,"Middle East, North Africa, Afghanistan & Pakistan",813262.7972135303
Yemen,Men,1998,0.0481353062273952,Obesity,4.8,18446013.0,4044.1484,Low income,"Middle East, North Africa, Afghanistan & Pakistan",887904.4844295129
Yemen,Men,1999,0.0508839025617957,Obesity,5.1,19029420.0,4080.2185,Low income,"Middle East, North Africa, Afghanistan & Pakistan",968291.1530874864
Yemen,Men,2000,0.0537549188394112,Obesity,5.4,19624141.0,4212.1055,Low income,"Middle East, North Africa, Afghanistan & Pakistan",1054894.1067481618
Yemen,Men,2001,0.056751100552906,Obesity,5.7,20226147.0,4249.0337,Low income,"Middle East, North Africa, Afghanistan & Pakistan",1147856.102194858
Yemen,Men,2002,0.0598883560205149,Obesity,6.0,20835086.0,4292.0986,Low income,"Middle East, North Africa, Afghanistan & Pakistan",1247779.0480860458
Yemen,Men,2003,0.0631728572809512,Obesity,6.3,21456379.0,4326.5103,Low income,"Middle East, North Africa, Afghanistan & Pakistan",1355460.7683329985
Yemen,Men,2004,0.066613507013201,Obesity,6.7,22095167.0,4371.3955,Low income,"Middle East, North Africa, Afghanistan & Pakistan",1471836.5619123473
Yemen,Men,2005,0.0702253782792283,Obesity,7.0,22790085.0,4485.583,Low income,"Middle East, North Africa, Afghanistan & Pakistan",1600442.3401407667
Yemen,Men,2006,0.0740375682807587,Obesity,7.4,23543083.0,4497.2593,Low income,"Middle East, North Africa, Afghanistan & Pakistan",1743072.6151520696
Yemen,Men,2007,0.0780556965670521,Obesity,7.8,24318082.0,4516.1436,Low income,"Middle East, North Africa, Afghanistan & Pakistan",1898164.8296846913
Yemen,Men,2008,0.0822949369702254,Obesity,8.2,25111941.0,4549.009,Low income,"Middle East, North Africa, Afghanistan & Pakistan",2066585.6017950189
Yemen,Men,2009,0.0867605398185019,Obesity,8.7,25927724.0,4593.5425,Lower middle income,"Middle East, North Africa, Afghanistan & Pakistan",2249503.3305051276
Yemen,Men,2010,0.091452767947055,Obesity,9.1,26754387.0,4812.345,Lower middle income,"Middle East, North Africa, Afghanistan & Pakistan",2446762.745876705
Yemen,Men,2011,0.0963674368110308,Obesity,9.6,27582897.0,4088.0,Lower middle income,"Middle East, North Africa, Afghanistan & Pakistan",2658093.083712671
Yemen,Men,2012,0.10151097683062,Obesity,10.2,28433647.0,4064.3423,Lower middle income,"Middle East, North Africa, Afghanistan & Pakistan",2886327.281827028
Yemen,Men,2013,0.106904147695841,Obesity,10.7,29312952.0,4139.823,Lower middle income,"Middle East, North Africa, Afghanistan & Pakistan",3133676.150009098
Yemen,Men,2014,0.112548116220321,Obesity,11.3,30226309.0,4019.4,Lower middle income,"Middle East, North Africa, Afghanistan & Pakistan",3401914.138243335
Yemen,Men,2015,0.118450990831988,Obesity,11.8,31159379.0,2820.6172,Lower middle income,"Middle East, North Africa, Afghanistan & Pakistan",3690859.3162594396
Yemen,Men,2016,0.12461457822667,Obesity,12.5,32109010.0,2495.4993,Lower middle income,"Middle East, North Africa, Afghanistan & Pakistan",4001250.7384259296
Afghanistan,Women,1975,0.00817243083852819,Obesity,0.8,12773954.0,1074.0,,"Middle East, North Africa, Afghanistan & Pakistan",104394.25559954051
Afghanistan,Women,1976,0.00870879561479822,Obesity,0.9,13059851.0,1105.0,,"Middle East, North Africa, Afghanistan & Pakistan",113735.57311871814
Afghanistan,Women,1977,0.00928461690446527,Obesity,0.9,13340756.0,1022.0,,"Middle East, North Africa, Afghanistan & Pakistan",123863.8086759465
Afghanistan,Women,1978,0.00990014374441998,Obesity,1.0,13611441.0,1070.0,,"Middle East, North Africa, Afghanistan & Pakistan",134755.22246869165
Afghanistan,Women,1979,0.0105559671390429,Obesity,1.1,13655567.0,1023.0,,"Middle East, North Africa, Afghanistan & Pakistan",144147.71651699863
Afghanistan,Women,1980,0.0112537378565443,Obesity,1.1,13169311.0,1019.0,,"Middle East, North Africa, Afghanistan & Pakistan",148203.97374530527
Afghanistan,Women,1981,0.0119837532191714,Obesity,1.2,11937581.0,1144.0,,"Middle East, North Africa, Afghanistan & Pakistan",143057.02473786933
Afghanistan,Women,1982,0.0127480713211715,Obesity,1.3,10991378.0,1270.0,,"Middle East, North Africa, Afghanistan & Pakistan",140118.87066195536
Afghanistan,Women,1983,0.0135500123627813,Obesity,1.4,10917982.0,1347.0,,"Middle East, North Africa, Afghanistan & Pakistan",147938.7910766237
Afghanistan,Women,1984,0.0143915537794868,Obesity,1.4,11190221.0,1337.0,,"Middle East, North Africa, Afghanistan & Pakistan",161044.66732584254
Afghanistan,Women,1985,0.0152737539368681,Obesity,1.5,11426852.0,1304.0,,"Middle East, North Africa, Afghanistan & Pakistan",174530.92572100912
Afghanistan,Women,1986,0.0161995763961677,Obesity,1.6,11420074.0,1344.0,,"Middle East, North Africa, Afghanistan & Pakistan",185000.36121288844
Afghanistan,Women,1987,0.0171732230735771,Obesity,1.7,11387818.0,1211.0,Low income,"Middle East, North Africa, Afghanistan & Pakistan",195565.53883529664
Afghanistan,Women,1988,0.0181962777613054,Obesity,1.8,11523298.0,1101.0,Low income,"Middle East, North Africa, Afghanistan & Pakistan",209681.131134295
Afghanistan,Women,1989,0.0192701506637317,Obesity,1.9,11874088.0,999.0,Low income,"Middle East, North Africa, Afghanistan & Pakistan",228815.46475440863
Afghanistan,Women,1990,0.0203991634299174,Obesity,2.0,12045660.0,963.0,Low income,"Middle East, North Africa, Afghanistan & Pakistan",245721.38696121884
Afghanistan,Women,1991,0.0215900109172958,Obesity,2.2,12238879.0,881.1704,Low income,"Middle East, North Africa, Afghanistan & Pakistan",264237.5312254623
Afghanistan,Women,1992,0.0228466565948312,Obesity,2.3,13278974.0,843.87537,Low income,"Middle East, North Africa, Afghanistan & Pakistan",303380.1589096921
Afghanistan,Women,1993,0.0241722194726796,Obesity,2.4,14943172.0,578.4028,Low income,"Middle East, North Africa, Afghanistan & Pakistan",361209.6332020005
Afghanistan,Women,1994,0.0255650762188983,Obesity,2.6,16250794.0,428.42456,Low income,"Middle East, North Africa, Afghanistan & Pakistan",415452.7872276152
Afghanistan,Women,1995,0.0270333559849126,Obesity,2.7,17065836.0,632.94037,Low income,"Middle East, North Africa, Afghanistan & Pakistan",461346.81976813695
Afghanistan,Women,1996,0.0285804451428316,Obesity,2.9,17763266.0,600.1753,Low income,"Middle East, North Africa, Afghanistan & Pakistan",507682.0494705257
Afghanistan,Women,1997,0.0302067505240884,Obesity,3.0,18452091.0,570.59814,Low income,"Middle East, North Africa, Afghanistan & Pakistan",557377.7094847768
Afghanistan,Women,1998,0.0319160608888171,Obesity,3.2,19159996.0,545.03876,Low income,"Middle East, North Africa, Afghanistan & Pakistan",611511.5989654921
Afghanistan,Women,1999,0.0337050958144238,Obesity,3.4,19887785.0,518.65784,Low income,"Middle East, North Africa, Afghanistan & Pakistan",670319.6989616604
Afghanistan,Women,2000,0.0355788270914108,Obesity,3.6,20130327.0,502.37274,Low income,"Middle East, North Africa, Afghanistan & Pakistan",716213.4236265584
Afghanistan,Women,2001,0.0375456100697483,Obesity,3.8,20284307.0,489.682,Low income,"Middle East, North Africa, Afghanistan & Pakistan",761586.6811570659
Afghanistan,Women,2002,0.0396070088517297,Obesity,4.0,21378117.0,796.8166,Low income,"Middle East, North Africa, Afghanistan & Pakistan",846723.2692523132
Afghanistan,Women,2003,0.0417667216306397,Obesity,4.2,22733049.0,842.8052,Low income,"Middle East, North Africa, Afghanistan & Pakistan",949484.9293986922
Afghanistan,Women,2004,0.0440219728330381,Obesity,4.4,23560654.0,869.03925,Low income,"Middle East, North Africa, Afghanistan & Pakistan",1037186.4703166105
Afghanistan,Women,2005,0.0463779203628899,Obesity,4.6,24404567.0,964.4081,Low income,"Middle East, North Africa, Afghanistan & Pakistan",1131833.064816811
Afghanistan,Women,2006,0.0488390768503604,Obesity,4.9,25424094.0,1057.0966,Low income,"Middle East, North Africa, Afghanistan & Pakistan",1241689.2807167869
Afghanistan,Women,2007,0.0514055402218569,Obesity,5.1,25909852.0,1259.9967,Low income,"Middle East, North Africa, Afghanistan & Pakistan",1331909.9391283595
Afghanistan,Women,2008,0.0540859246124082,Obesity,5.4,26482622.0,1319.6074,Low income,"Middle East, North Africa, Afghanistan & Pakistan",1432337.097030903
Afghanistan,Women,2009,0.0568802645930707,Obesity,5.7,27466101.0,1557.3207,Low income,"Middle East, North Africa, Afghanistan & Pakistan",1562279.0922200037
Afghanistan,Women,2010,0.059796392090946,Obesity,6.0,28284089.0,1627.6716,Low income,"Middle East, North Africa, Afghanistan & Pakistan",1691286.4757792128
Afghanistan,Women,2011,0.062840520616518,Obesity,6.3,29347708.0,1792.0,Low income,"Middle East, North Africa, Afghanistan & Pakistan",1844225.2496215503
Afghanistan,Women,2012,0.0660120013206203,Obesity,6.6,30560034.0,1945.0,Low income,"Middle East, North Africa, Afghanistan & Pakistan",2017329.0047662011
Afghanistan,Women,2013,0.0693133152931267,Obesity,6.9,31622704.0,2025.0,Low income,"Middle East, North Africa, Afghanistan & Pakistan",2191874.452773219
Afghanistan,Women,2014,0.0727450991879138,Obesity,7.3,32792523.0,2022.0,Low income,"Middle East, North Africa, Afghanistan & Pakistan",2385495.338256945
Afghanistan,Women,2015,0.0763121698443527,Obesity,7.6,33831764.0,1928.0,Low income,"Middle East, North Africa, Afghanistan & Pakistan",2581775.320502057
Afghanistan,Women,2016,0.0800228851309127,Obesity,8.0,34700612.0,1931.2438,Low income,"Middle East, North Africa, Afghanistan & Pakistan",2776843.0880483706
Algeria,Women,1975,0.112318642978709,Obesity,11.2,15678596.0,4020.0,,"Middle East, North Africa, Afghanistan & Pakistan",1760998.626531415
Algeria,Women,1976,0.115825033787708,Obesity,11.6,16409170.0,4157.0,,"Middle East, North Africa, Afghanistan & Pakistan",1900592.6696782445
Algeria,Women,1977,0.119581270189717,Obesity,12.0,17015994.0,4398.0,,"Middle East, North Africa, Afghanistan & Pakistan",2034794.1760606032
Algeria,Women,1978,0.123567588747898,Obesity,12.4,17506974.0,4812.0,,"Middle East, North Africa, Afghanistan & Pakistan",2163294.5634521428
Algeria,Women,1979,0.127770110021146,Obesity,12.8,18036655.0,5088.0,,"Middle East, North Africa, Afghanistan & Pakistan",2304545.393763453
Algeria,Women,1980,0.132188674853301,Obesity,13.2,18607174.0,5024.0,,"Middle East, North Africa, Afghanistan & Pakistan",2459657.673824796
Algeria,Women,1981,0.13692938171019,Obesity,13.7,19220704.0,4991.0,,"Middle East, North Africa, Afghanistan & Pakistan",2631879.114754576
Algeria,Women,1982,0.141962876752632,Obesity,14.2,19872348.0,5145.0,,"Middle East, North Africa, Afghanistan & Pakistan",2821135.689909413
Algeria,Women,1983,0.147253804368986,Obesity,14.7,20558115.0,5243.0,,"Middle East, North Africa, Afghanistan & Pakistan",3027260.6444051163
Algeria,Women,1984,0.152784418887007,Obesity,15.3,21271969.0,5361.0,,"Middle East, North Africa, Afghanistan & Pakistan",3250025.4222474275
Algeria,Women,1985,0.15850397452477,Obesity,15.9,22008544.0,5469.0,,"Middle East, North Africa, Afghanistan & Pakistan",3488441.6975032794
Algeria,Women,1986,0.164350237861499,Obesity,16.4,22745499.0,5262.0,,"Middle East, North Africa, Afghanistan & Pakistan",3738228.1709284876
Algeria,Women,1987,0.170298421376533,Obesity,17.0,23443624.0,5088.0,Upper middle income,"Middle East, North Africa, Afghanistan & Pakistan",3992412.1585450023
Algeria,Women,1988,0.176347303058961,Obesity,17.6,24109536.0,4850.0,Upper middle income,"Middle East, North Africa, Afghanistan & Pakistan",4251651.65160293
Algeria,Women,1989,0.182468489886975,Obesity,18.2,24754485.0,4889.0,Lower middle income,"Middle East, North Africa, Afghanistan & Pakistan",4516913.495879775
Algeria,Women,1990,0.188650693850796,Obesity,18.9,25375810.0,4697.0,Lower middle income,"Middle East, North Africa, Afghanistan & Pakistan",4787164.163525968
Algeria,Women,1991,0.194853990285035,Obesity,19.5,25987928.0,4708.232,Lower middle income,"Middle East, North Africa, Afghanistan & Pakistan",5063851.470040189
Algeria,Women,1992,0.201093784280865,Obesity,20.1,26628568.0,4850.223,Lower middle income,"Middle East, North Africa, Afghanistan & Pakistan",5354839.509100345
Algeria,Women,1993,0.20736353374936,Obesity,20.7,27277048.0,4816.924,Lower middle income,"Middle East, North Africa, Afghanistan & Pakistan",5656265.063530913
Algeria,Women,1994,0.213665091740471,Obesity,21.4,27887279.0,4856.9854,Lower middle income,"Middle East, North Africa, Afghanistan & Pakistan",5958538.025927111
Algeria,Women,1995,0.220011389389148,Obesity,22.0,28470191.0,5142.384,Lower middle income,"Middle East, North Africa, Afghanistan & Pakistan",6263766.278084417
Algeria,Women,1996,0.226412005429436,Obesity,22.6,29033044.0,5451.6343,Lower middle income,"Middle East, North Africa, Afghanistan & Pakistan",6573429.715761054
Algeria,Women,1997,0.232857895097445,Obesity,23.3,29579301.0,5638.48,Lower middle income,"Middle East, North Africa, Afghanistan & Pakistan",6887773.76931375
Algeria,Women,1998,0.239354620888205,Obesity,23.9,30054133.0,6069.7773,Lower middle income,"Middle East, North Africa, Afghanistan & Pakistan",7193595.610338692
Algeria,Women,1999,0.245891828953432,Obesity,24.6,30474354.0,6421.5083,Lower middle income,"Middle East, North Africa, Afghanistan & Pakistan",7493394.641234336
Algeria,Women,2000,0.252455569452098,Obesity,25.2,30903893.0,6834.5537,Lower middle income,"Middle East, North Africa, Afghanistan & Pakistan",7801859.905601705
Algeria,Women,2001,0.259066791634098,Obesity,25.9,31331221.0,7218.2456,Lower middle income,"Middle East, North Africa, Afghanistan & Pakistan",8116878.902448876
Algeria,Women,2002,0.265734205831918,Obesity,26.6,31750835.0,7814.8384,Lower middle income,"Middle East, North Africa, Afghanistan & Pakistan",8437282.923225265
Algeria,Women,2003,0.272442253910649,Obesity,27.2,32175818.0,8590.178,Lower middle income,"Middle East, North Africa, Afghanistan & Pakistan",8766052.37733883
Algeria,Women,2004,0.279186835775924,Obesity,27.9,32628286.0,9182.294,Lower middle income,"Middle East, North Africa, Afghanistan & Pakistan",9109387.92513188
Algeria,Women,2005,0.285963794917076,Obesity,28.6,33109249.0,9969.623,Lower middle income,"Middle East, North Africa, Afghanistan & Pakistan",9468046.490894405
Algeria,Women,2006,0.292778742494058,Obesity,29.3,33623506.0,10385.779,Lower middle income,"Middle East, North Africa, Afghanistan & Pakistan",9844247.804921415
Algeria,Women,2007,0.299654238936515,Obesity,30.0,34189416.0,10974.742,Lower middle income,"Middle East, North Africa, Afghanistan & Pakistan",10245003.431163909
Algeria,Women,2008,0.306589740470635,Obesity,30.7,34816961.0,11475.002,Upper middle income,"Middle East, North Africa, Afghanistan & Pakistan",10674523.03696622
Algeria,Women,2009,0.313565799717295,Obesity,31.4,35490445.0,11907.021,Upper middle income,"Middle East, North Africa, Afghanistan & Pakistan",11128589.768747672
Algeria,Women,2010,0.320580805118862,Obesity,32.1,36188236.0,12587.744,Upper middle income,"Middle East, North Africa, Afghanistan & Pakistan",11601253.832711386
Algeria,Women,2011,0.327572906554293,Obesity,32.8,36903376.0,13204.0,Upper middle income,"Middle East, North Africa, Afghanistan & Pakistan",12088546.13798594
Algeria,Women,2012,0.33454878935036,Obesity,33.5,37646166.0,13392.944,Upper middle income,"Middle East, North Africa, Afghanistan & Pakistan",12594479.258982684
Algeria,Women,2013,0.341505526917654,Obesity,34.2,38414171.0,13508.265,Upper middle income,"Middle East, North Africa, Afghanistan & Pakistan",13118651.708459863
Algeria,Women,2014,0.348441928104889,Obesity,34.8,39205031.0,13760.384,Upper middle income,"Middle East, North Africa, Afghanistan & Pakistan",13660676.593051944
Algeria,Women,2015,0.355350464775837,Obesity,35.5,40019529.0,14007.894,Upper middle income,"Middle East, North Africa, Afghanistan & Pakistan",14220958.230260087
Algeria,Women,2016,0.362187173311687,Obesity,36.2,40850721.0,14198.272,Upper middle income,"Middle East, North Africa, Afghanistan & Pakistan",14795607.166734371
Bahrain,Women,1975,0.230194628212299,Obesity,23.0,283243.0,6252.0,,"Middle East, North Africa, Afghanistan & Pakistan",65201.01707873621
Bahrain,Women,1976,0.233582715258706,Obesity,23.4,297863.0,6875.0,,"Middle East, North Africa, Afghanistan & Pakistan",69575.64831510394
Bahrain,Women,1977,0.237001841767276,Obesity,23.7,312823.0,7084.0,,"Middle East, North Africa, Afghanistan & Pakistan",74139.62714716459
Bahrain,Women,1978,0.240450399666858,Obesity,24.0,328046.0,7037.0,,"Middle East, North Africa, Afghanistan & Pakistan",78878.7918091141
Bahrain,Women,1979,0.243927332456795,Obesity,24.4,343457.0,6730.0,,"Middle East, North Africa, Afghanistan & Pakistan",83778.54982361343
Bahrain,Women,1980,0.24742751060833,Obesity,24.7,358978.0,6994.0,,"Middle East, North Africa, Afghanistan & Pakistan",88821.03290315709
Bahrain,Women,1981,0.250962780527381,Obesity,25.1,373524.0,6875.0,,"Middle East, North Africa, Afghanistan & Pakistan",93740.62163370947
Bahrain,Women,1982,0.254527174432032,Obesity,25.5,386983.0,7036.0,,"Middle East, North Africa, Afghanistan & Pakistan",98497.68954323104
Bahrain,Women,1983,0.25813124726038,Obesity,25.8,400707.0,7240.0,,"Middle East, North Africa, Afghanistan & Pakistan",103434.9976959651
Bahrain,Women,1984,0.261770020400188,Obesity,26.2,415154.0,7264.0,,"Middle East, North Africa, Afghanistan & Pakistan",108674.87104921964
Bahrain,Women,1985,0.265429289014994,Obesity,26.5,430358.0,6972.0,,"Middle East, North Africa, Afghanistan & Pakistan",114229.6179619148
Bahrain,Women,1986,0.269087628179824,Obesity,26.9,446286.0,6880.0,,"Middle East, North Africa, Afghanistan & Pakistan",120090.04122986094
Bahrain,Women,1987,0.272749811129215,Obesity,27.3,462854.0,6786.0,High income,"Middle East, North Africa, Afghanistan & Pakistan",126243.34108040167
Bahrain,Women,1988,0.276426023426744,Obesity,27.6,479929.0,6802.0,High income,"Middle East, North Africa, Afghanistan & Pakistan",132664.8649971738
Bahrain,Women,1989,0.280115928416436,Obesity,28.0,497327.0,6751.0,High income,"Middle East, North Africa, Afghanistan & Pakistan",139309.21433156088
Bahrain,Women,1990,0.28382422050989,Obesity,28.4,514797.0,6542.0,Upper middle income,"Middle East, North Africa, Afghanistan & Pakistan",146111.85724582983
Bahrain,Women,1991,0.287485755268411,Obesity,28.7,503052.0,7059.957,Upper middle income,"Middle East, North Africa, Afghanistan & Pakistan",144620.2841592847
Bahrain,Women,1992,0.291108285931671,Obesity,29.1,516458.0,7993.8926,Upper middle income,"Middle East, North Africa, Afghanistan & Pakistan",150345.20313569895
Bahrain,Women,1993,0.294692805239557,Obesity,29.5,530225.0,9102.066,Upper middle income,"Middle East, North Africa, Afghanistan & Pakistan",156253.4926581441
Bahrain,Women,1994,0.298245081680045,Obesity,29.8,544366.0,9935.004,Upper middle income,"Middle East, North Africa, Afghanistan & Pakistan",162354.48213383937
Bahrain,Women,1995,0.301778309683194,Obesity,30.2,558879.0,10695.393,Upper middle income,"Middle East, North Africa, Afghanistan & Pakistan",168657.5599374338
Bahrain,Women,1996,0.305278285431148,Obesity,30.5,573792.0,11640.821,Upper middle income,"Middle East, North Africa, Afghanistan & Pakistan",175166.23795410927
Bahrain,Women,1997,0.308732686638089,Obesity,30.9,589115.0,12528.39,Upper middle income,"Middle East, North Africa, Afghanistan & Pakistan",181879.0566887978
Bahrain,Women,1998,0.312177366740161,Obesity,31.2,604842.0,13776.008,Upper middle income,"Middle East, North Africa, Afghanistan & Pakistan",188817.98285385245
Bahrain,Women,1999,0.315603858792002,Obesity,31.6,620989.0,15263.758,Upper middle income,"Middle East, North Africa, Afghanistan & Pakistan",195986.52466738652
Bahrain,Women,2000,0.31901419824057897,Obesity,31.9,637582.0,17021.723,Upper middle income,"Middle East, North Africa, Afghanistan & Pakistan",203397.71054262482
Bahrain,Women,2001,0.322456252114079,Obesity,32.2,661316.0,18152.963,High income,"Middle East, North Africa, Afghanistan & Pakistan",213245.47882307429
Bahrain,Women,2002,0.325945292174843,Obesity,32.6,710553.0,19487.842,High income,"Middle East, North Africa, Afghanistan & Pakistan",231601.40519071123
Bahrain,Women,2003,0.329473715465335,Obesity,32.9,764517.0,21391.611,High income,"Middle East, North Africa, Afghanistan & Pakistan",251888.2565264115
Bahrain,Women,2004,0.333029662754939,Obesity,33.3,823741.0,23389.602,High income,"Middle East, North Africa, Afghanistan & Pakistan",274330.1874274162
Bahrain,Women,2005,0.336639790657056,Obesity,33.7,888822.0,25230.9,High income,"Middle East, North Africa, Afghanistan & Pakistan",299212.85201138584
Bahrain,Women,2006,0.340328789775025,Obesity,34.0,960424.0,26840.125,High income,"Middle East, North Africa, Afghanistan & Pakistan",326859.93759088864
Bahrain,Women,2007,0.344119036127099,Obesity,34.4,1039295.0,28884.697,High income,"Middle East, North Africa, Afghanistan & Pakistan",357641.1936517133
Bahrain,Women,2008,0.348027938099574,Obesity,34.8,1103496.0,30612.498,High income,"Middle East, North Africa, Afghanistan & Pakistan",384047.4375811275
Bahrain,Women,2009,0.352004535224638,Obesity,35.2,1178415.0,31729.566,High income,"Middle East, North Africa, Afghanistan & Pakistan",414807.42437674175
Bahrain,Women,2010,0.356065752319432,Obesity,35.6,1228543.0,34057.715,High income,"Middle East, North Africa, Afghanistan & Pakistan",437442.08755177195
Bahrain,Women,2011,0.360208816081762,Obesity,36.0,1195020.0,36372.0,High income,"Middle East, North Africa, Afghanistan & Pakistan",430456.7393940272
Bahrain,Women,2012,0.364426098795078,Obesity,36.4,1208964.0,36711.39,High income,"Middle East, North Africa, Afghanistan & Pakistan",440578.0341036926
Bahrain,Women,2013,0.368708476183924,Obesity,36.9,1253191.0,37704.21,High income,"Middle East, North Africa, Afghanistan & Pakistan",462062.1439774079
Bahrain,Women,2014,0.373051365413745,Obesity,37.3,1314562.0,38364.83,High income,"Middle East, North Africa, Afghanistan & Pakistan",490399.1490210235
Bahrain,Women,2015,0.377445051979561,Obesity,37.7,1370322.0,38369.66,High income,"Middle East, North Africa, Afghanistan & Pakistan",517221.258518736
Bahrain,Women,2016,0.381871820437011,Obesity,38.2,1423726.0,38805.39,High income,"Middle East, North Africa, Afghanistan & Pakistan",543680.839423504
Djibouti,Women,1975,0.0665285105741203,Obesity,6.7,209908.0,4691.0,,"Middle East, North Africa, Afghanistan & Pakistan",13964.866597592445
Djibouti,Women,1976,0.069686032239829,Obesity,7.0,230737.0,4878.0,,"Middle East, North Africa, Afghanistan & Pakistan",16079.146020921424
Djibouti,Women,1977,0.072915254278973,Obesity,7.3,254613.0,4036.0,,"Middle East, North Africa, Afghanistan & Pakistan",18565.17163773215
Djibouti,Women,1978,0.0762236181773077,Obesity,7.6,280031.0,3419.0,,"Middle East, North Africa, Afghanistan & Pakistan",21344.976021809653
Djibouti,Women,1979,0.0796068811651319,Obesity,8.0,304513.0,3308.0,,"Middle East, North Africa, Afghanistan & Pakistan",24241.33020423781
Djibouti,Women,1980,0.083078531619694,Obesity,8.3,325815.0,3167.0,,"Middle East, North Africa, Afghanistan & Pakistan",27068.2317796706
Djibouti,Women,1981,0.086469600114901,Obesity,8.6,343047.0,3091.0,,"Middle East, North Africa, Afghanistan & Pakistan",29663.136910616442
Djibouti,Women,1982,0.089791947798571,Obesity,9.0,356880.0,3043.0,,"Middle East, North Africa, Afghanistan & Pakistan",32044.95033035402
Djibouti,Women,1983,0.0930538781311326,Obesity,9.3,369553.0,2963.0,,"Middle East, North Africa, Afghanistan & Pakistan",34388.339824994444
Djibouti,Women,1984,0.0962700107859195,Obesity,9.6,384053.0,2944.0,,"Middle East, North Africa, Afghanistan & Pakistan",36972.786452364744
Djibouti,Women,1985,0.0994529109660603,Obesity,9.9,402687.0,2880.0,,"Middle East, North Africa, Afghanistan & Pakistan",40048.39435818993
Djibouti,Women,1986,0.102491342155893,Obesity,10.2,426341.0,2743.0,,"Middle East, North Africa, Afghanistan & Pakistan",43696.26130608558
Djibouti,Women,1987,0.105399075647847,Obesity,10.5,454399.0,2670.0,,"Middle East, North Africa, Afghanistan & Pakistan",47893.23457530603
Djibouti,Women,1988,0.108207192910113,Obesity,10.8,484523.0,2652.0,,"Middle East, North Africa, Afghanistan & Pakistan",52428.87373038669
Djibouti,Women,1989,0.110933748585057,Obesity,11.1,523355.0,2436.0,,"Middle East, North Africa, Afghanistan & Pakistan",58057.73199073251
Djibouti,Women,1990,0.113611730877296,Obesity,11.4,579538.0,2308.0,Lower middle income,"Middle East, North Africa, Afghanistan & Pakistan",65842.31528916636
Djibouti,Women,1991,0.11621375240163,Obesity,11.6,631092.0,2013.3427,Lower middle income,"Middle East, North Africa, Afghanistan & Pakistan",73341.56943064948
Djibouti,Women,1992,0.118754466476868,Obesity,11.9,626010.0,2141.634,Lower middle income,"Middle East, North Africa, Afghanistan & Pakistan",74341.48355918414
Djibouti,Women,1993,0.121247744677654,Obesity,12.1,614245.0,2290.7847,Lower middle income,"Middle East, North Africa, Afghanistan & Pakistan",74475.82092952558
Djibouti,Women,1994,0.123731800933685,Obesity,12.4,626710.0,2175.3618,Lower middle income,"Middle East, North Africa, Afghanistan & Pakistan",77543.95696314973
Djibouti,Women,1995,0.126223926197929,Obesity,12.6,633074.0,2262.4287,Lower middle income,"Middle East, North Africa, Afghanistan & Pakistan",79909.0858538277
Djibouti,Women,1996,0.128734623521154,Obesity,12.9,648348.0,2081.9954,Lower middle income,"Middle East, North Africa, Afghanistan & Pakistan",83464.83569069316
Djibouti,Women,1997,0.131269092323701,Obesity,13.1,671817.0,2080.5134,Lower middle income,"Middle East, North Africa, Afghanistan & Pakistan",88188.80779763183
Djibouti,Women,1998,0.133845391734614,Obesity,13.4,699352.0,1974.5657,Lower middle income,"Middle East, North Africa, Afghanistan & Pakistan",93605.04240038576
Djibouti,Women,1999,0.136470807927508,Obesity,13.6,724218.0,1930.5078,Lower middle income,"Middle East, North Africa, Afghanistan & Pakistan",98834.61557564398
Djibouti,Women,2000,0.139153032269414,Obesity,13.9,747318.0,1880.9988,Lower middle income,"Middle East, North Africa, Afghanistan & Pakistan",103991.56576951394
Djibouti,Women,2001,0.141905766833008,Obesity,14.2,771313.0,1845.6991,Lower middle income,"Middle East, North Africa, Afghanistan & Pakistan",109453.76273326791
Djibouti,Women,2002,0.144729875886384,Obesity,14.5,795574.0,1824.4551,Lower middle income,"Middle East, North Africa, Afghanistan & Pakistan",115143.32627843406
Djibouti,Women,2003,0.147628814399739,Obesity,14.8,813519.0,1945.6655,Lower middle income,"Middle East, North Africa, Afghanistan & Pakistan",120098.84546166126
Djibouti,Women,2004,0.150599651899214,Obesity,15.1,826124.0,2097.1233,Lower middle income,"Middle East, North Africa, Afghanistan & Pakistan",124413.98682558627
Djibouti,Women,2005,0.153628865128739,Obesity,15.4,839167.0,2126.8052,Lower middle income,"Middle East, North Africa, Afghanistan & Pakistan",128920.27386348852
Djibouti,Women,2006,0.156715500725966,Obesity,15.7,855764.0,2342.2192,Lower middle income,"Middle East, North Africa, Afghanistan & Pakistan",134111.48376325556
Djibouti,Women,2007,0.15986759033864,Obesity,16.0,874528.0,2396.018,Lower middle income,"Middle East, North Africa, Afghanistan & Pakistan",139808.68404367016
Djibouti,Women,2008,0.163074380400814,Obesity,16.3,892734.0,2463.4448,Lower middle income,"Middle East, North Africa, Afghanistan & Pakistan",145582.0439127403
Djibouti,Women,2009,0.166331321081663,Obesity,16.6,911527.0,2521.5046,Lower middle income,"Middle East, North Africa, Afghanistan & Pakistan",151615.490111605
Djibouti,Women,2010,0.16965073478454,Obesity,17.0,930251.0,2543.8733,Lower middle income,"Middle East, North Africa, Afghanistan & Pakistan",157817.76568405313
Djibouti,Women,2011,0.173044234954876,Obesity,17.3,948558.0,2590.0,Lower middle income,"Middle East, North Africa, Afghanistan & Pakistan",164142.4934203273
Djibouti,Women,2012,0.176509622541417,Obesity,17.7,966747.0,2654.0,Lower middle income,"Middle East, North Africa, Afghanistan & Pakistan",170640.14806304727
Djibouti,Women,2013,0.180039119750383,Obesity,18.0,984824.0,2724.0,Lower middle income,"Middle East, North Africa, Afghanistan & Pakistan",177306.8460690512
Djibouti,Women,2014,0.183656291708757,Obesity,18.4,1002717.0,2823.0,Lower middle income,"Middle East, North Africa, Afghanistan & Pakistan",184155.2858533297
Djibouti,Women,2015,0.187341211808361,Obesity,18.7,1020313.0,2941.0,Lower middle income,"Middle East, North Africa, Afghanistan & Pakistan",191146.67384382425
Djibouti,Women,2016,0.191106879809026,Obesity,19.1,1037653.0,3084.5425,Lower middle income,"Middle East, North Africa, Afghanistan & Pakistan",198302.62715447525
Egypt,Women,1975,0.185950038661585,Obesity,18.6,38875327.0,2265.0,,"Middle East, North Africa, Afghanistan & Pakistan",7228868.558631759
Egypt,Women,1976,0.191080566016075,Obesity,19.1,39795557.0,2560.0,,"Middle East, North Africa, Afghanistan & Pakistan",7604157.556484976
Egypt,Women,1977,0.196174972920377,Obesity,19.6,40748870.0,2817.0,,"Middle East, North Africa, Afghanistan & Pakistan",7993908.468785963
Egypt,Women,1978,0.20125209999826,Obesity,20.1,41761431.0,2939.0,,"Middle East, North Africa, Afghanistan & Pakistan",8404575.687682435
Egypt,Women,1979,0.206297775836565,Obesity,20.6,42818628.0,3076.0,,"Middle East, North Africa, Afghanistan & Pakistan",8833387.720773265
Egypt,Women,1980,0.211357522557606,Obesity,21.1,43950413.0,3298.0,,"Middle East, North Africa, Afghanistan & Pakistan",9289250.4070636
Egypt,Women,1981,0.216374423316824,Obesity,21.6,45147224.0,3309.0,,"Middle East, North Africa, Afghanistan & Pakistan",9768704.557355477
Egypt,Women,1982,0.221363229899421,Obesity,22.1,46407611.0,3543.0,,"Middle East, North Africa, Afghanistan & Pakistan",10272938.662875898
Egypt,Women,1983,0.226341926680524,Obesity,22.6,47786402.0,3701.0,,"Middle East, North Africa, Afghanistan & Pakistan",10816066.297810046
Egypt,Women,1984,0.231324353009268,Obesity,23.1,49247334.0,3810.0,,"Middle East, North Africa, Afghanistan & Pakistan",11392107.674981328
Egypt,Women,1985,0.236328835044222,Obesity,23.6,50734968.0,3939.0,,"Middle East, North Africa, Afghanistan & Pakistan",11990135.883445881
Egypt,Women,1986,0.241343041713428,Obesity,24.1,52206295.0,3921.0,,"Middle East, North Africa, Afghanistan & Pakistan",12599626.031888528
Egypt,Women,1987,0.246395821845441,Obesity,24.6,53674435.0,3929.0,Lower middle income,"Middle East, North Africa, Afghanistan & Pakistan",13225156.523914704
Egypt,Women,1988,0.251482479517636,Obesity,25.1,55187681.0,4001.0,Lower middle income,"Middle East, North Africa, Afghanistan & Pakistan",13878734.856708331
Egypt,Women,1989,0.256585530904148,Obesity,25.7,56710642.0,4030.0,Lower middle income,"Middle East, North Africa, Afghanistan & Pakistan",14551130.185485072
Egypt,Women,1990,0.261744736422843,Obesity,26.2,58396618.0,4022.0,Low income,"Middle East, North Africa, Afghanistan & Pakistan",15285007.38639545
Egypt,Women,1991,0.266923970886888,Obesity,26.7,60028997.0,4180.133,Low income,"Middle East, North Africa, Afghanistan & Pakistan",16023178.247597089
Egypt,Women,1992,0.272143368003701,Obesity,27.2,61480660.0,4338.9536,Low income,"Middle East, North Africa, Afghanistan & Pakistan",16731553.879490418
Egypt,Women,1993,0.27742079199947,Obesity,27.7,62915681.0,4542.6323,Low income,"Middle East, North Africa, Afghanistan & Pakistan",17454118.052206006
Egypt,Women,1994,0.282734560301494,Obesity,28.3,64285589.0,4746.5884,Low income,"Middle East, North Africa, Afghanistan & Pakistan",18175757.73963756
Egypt,Women,1995,0.288109119894818,Obesity,28.8,65652622.0,5001.067,Lower middle income,"Middle East, North Africa, Afghanistan & Pakistan",18915119.143207166
Egypt,Women,1996,0.293626724257315,Obesity,29.4,67028048.0,5293.1006,Lower middle income,"Middle East, North Africa, Afghanistan & Pakistan",19681226.167602073
Egypt,Women,1997,0.299287758732904,Obesity,29.9,68431740.0,5594.597,Lower middle income,"Middle East, North Africa, Afghanistan & Pakistan",20480782.090792812
Egypt,Women,1998,0.305093995142754,Obesity,30.5,69943294.0,5884.802,Lower middle income,"Middle East, North Africa, Afghanistan & Pakistan",21339278.999904215
Egypt,Women,1999,0.311012529949393,Obesity,31.1,71520954.0,6211.0156,Lower middle income,"Middle East, North Africa, Afghanistan & Pakistan",22243912.847934157
Egypt,Women,2000,0.317032489291799,Obesity,31.7,73083284.0,6593.5317,Lower middle income,"Middle East, North Africa, Afghanistan & Pakistan",23169775.452139504
Egypt,Women,2001,0.323187560410003,Obesity,32.3,74652029.0,6914.937,Lower middle income,"Middle East, North Africa, Afghanistan & Pakistan",24126607.132166795
Egypt,Women,2002,0.329471929494228,Obesity,32.9,76239137.0,7142.6865,Lower middle income,"Middle East, North Africa, Afghanistan & Pakistan",25118655.57036479
Egypt,Women,2003,0.335843077840744,Obesity,33.6,77853548.0,7365.8027,Lower middle income,"Middle East, North Africa, Afghanistan & Pakistan",26146575.1811421
Egypt,Women,2004,0.342297040409566,Obesity,34.2,79477443.0,7661.86,Lower middle income,"Middle East, North Africa, Afghanistan & Pakistan",27204893.518219978
Egypt,Women,2005,0.348821398464744,Obesity,34.9,81101004.0,8021.8833,Lower middle income,"Middle East, North Africa, Afghanistan & Pakistan",28289765.632174797
Egypt,Women,2006,0.355403371740264,Obesity,35.5,82700403.0,8509.614,Lower middle income,"Middle East, North Africa, Afghanistan & Pakistan",29392002.070478644
Egypt,Women,2007,0.362073512158241,Obesity,36.2,84276225.0,9130.598,Lower middle income,"Middle East, North Africa, Afghanistan & Pakistan",30514188.777188156
Egypt,Women,2008,0.368835084086041,Obesity,36.9,85864789.0,9698.017,Lower middle income,"Middle East, North Africa, Afghanistan & Pakistan",31669946.670845166
Egypt,Women,2009,0.375663941758841,Obesity,37.6,87501636.0,10159.002,Lower middle income,"Middle East, North Africa, Afghanistan & Pakistan",32871209.490107305
Egypt,Women,2010,0.382554238198972,Obesity,38.3,89196072.0,10719.291,Lower middle income,"Middle East, North Africa, Afghanistan & Pakistan",34122335.37430066
Egypt,Women,2011,0.389500204660151,Obesity,39.0,91093059.0,10737.0,Lower middle income,"Middle East, North Africa, Afghanistan & Pakistan",35480765.12361921
Egypt,Women,2012,0.396499098100128,Obesity,39.6,93161001.0,10774.53,Lower middle income,"Middle East, North Africa, Afghanistan & Pakistan",36938252.87460513
Egypt,Women,2013,0.403527500087074,Obesity,40.4,95333553.0,10871.145,Lower middle income,"Middle East, North Africa, Afghanistan & Pakistan",38469710.316508576
Egypt,Women,2014,0.410592278412463,Obesity,41.1,97528654.0,11135.728,Lower middle income,"Middle East, North Africa, Afghanistan & Pakistan",40044512.25636077
Egypt,Women,2015,0.417674738352502,Obesity,41.8,99597342.0,11312.848,Lower middle income,"Middle East, North Africa, Afghanistan & Pakistan",41599293.76045466
Egypt,Women,2016,0.424821536604724,Obesity,42.5,101644589.0,11458.447,Lower middle income,"Middle East, North Africa, Afghanistan & Pakistan",43180810.48653562
Iran,Women,1975,0.108654769333067,Obesity,10.9,33802973.0,9377.0,,"Middle East, North Africa, Afghanistan & Pakistan",3672854.234086892
Iran,Women,1976,0.113250710390025,Obesity,11.3,34837271.0,10665.0,,"Middle East, North Africa, Afghanistan & Pakistan",3945345.6887998166
Iran,Women,1977,0.117934168336863,Obesity,11.8,35933181.0,10205.0,,"Middle East, North Africa, Afghanistan & Pakistan",4237749.816932967
Iran,Women,1978,0.122702657687334,Obesity,12.3,37126535.0,8710.0,,"Middle East, North Africa, Afghanistan & Pakistan",4555524.515221825
Iran,Women,1979,0.127539373240306,Obesity,12.8,38424952.0,7678.0,,"Middle East, North Africa, Afghanistan & Pakistan",4900694.294868843
Iran,Women,1980,0.132455949161158,Obesity,13.2,39842324.0,6334.0,,"Middle East, North Africa, Afghanistan & Pakistan",5277352.842206385
Iran,Women,1981,0.137417568380131,Obesity,13.7,41989312.0,5887.0,,"Middle East, North Africa, Afghanistan & Pakistan",5770069.152994655
Iran,Women,1982,0.142414566966918,Obesity,14.2,44272141.0,6535.0,,"Middle East, North Africa, Afghanistan & Pakistan",6304997.789213336
Iran,Women,1983,0.147460220339051,Obesity,14.7,46029535.0,7108.0,,"Middle East, North Africa, Afghanistan & Pakistan",6787525.373204061
Iran,Women,1984,0.152568493955223,Obesity,15.3,47793998.0,6951.0,,"Middle East, North Africa, Afghanistan & Pakistan",7291858.294958941
Iran,Women,1985,0.157715209722834,Obesity,15.8,49582289.0,6853.0,,"Middle East, North Africa, Afghanistan & Pakistan",7819881.1081731655
Iran,Women,1986,0.162845513339952,Obesity,16.3,51446045.0,5984.0,,"Middle East, North Africa, Afghanistan & Pakistan",8377757.607335271
Iran,Women,1987,0.167970093477287,Obesity,16.8,53323493.0,5713.0,Upper middle income,"Middle East, North Africa, Afghanistan & Pakistan",8956752.103745459
Iran,Women,1988,0.173089741412433,Obesity,17.3,55072694.0,5249.0,Upper middle income,"Middle East, North Africa, Afghanistan & Pakistan",9532518.36334605
Iran,Women,1989,0.178200433445621,Obesity,17.8,56704914.0,5303.0,Upper middle income,"Middle East, North Africa, Afghanistan & Pakistan",10104840.253296662
Iran,Women,1990,0.183311421577133,Obesity,18.3,58380092.0,5620.0,Lower middle income,"Middle East, North Africa, Afghanistan & Pakistan",10701737.656323811
Iran,Women,1991,0.188513348133063,Obesity,18.9,59986931.0,6380.55,Lower middle income,"Middle East, North Africa, Afghanistan & Pakistan",11308337.20703703
Iran,Women,1992,0.193811132574353,Obesity,19.4,61184983.0,7036.315,Lower middle income,"Middle East, North Africa, Afghanistan & Pakistan",11858330.851772536
Iran,Women,1993,0.19920684987956,Obesity,19.9,61403543.0,6914.7666,Lower middle income,"Middle East, North Africa, Afghanistan & Pakistan",12232006.372474108
Iran,Women,1994,0.204700845830006,Obesity,20.5,61520598.0,6884.706,Lower middle income,"Middle East, North Africa, Afghanistan & Pakistan",12593318.446567776
Iran,Women,1995,0.21028168034519,Obesity,21.0,62205567.0,7093.735,Lower middle income,"Middle East, North Africa, Afghanistan & Pakistan",13080691.155585298
Iran,Women,1996,0.215932150250676,Obesity,21.6,62881300.0,7746.409,Lower middle income,"Middle East, North Africa, Afghanistan & Pakistan",13578094.319557833
Iran,Women,1997,0.221647610008542,Obesity,22.2,63639638.0,8113.724,Lower middle income,"Middle East, North Africa, Afghanistan & Pakistan",14105573.66450879
Iran,Women,1998,0.227436067029285,Obesity,22.7,64519859.0,8458.387,Lower middle income,"Middle East, North Africa, Afghanistan & Pakistan",14674142.976244017
Iran,Women,1999,0.23327380302333,Obesity,23.3,65445391.0,8714.627,Lower middle income,"Middle East, North Africa, Afghanistan & Pakistan",15266695.248918815
Iran,Women,2000,0.239137078569271,Obesity,23.9,66418659.0,9104.763,Lower middle income,"Middle East, North Africa, Afghanistan & Pakistan",15883164.075748619
Iran,Women,2001,0.245022443054216,Obesity,24.5,67452005.0,9620.627,Lower middle income,"Middle East, North Africa, Afghanistan & Pakistan",16527255.054005193
Iran,Women,2002,0.250937256833591,Obesity,25.1,68011317.0,10467.371,Lower middle income,"Middle East, North Africa, Afghanistan & Pakistan",17066573.321619775
Iran,Women,2003,0.256868345934245,Obesity,25.7,68769340.0,11502.853,Lower middle income,"Middle East, North Africa, Afghanistan & Pakistan",17664666.616789714
Iran,Women,2004,0.262811667937488,Obesity,26.3,70256316.0,12404.323,Lower middle income,"Middle East, North Africa, Afghanistan & Pakistan",18464179.591103226
Iran,Women,2005,0.26877588630586,Obesity,26.9,71828455.0,13110.143,Lower middle income,"Middle East, North Africa, Afghanistan & Pakistan",19305756.654605582
Iran,Women,2006,0.274720066398428,Obesity,27.5,73392747.0,14185.753,Lower middle income,"Middle East, North Africa, Afghanistan & Pakistan",20162460.32900303
Iran,Women,2007,0.280676144901546,Obesity,28.1,74602648.0,15467.107,Lower middle income,"Middle East, North Africa, Afghanistan & Pakistan",20939183.64008703
Iran,Women,2008,0.286662876393303,Obesity,28.7,75514204.0,15739.983,Lower middle income,"Middle East, North Africa, Afghanistan & Pakistan",21647118.92719067
Iran,Women,2009,0.292653596332476,Obesity,29.3,76457825.0,16575.07,Upper middle income,"Middle East, North Africa, Afghanistan & Pakistan",22375657.454009093
Iran,Women,2010,0.298664913678722,Obesity,29.9,77420842.0,17751.33,Upper middle income,"Middle East, North Africa, Afghanistan & Pakistan",23122889.092863973
Iran,Women,2011,0.304680872214451,Obesity,30.5,78383598.0,18024.0,Upper middle income,"Middle East, North Africa, Afghanistan & Pakistan",23881983.005946897
Iran,Women,2012,0.310701553451874,Obesity,31.1,79370580.0,17556.533,Upper middle income,"Middle East, North Africa, Afghanistan & Pakistan",24660562.50437624
Iran,Women,2013,0.316719511529297,Obesity,31.7,80414686.0,16842.896,Upper middle income,"Middle East, North Africa, Afghanistan & Pakistan",25468900.0697018
Iran,Women,2014,0.322732874118703,Obesity,32.3,81502045.0,17449.938,Upper middle income,"Middle East, North Africa, Afghanistan & Pakistan",26303389.229401868
Iran,Women,2015,0.328748283575907,Obesity,32.9,82619362.0,16922.88,Upper middle income,"Middle East, North Africa, Afghanistan & Pakistan",27160973.447636515
Iran,Women,2016,0.334722944080633,Obesity,33.5,83812228.0,17738.059,Upper middle income,"Middle East, North Africa, Afghanistan & Pakistan",28053875.706117265
Iraq,Women,1975,0.178687168900526,Obesity,17.9,11543639.0,6878.0,,"Middle East, North Africa, Afghanistan & Pakistan",2062700.171719699
Iraq,Women,1976,0.184836814498615,Obesity,18.5,11927651.0,8007.0,,"Middle East, North Africa, Afghanistan & Pakistan",2204669.0152912196
Iraq,Women,1977,0.190950303020535,Obesity,19.1,12331046.0,7957.0,,"Middle East, North Africa, Afghanistan & Pakistan",2354616.9702601563
Iraq,Women,1978,0.197022701343549,Obesity,19.7,12753355.0,9075.0,,"Middle East, North Africa, Afghanistan & Pakistan",2512700.4532932574
Iraq,Women,1979,0.203053465874236,Obesity,20.3,13170365.0,10769.0,,"Middle East, North Africa, Afghanistan & Pakistan",2674288.2600787324
Iraq,Women,1980,0.2090415671739,Obesity,20.9,13591992.0,10165.0,,"Middle East, North Africa, Afghanistan & Pakistan",2841291.3086951114
Iraq,Women,1981,0.214926402778586,Obesity,21.5,14006381.0,8035.0,,"Middle East, North Africa, Afghanistan & Pakistan",3010341.084276334
Iraq,Women,1982,0.220733487250023,Obesity,22.1,14406083.0,7704.0,,"Middle East, North Africa, Afghanistan & Pakistan",3179904.9382032733
Iraq,Women,1983,0.226463992862483,Obesity,22.6,14840555.0,6805.0,,"Middle East, North Africa, Afghanistan & Pakistan",3360851.3415952865
Iraq,Women,1984,0.232154254866005,Obesity,23.2,15310733.0,6593.0,,"Middle East, North Africa, Afghanistan & Pakistan",3554451.8110673535
Iraq,Women,1985,0.237810324280396,Obesity,23.8,15683430.0,6268.0,,"Middle East, North Africa, Afghanistan & Pakistan",3729681.574128891
Iraq,Women,1986,0.24319378508589,Obesity,24.3,16074145.0,5992.0,,"Middle East, North Africa, Afghanistan & Pakistan",3909132.1645694333
Iraq,Women,1987,0.248334705534622,Obesity,24.8,16521049.0,6052.0,Upper middle income,"Middle East, North Africa, Afghanistan & Pakistan",4102749.8385380614
Iraq,Women,1988,0.253279234804023,Obesity,25.3,16908819.0,4635.0,Upper middle income,"Middle East, North Africa, Afghanistan & Pakistan",4282652.737759725
Iraq,Women,1989,0.258044931699549,Obesity,25.8,17364542.0,4098.0,Upper middle income,"Middle East, North Africa, Afghanistan & Pakistan",4480832.05438395
Iraq,Women,1990,0.262680939832516,Obesity,26.3,17581206.0,3918.0,Upper middle income,"Middle East, North Africa, Afghanistan & Pakistan",4618247.71546907
Iraq,Women,1991,0.267035209751972,Obesity,26.7,17767253.0,1518.7421,Lower middle income,"Middle East, North Africa, Afghanistan & Pakistan",4744482.131571353
Iraq,Women,1992,0.271157861115372,Obesity,27.1,18300845.0,2046.1809,Lower middle income,"Middle East, North Africa, Afghanistan & Pakistan",4962417.98680395
Iraq,Women,1993,0.275086693581844,Obesity,27.5,19201195.0,2132.3823,Lower middle income,"Middle East, North Africa, Afghanistan & Pakistan",5281993.245370235
Iraq,Women,1994,0.27888613900727,Obesity,27.9,20139807.0,2108.538,Lower middle income,"Middle East, North Africa, Afghanistan & Pakistan",5616713.014581589
Iraq,Women,1995,0.282611808687008,Obesity,28.3,20825860.0,1996.9279,Lower middle income,"Middle East, North Africa, Afghanistan & Pakistan",5885633.962062413
Iraq,Women,1996,0.286381098961016,Obesity,28.6,21501321.0,2337.5227,Lower middle income,"Middle East, North Africa, Afghanistan & Pakistan",6157571.937093571
Iraq,Women,1997,0.29019311975073,Obesity,29.0,22176593.0,2337.948,Lower middle income,"Middle East, North Africa, Afghanistan & Pakistan",6435494.7081122
Iraq,Women,1998,0.2940748440344,Obesity,29.4,22884399.0,2794.7864,Lower middle income,"Middle East, North Africa, Afghanistan & Pakistan",6729726.066745979
Iraq,Women,1999,0.298025387021926,Obesity,29.8,23636527.0,3157.1125,Lower middle income,"Middle East, North Africa, Afghanistan & Pakistan",7044285.107029203
Iraq,Women,2000,0.30206538287082,Obesity,30.2,24424056.0,3649.493,Lower middle income,"Middle East, North Africa, Afghanistan & Pakistan",7377661.8268983485
Iraq,Women,2001,0.306257909759242,Obesity,30.6,25197840.0,4147.6484,Lower middle income,"Middle East, North Africa, Afghanistan & Pakistan",7717037.8088478185
Iraq,Women,2002,0.310602832079781,Obesity,31.1,26006559.0,4631.6523,Lower middle income,"Middle East, North Africa, Afghanistan & Pakistan",8077710.8780499175
Iraq,Women,2003,0.315096080683616,Obesity,31.5,26802659.0,3782.4526,Lower middle income,"Middle East, North Africa, Afghanistan & Pakistan",8445412.802799447
Iraq,Women,2004,0.319702883296083,Obesity,32.0,27577878.0,6061.5547,Lower middle income,"Middle East, North Africa, Afghanistan & Pakistan",8816727.111787615
Iraq,Women,2005,0.324404884311151,Obesity,32.4,28407448.0,6441.41,Lower middle income,"Middle East, North Africa, Afghanistan & Pakistan",9215514.882015038
Iraq,Women,2006,0.329223676571136,Obesity,32.9,28616515.0,7117.6133,Lower middle income,"Middle East, North Africa, Afghanistan & Pakistan",9421234.278953062
Iraq,Women,2007,0.33416996141397,Obesity,33.4,28391607.0,7587.6055,Lower middle income,"Middle East, North Africa, Afghanistan & Pakistan",9487622.2156706
Iraq,Women,2008,0.339250961553103,Obesity,33.9,28971036.0,8587.265,Lower middle income,"Middle East, North Africa, Afghanistan & Pakistan",9828451.820189564
Iraq,Women,2009,0.34443519649339,Obesity,34.4,30058206.0,9268.709,Lower middle income,"Middle East, North Africa, Afghanistan & Pakistan",10353104.089848794
Iraq,Women,2010,0.349714312316397,Obesity,35.0,31045366.0,10274.33,Lower middle income,"Middle East, North Africa, Afghanistan & Pakistan",10857008.821300853
Iraq,Women,2011,0.355102578763745,Obesity,35.5,32161424.0,11484.0,Lower middle income,"Middle East, North Africa, Afghanistan & Pakistan",11420604.5991142
Iraq,Women,2012,0.360599788864124,Obesity,36.1,33654842.0,12521.541,Upper middle income,"Middle East, North Africa, Afghanistan & Pakistan",12135928.919455454
Iraq,Women,2013,0.366169755268876,Obesity,36.6,35281989.0,12877.205,Upper middle income,"Middle East, North Africa, Afghanistan & Pakistan",12919197.277529176
Iraq,Women,2014,0.37182196643904,Obesity,37.2,36550059.0,12559.504,Upper middle income,"Middle East, North Africa, Afghanistan & Pakistan",13590114.810842931
Iraq,Women,2015,0.377543250985429,Obesity,37.8,37560535.0,12574.508,Upper middle income,"Middle East, North Africa, Afghanistan & Pakistan",14180726.492651992
Iraq,Women,2016,0.383327644969471,Obesity,38.3,38469627.0,14173.763,Upper middle income,"Middle East, North Africa, Afghanistan & Pakistan",14746471.520763976
Israel,Women,1975,0.1706590565525,Obesity,17.1,3455000.0,16176.0,,"Middle East, North Africa, Afghanistan & Pakistan",589627.0403888875
Israel,Women,1976,0.173839982942817,Obesity,17.4,3533000.0,16053.0,,"Middle East, North Africa, Afghanistan & Pakistan",614176.6597369724
Israel,Women,1977,0.176979997762685,Obesity,17.7,3613000.0,15721.0,,"Middle East, North Africa, Afghanistan & Pakistan",639428.7319165809
Israel,Women,1978,0.180093933589763,Obesity,18.0,3690000.0,16139.0,,"Middle East, North Africa, Afghanistan & Pakistan",664546.6149462254
Israel,Women,1979,0.183198916626696,Obesity,18.3,3786000.0,16761.0,,"Middle East, North Africa, Afghanistan & Pakistan",693591.098348671
Israel,Women,1980,0.186293634564129,Obesity,18.6,3878000.0,17508.0,,"Middle East, North Africa, Afghanistan & Pakistan",722446.7148396923
Israel,Women,1981,0.189323278281949,Obesity,18.9,3956000.0,18103.0,,"Middle East, North Africa, Afghanistan & Pakistan",748962.8888833902
Israel,Women,1982,0.192298780402229,Obesity,19.2,4031000.0,18155.0,,"Middle East, North Africa, Afghanistan & Pakistan",775156.3838013851
Israel,Women,1983,0.195222809642822,Obesity,19.5,4105000.0,18468.0,,"Middle East, North Africa, Afghanistan & Pakistan",801389.6335837842
Israel,Women,1984,0.198116595807818,Obesity,19.8,4159000.0,18305.0,,"Middle East, North Africa, Afghanistan & Pakistan",823966.9219647151
Israel,Women,1985,0.200983644044309,Obesity,20.1,4233000.0,18605.0,,"Middle East, North Africa, Afghanistan & Pakistan",850763.7652395599
Israel,Women,1986,0.203783877484977,Obesity,20.4,4299000.0,19160.0,,"Middle East, North Africa, Afghanistan & Pakistan",876066.8893079162
Israel,Women,1987,0.206528122395503,Obesity,20.7,4369000.0,20196.0,High income,"Middle East, North Africa, Afghanistan & Pakistan",902321.3667459526
Israel,Women,1988,0.209240274546747,Obesity,20.9,4442000.0,20256.0,High income,"Middle East, North Africa, Afghanistan & Pakistan",929445.2995366502
Israel,Women,1989,0.211915899027634,Obesity,21.2,4518000.0,20091.0,High income,"Middle East, North Africa, Afghanistan & Pakistan",957436.0318068505
Israel,Women,1990,0.214559163224927,Obesity,21.5,4660000.0,20829.0,High income,"Middle East, North Africa, Afghanistan & Pakistan",999845.7006281598
Israel,Women,1991,0.217201289194056,Obesity,21.7,4949000.0,20912.941,High income,"Middle East, North Africa, Afghanistan & Pakistan",1074929.1802213832
Israel,Women,1992,0.219824015120554,Obesity,22.0,5123000.0,21531.596,High income,"Middle East, North Africa, Afghanistan & Pakistan",1126158.4294625982
Israel,Women,1993,0.222430970209926,Obesity,22.2,5261000.0,21484.979,High income,"Middle East, North Africa, Afghanistan & Pakistan",1170209.3342744207
Israel,Women,1994,0.225020258845611,Obesity,22.5,5399000.0,22128.805,High income,"Middle East, North Africa, Afghanistan & Pakistan",1214884.3775074538
Israel,Women,1995,0.227611129017872,Obesity,22.8,5545000.0,23378.16,High income,"Middle East, North Africa, Afghanistan & Pakistan",1262103.7104041004
Israel,Women,1996,0.230177562630762,Obesity,23.0,5692000.0,23979.996,High income,"Middle East, North Africa, Afghanistan & Pakistan",1310170.6864942973
Israel,Women,1997,0.232713200212407,Obesity,23.3,5836000.0,24226.73,High income,"Middle East, North Africa, Afghanistan & Pakistan",1358114.236439607
Israel,Women,1998,0.235223196620233,Obesity,23.5,5971000.0,24506.16,High income,"Middle East, North Africa, Afghanistan & Pakistan",1404517.7070194113
Israel,Women,1999,0.23769062658041,Obesity,23.8,6125000.0,24644.205,High income,"Middle East, North Africa, Afghanistan & Pakistan",1455855.0878050113
Israel,Women,2000,0.24011955614884,Obesity,24.0,6289000.0,26058.84,High income,"Middle East, North Africa, Afghanistan & Pakistan",1510111.8886200548
Israel,Women,2001,0.242512302854646,Obesity,24.3,6439000.0,25427.32,High income,"Middle East, North Africa, Afghanistan & Pakistan",1561536.7180810657
Israel,Women,2002,0.244842899659253,Obesity,24.5,6570000.0,24823.553,High income,"Middle East, North Africa, Afghanistan & Pakistan",1608617.850761292
Israel,Women,2003,0.247113420665399,Obesity,24.7,6689700.0,24545.244,High income,"Middle East, North Africa, Afghanistan & Pakistan",1653114.6502253197
Israel,Women,2004,0.24931272521846,Obesity,24.9,6809000.0,25210.879,High income,"Middle East, North Africa, Afghanistan & Pakistan",1697570.3460124943
Israel,Women,2005,0.251461677763566,Obesity,25.1,6930100.0,25686.406,High income,"Middle East, North Africa, Afghanistan & Pakistan",1742654.5730692886
Israel,Women,2006,0.253540315895465,Obesity,25.4,7053700.0,26571.256,High income,"Middle East, North Africa, Afghanistan & Pakistan",1788397.3262318415
Israel,Women,2007,0.255567024104807,Obesity,25.6,7180100.0,27624.883,High income,"Middle East, North Africa, Afghanistan & Pakistan",1834996.7897749245
Israel,Women,2008,0.257548988987223,Obesity,25.8,7308800.0,27857.62,High income,"Middle East, North Africa, Afghanistan & Pakistan",1882374.0507098155
Israel,Women,2009,0.259500951578425,Obesity,26.0,7485600.0,27644.697,High income,"Middle East, North Africa, Afghanistan & Pakistan",1942520.3231354582
Israel,Women,2010,0.261419561680245,Obesity,26.1,7623600.0,28575.531,High income,"Middle East, North Africa, Afghanistan & Pakistan",1992958.1704255156
Israel,Women,2011,0.263331469313949,Obesity,26.3,7765800.0,29370.0,High income,"Middle East, North Africa, Afghanistan & Pakistan",2044979.5243982652
Israel,Women,2012,0.265244231140838,Obesity,26.5,7910500.0,29580.836,High income,"Middle East, North Africa, Afghanistan & Pakistan",2098214.490439599
Israel,Women,2013,0.267153087115968,Obesity,26.7,8059500.0,30316.602,High income,"Middle East, North Africa, Afghanistan & Pakistan",2153120.3056111443
Israel,Women,2014,0.269072004225554,Obesity,26.9,8215700.0,30906.148,High income,"Middle East, North Africa, Afghanistan & Pakistan",2210614.8651158838
Israel,Women,2015,0.271025305733531,Obesity,27.1,8380100.0,31050.408,High income,"Middle East, North Africa, Afghanistan & Pakistan",2271219.1645775633
Israel,Women,2016,0.273018635045367,Obesity,27.3,8546000.0,31822.875,High income,"Middle East, North Africa, Afghanistan & Pakistan",2333217.2550977063
Jordan,Women,1975,0.193084972830727,Obesity,19.3,1899055.0,4117.0,,"Middle East, North Africa, Afghanistan & Pakistan",366678.98307905626
Jordan,Women,1976,0.197809413059796,Obesity,19.8,1958177.0,4935.0,,"Middle East, North Africa, Afghanistan & Pakistan",387345.8430371921
Jordan,Women,1977,0.202675929991773,Obesity,20.3,2019002.0,5072.0,,"Middle East, North Africa, Afghanistan & Pakistan",409203.1080052497
Jordan,Women,1978,0.207674292289165,Obesity,20.8,2083595.0,5926.0,,"Middle East, North Africa, Afghanistan & Pakistan",432709.1170422428
Jordan,Women,1979,0.212771278254697,Obesity,21.3,2153882.0,6247.0,,"Middle East, North Africa, Afghanistan & Pakistan",458284.22634978325
Jordan,Women,1980,0.217973411253202,Obesity,21.8,2234186.0,7141.0,,"Middle East, North Africa, Afghanistan & Pakistan",486993.14379414637
Jordan,Women,1981,0.223810020700683,Obesity,22.4,2325517.0,7176.0,,"Middle East, North Africa, Afghanistan & Pakistan",520474.00790979026
Jordan,Women,1982,0.230215318119596,Obesity,23.0,2426927.0,7401.0,,"Middle East, North Africa, Afghanistan & Pakistan",558715.7713580368
Jordan,Women,1983,0.237130584405831,Obesity,23.7,2537307.0,7262.0,,"Middle East, North Africa, Afghanistan & Pakistan",601673.0917270059
Jordan,Women,1984,0.244493921059497,Obesity,24.4,2654688.0,7599.0,,"Middle East, North Africa, Afghanistan & Pakistan",649055.078309594
Jordan,Women,1985,0.252228158931383,Obesity,25.2,2778810.0,7578.0,,"Middle East, North Africa, Afghanistan & Pakistan",700894.1303201164
Jordan,Women,1986,0.26016519438972,Obesity,26.0,2909887.0,7973.0,,"Middle East, North Africa, Afghanistan & Pakistan",757051.3170071192
Jordan,Women,1987,0.268280088951994,Obesity,26.8,3047634.0,7911.0,Lower middle income,"Middle East, North Africa, Afghanistan & Pakistan",817619.5206131213
Jordan,Women,1988,0.276506455171729,Obesity,27.7,3193039.0,7571.0,Lower middle income,"Middle East, North Africa, Afghanistan & Pakistan",882895.8951150824
Jordan,Women,1989,0.284775736161372,Obesity,28.5,3349627.0,6540.0,Lower middle income,"Middle East, North Africa, Afghanistan & Pakistan",953892.494791008
Jordan,Women,1990,0.293031453655497,Obesity,29.3,3621908.0,6044.0,Lower middle income,"Middle East, North Africa, Afghanistan & Pakistan",1061332.9662464738
Jordan,Women,1991,0.301091169521079,Obesity,30.1,3915149.0,5900.5093,Lower middle income,"Middle East, North Africa, Afghanistan & Pakistan",1178816.791259283
Jordan,Women,1992,0.308978976884108,Obesity,30.9,4127693.0,6456.123,Lower middle income,"Middle East, North Africa, Afghanistan & Pakistan",1275370.3600316944
Jordan,Women,1993,0.316701422974818,Obesity,31.7,4348020.0,6460.6626,Lower middle income,"Middle East, North Africa, Afghanistan & Pakistan",1377024.1211229682
Jordan,Women,1994,0.324277460046099,Obesity,32.4,4561406.0,6538.1733,Lower middle income,"Middle East, North Africa, Afghanistan & Pakistan",1479161.1519190362
Jordan,Women,1995,0.331706092738331,Obesity,33.2,4752096.0,6760.1084,Lower middle income,"Middle East, North Africa, Afghanistan & Pakistan",1576299.1964774518
Jordan,Women,1996,0.33862721131902,Obesity,33.9,4912516.0,6783.229,Lower middle income,"Middle East, North Africa, Afghanistan & Pakistan",1663511.593640067
Jordan,Women,1997,0.34511891785254,Obesity,34.5,5046285.0,6942.459,Lower middle income,"Middle East, North Africa, Afghanistan & Pakistan",1741568.418375505
Jordan,Women,1998,0.351237842228253,Obesity,35.1,5164284.0,7120.4937,Lower middle income,"Middle East, North Africa, Afghanistan & Pakistan",1813891.9688138913
Jordan,Women,1999,0.357032516287735,Obesity,35.7,5276444.0,7340.4937,Lower middle income,"Middle East, North Africa, Afghanistan & Pakistan",1883862.0783713218
Jordan,Women,2000,0.362579099062678,Obesity,36.3,5386945.0,7621.841,Lower middle income,"Middle East, North Africa, Afghanistan & Pakistan",1953193.6648001978
Jordan,Women,2001,0.367950663531126,Obesity,36.8,5498894.0,7982.7407,Lower middle income,"Middle East, North Africa, Afghanistan & Pakistan",2023321.6959873275
Jordan,Women,2002,0.373196146896035,Obesity,37.3,5616066.0,8394.055,Lower middle income,"Middle East, North Africa, Afghanistan & Pakistan",2095894.1919138276
Jordan,Women,2003,0.378342967016736,Obesity,37.8,5741828.0,8669.625,Lower middle income,"Middle East, North Africa, Afghanistan & Pakistan",2172380.241619771
Jordan,Women,2004,0.383414335184743,Obesity,38.3,5882061.0,9288.616,Lower middle income,"Middle East, North Africa, Afghanistan & Pakistan",2255266.5078311046
Jordan,Women,2005,0.388462724457815,Obesity,38.8,6029587.0,9860.809,Lower middle income,"Middle East, North Africa, Afghanistan & Pakistan",2342269.793375423
Jordan,Women,2006,0.393536765777321,Obesity,39.4,6427371.0,10404.562,Lower middle income,"Middle East, North Africa, Afghanistan & Pakistan",2529406.7957909456
Jordan,Women,2007,0.398661173907639,Obesity,39.9,6827227.0,10938.805,Lower middle income,"Middle East, North Africa, Afghanistan & Pakistan",2721750.3303539283
Jordan,Women,2008,0.403842844607645,Obesity,40.4,6989866.0,11378.256,Lower middle income,"Middle East, North Africa, Afghanistan & Pakistan",2822807.368866261
Jordan,Women,2009,0.409052102317425,Obesity,40.9,7141753.0,11651.25,Lower middle income,"Middle East, North Africa, Afghanistan & Pakistan",2921349.078881777
Jordan,Women,2010,0.414316720597673,Obesity,41.4,7297043.0,11601.088,Upper middle income,"Middle East, North Africa, Afghanistan & Pakistan",3023286.9258202054
Jordan,Women,2011,0.419600579805918,Obesity,42.0,7480424.0,11615.0,Upper middle income,"Middle East, North Africa, Afghanistan & Pakistan",3138790.247594104
Jordan,Women,2012,0.424882666846586,Obesity,42.5,7587127.0,11704.657,Upper middle income,"Middle East, North Africa, Afghanistan & Pakistan",3223638.753463737
Jordan,Women,2013,0.430177052028781,Obesity,43.0,7991809.0,10834.426,Upper middle income,"Middle East, North Africa, Afghanistan & Pakistan",3437892.83599708
Jordan,Women,2014,0.435471838726798,Obesity,43.5,8791710.0,9765.811,Upper middle income,"Middle East, North Africa, Afghanistan & Pakistan",3828542.119252777
Jordan,Women,2015,0.44075885272891,Obesity,44.1,9544729.0,9307.248,Upper middle income,"Middle East, North Africa, Afghanistan & Pakistan",4206923.803648356
Jordan,Women,2016,0.446041603783368,Obesity,44.6,10006367.0,9149.412,Lower middle income,"Middle East, North Africa, Afghanistan & Pakistan",4463255.984724969
Kuwait,Women,1975,0.290881191273446,Obesity,29.1,1104863.0,28950.0,,"Middle East, North Africa, Afghanistan & Pakistan",321383.8656339534
Kuwait,Women,1976,0.297065320114593,Obesity,29.7,1178711.0,28956.0,,"Middle East, North Africa, Afghanistan & Pakistan",350154.1605375921
Kuwait,Women,1977,0.303332472036255,Obesity,30.3,1258023.0,26168.0,,"Middle East, North Africa, Afghanistan & Pakistan",381599.22646846564
Kuwait,Women,1978,0.309679792675216,Obesity,31.0,1340319.0,26363.0,,"Middle East, North Africa, Afghanistan & Pakistan",415069.7100386528
Kuwait,Women,1979,0.316094082809376,Obesity,31.6,1423514.0,28174.0,,"Middle East, North Africa, Afghanistan & Pakistan",449964.3521963061
Kuwait,Women,1980,0.322583613546783,Obesity,32.3,1504782.0,21154.0,,"Middle East, North Africa, Afghanistan & Pakistan",485418.0151601552
Kuwait,Women,1981,0.328864873518547,Obesity,32.9,1583426.0,16402.0,,"Middle East, North Africa, Afghanistan & Pakistan",520733.19121597876
Kuwait,Women,1982,0.334946719858552,Obesity,33.5,1662480.0,13845.0,,"Middle East, North Africa, Afghanistan & Pakistan",556842.2228304455
Kuwait,Women,1983,0.340845347848385,Obesity,34.1,1744295.0,14292.0,,"Middle East, North Africa, Afghanistan & Pakistan",594534.8360251987
Kuwait,Women,1984,0.34656718873306,Obesity,34.7,1820688.0,14384.0,,"Middle East, North Africa, Afghanistan & Pakistan",630990.7217200176
Kuwait,Women,1985,0.352135187679428,Obesity,35.2,1894242.0,13015.0,,"Middle East, North Africa, Afghanistan & Pakistan",667029.262180255
Kuwait,Women,1986,0.357190933145202,Obesity,35.7,1972520.0,13509.0,,"Middle East, North Africa, Afghanistan & Pakistan",704566.2594475739
Kuwait,Women,1987,0.361836924427493,Obesity,36.2,2052994.0,12416.0,High income,"Middle East, North Africa, Afghanistan & Pakistan",742849.0348280965
Kuwait,Women,1988,0.366137462843566,Obesity,36.6,2134707.0,12317.0,High income,"Middle East, North Africa, Afghanistan & Pakistan",781596.2048944003
Kuwait,Women,1989,0.37013762463298,Obesity,37.0,2217468.0,12701.0,High income,"Middle East, North Africa, Afghanistan & Pakistan",820768.3382196449
Kuwait,Women,1990,0.37391963178434,Obesity,37.4,1684819.0,9757.0,High income,"Middle East, North Africa, Afghanistan & Pakistan",629986.90010326
Kuwait,Women,1991,0.377532637370674,Obesity,37.8,1351399.0,6310.9067,High income,"Middle East, North Africa, Afghanistan & Pakistan",510197.2286100915
Kuwait,Women,1992,0.381025178559526,Obesity,38.1,1634961.0,12965.067,High income,"Middle East, North Africa, Afghanistan & Pakistan",622961.3069628612
Kuwait,Women,1993,0.384440460178086,Obesity,38.4,1672151.0,19955.314,High income,"Middle East, North Africa, Afghanistan & Pakistan",642842.4999272466
Kuwait,Women,1994,0.387806743891053,Obesity,38.8,1664361.0,24532.414,High income,"Middle East, North Africa, Afghanistan & Pakistan",645450.4200692569
Kuwait,Women,1995,0.391181467365921,Obesity,39.1,1681513.0,27552.96,High income,"Middle East, North Africa, Afghanistan & Pakistan",657776.7227348719
Kuwait,Women,1996,0.394594960447978,Obesity,39.5,1730246.0,29612.66,High income,"Middle East, North Africa, Afghanistan & Pakistan",682746.3519352721
Kuwait,Women,1997,0.398040337902655,Obesity,39.8,1787683.0,31511.191,High income,"Middle East, North Africa, Afghanistan & Pakistan",711569.945382832
Kuwait,Women,1998,0.401516190655856,Obesity,40.2,1844302.0,33331.297,High income,"Middle East, North Africa, Afghanistan & Pakistan",740517.1134589765
Kuwait,Women,1999,0.405023244995282,Obesity,40.5,1900030.0,33351.195,High income,"Middle East, North Africa, Afghanistan & Pakistan",769556.3161883856
Kuwait,Women,2000,0.408541210737208,Obesity,40.9,1954709.0,35844.746,High income,"Middle East, North Africa, Afghanistan & Pakistan",798579.1814989172
Kuwait,Women,2001,0.412105708208693,Obesity,41.2,2008121.0,37225.87,High income,"Middle East, North Africa, Afghanistan & Pakistan",827558.1268737488
Kuwait,Women,2002,0.415714040270883,Obesity,41.6,2059974.0,39943.15,High income,"Middle East, North Africa, Afghanistan & Pakistan",856360.114392972
Kuwait,Women,2003,0.419360350118773,Obesity,41.9,2109881.0,48809.71,High income,"Middle East, North Africa, Afghanistan & Pakistan",884800.4348689469
Kuwait,Women,2004,0.423047979861297,Obesity,42.3,2157320.0,55911.793,High income,"Middle East, North Africa, Afghanistan & Pakistan",912649.8679143733
Kuwait,Women,2005,0.426760159543642,Obesity,42.7,2236788.0,62959.6,High income,"Middle East, North Africa, Afghanistan & Pakistan",954572.0037453038
Kuwait,Women,2006,0.430510127844756,Obesity,43.1,2364733.0,68546.14,High income,"Middle East, North Africa, Afghanistan & Pakistan",1018041.5061487134
Kuwait,Women,2007,0.434334216356098,Obesity,43.4,2507887.0,73096.87,High income,"Middle East, North Africa, Afghanistan & Pakistan",1089261.1348546455
Kuwait,Women,2008,0.4382338594412,Obesity,43.8,2651421.0,75138.12,High income,"Middle East, North Africa, Afghanistan & Pakistan",1161942.457833446
Kuwait,Women,2009,0.442175053853339,Obesity,44.2,2795484.0,70072.73,High income,"Middle East, North Africa, Afghanistan & Pakistan",1236093.2882461476
Kuwait,Women,2010,0.446168301526041,Obesity,44.6,2943372.0,68865.31,High income,"Middle East, North Africa, Afghanistan & Pakistan",1313239.2859993062
Kuwait,Women,2011,0.450206551511122,Obesity,45.0,3132814.0,77126.0,High income,"Middle East, North Africa, Afghanistan & Pakistan",1410413.387465764
Kuwait,Women,2012,0.45427974082844,Obesity,45.4,3337109.0,80657.13,High income,"Middle East, North Africa, Afghanistan & Pakistan",1515981.0116362546
Kuwait,Women,2013,0.4583756830486,Obesity,45.8,3507844.0,80098.64,High income,"Middle East, North Africa, Afghanistan & Pakistan",1607910.3895279332
Kuwait,Women,2014,0.462492216920866,Obesity,46.2,3665876.0,79103.414,High income,"Middle East, North Africa, Afghanistan & Pakistan",1695439.1181969966
Kuwait,Women,2015,0.466636385390269,Obesity,46.7,3834574.0,78261.195,High income,"Middle East, North Africa, Afghanistan & Pakistan",1789351.7508715054
Kuwait,Women,2016,0.470802945456947,Obesity,47.1,4004096.0,79289.17,High income,"Middle East, North Africa, Afghanistan & Pakistan",1885140.1906923796
Lebanon,Women,1975,0.165876945960125,Obesity,16.6,2693191.0,5742.0,,"Middle East, North Africa, Afghanistan & Pakistan",446738.29796729505
Lebanon,Women,1976,0.17310321608935,Obesity,17.3,2726469.0,2442.0,,"Middle East, North Africa, Afghanistan & Pakistan",471960.552467914
Lebanon,Women,1977,0.180298788399946,Obesity,18.0,2762155.0,4417.0,,"Middle East, North Africa, Afghanistan & Pakistan",498013.1998728529
Lebanon,Women,1978,0.187482240852758,Obesity,18.7,2822682.0,4218.0,,"Middle East, North Africa, Afghanistan & Pakistan",529202.7465747447
Lebanon,Women,1979,0.194636939363794,Obesity,19.5,2882635.0,4536.0,,"Middle East, North Africa, Afghanistan & Pakistan",561067.2537029503
Lebanon,Women,1980,0.201790571710934,Obesity,20.2,2944763.0,4608.0,,"Middle East, North Africa, Afghanistan & Pakistan",594225.4093232051
Lebanon,Women,1981,0.208840895920659,Obesity,20.9,3008981.0,4549.0,,"Middle East, North Africa, Afghanistan & Pakistan",628398.2878482405
Lebanon,Women,1982,0.21578536920985,Obesity,21.6,3054931.0,2823.0,,"Middle East, North Africa, Afghanistan & Pakistan",659209.4137456163
Lebanon,Women,1983,0.222654580076117,Obesity,22.3,3094996.0,3402.0,,"Middle East, North Africa, Afghanistan & Pakistan",689115.0347172618
Lebanon,Women,1984,0.229449311726406,Obesity,22.9,3152744.0,4828.0,,"Middle East, North Africa, Afghanistan & Pakistan",723394.9408495562
Lebanon,Women,1985,0.236186793521019,Obesity,23.6,3217376.0,5895.0,,"Middle East, North Africa, Afghanistan & Pakistan",759901.720991482
Lebanon,Women,1986,0.24266447039648,Obesity,24.3,3300365.0,5400.0,,"Middle East, North Africa, Afghanistan & Pakistan",800881.3248400787
Lebanon,Women,1987,0.248912039768002,Obesity,24.9,3385555.0,6202.0,Lower middle income,"Middle East, North Africa, Afghanistan & Pakistan",842705.400796758
Lebanon,Women,1988,0.254963648699444,Obesity,25.5,3454649.0,4385.0,Lower middle income,"Middle East, North Africa, Afghanistan & Pakistan",880809.9140158854
Lebanon,Women,1989,0.26084416696606,Obesity,26.1,3525285.0,2488.0,Lower middle income,"Middle East, North Africa, Afghanistan & Pakistan",919550.0291429468
Lebanon,Women,1990,0.266596676928594,Obesity,26.7,3595175.0,3086.0,Lower middle income,"Middle East, North Africa, Afghanistan & Pakistan",958461.707976758
Lebanon,Women,1991,0.272028182189275,Obesity,27.2,3668912.0,4326.2993,Lower middle income,"Middle East, North Africa, Afghanistan & Pakistan",998047.4619724173
Lebanon,Women,1992,0.277195157634384,Obesity,27.7,3747371.0,4618.0054,Lower middle income,"Middle East, North Africa, Afghanistan & Pakistan",1038753.0950595193
Lebanon,Women,1993,0.282128465271359,Obesity,28.2,3820647.0,5053.2803,Lower middle income,"Middle East, North Africa, Afghanistan & Pakistan",1077913.2744536218
Lebanon,Women,1994,0.286870869751374,Obesity,28.7,3889799.0,5585.667,Lower middle income,"Middle East, North Africa, Afghanistan & Pakistan",1115870.022288025
Lebanon,Women,1995,0.291485843465715,Obesity,29.1,3960735.0,6095.397,Lower middle income,"Middle East, North Africa, Afghanistan & Pakistan",1154498.1822191786
Lebanon,Women,1996,0.29598057460721,Obesity,29.6,4034781.0,6567.4004,Lower middle income,"Middle East, North Africa, Afghanistan & Pakistan",1194216.7987942533
Lebanon,Women,1997,0.300370502192813,Obesity,30.0,4108405.0,6581.053,Upper middle income,"Middle East, North Africa, Afghanistan & Pakistan",1234043.673061464
Lebanon,Women,1998,0.304710017728427,Obesity,30.5,4181281.0,6994.1567,Upper middle income,"Middle East, North Africa, Afghanistan & Pakistan",1274078.207637535
Lebanon,Women,1999,0.309009195505671,Obesity,30.9,4255277.0,7147.5547,Upper middle income,"Middle East, North Africa, Afghanistan & Pakistan",1314919.7224237854
Lebanon,Women,2000,0.31328056249904,Obesity,31.3,4329340.0,7405.707,Upper middle income,"Middle East, North Africa, Afghanistan & Pakistan",1356298.070449594
Lebanon,Women,2001,0.317509327836139,Obesity,31.8,4401918.0,7836.8267,Upper middle income,"Middle East, North Africa, Afghanistan & Pakistan",1397650.0253698013
Lebanon,Women,2002,0.321715925269273,Obesity,32.2,4463504.0,8248.101,Upper middle income,"Middle East, North Africa, Afghanistan & Pakistan",1435980.3193031012
Lebanon,Women,2003,0.325904116962348,Obesity,32.6,4525508.0,8671.1875,Upper middle income,"Middle East, North Africa, Afghanistan & Pakistan",1474881.6885460415
Lebanon,Women,2004,0.330090727078525,Obesity,33.0,4599279.0,9491.61,Upper middle income,"Middle East, North Africa, Afghanistan & Pakistan",1518179.3491469913
Lebanon,Women,2005,0.334280980565717,Obesity,33.4,4671102.0,9933.082,Upper middle income,"Middle East, North Africa, Afghanistan & Pakistan",1561460.5568824818
Lebanon,Women,2006,0.338506344106657,Obesity,33.9,4751136.0,10236.868,Upper middle income,"Middle East, North Africa, Afghanistan & Pakistan",1608289.6777135257
Lebanon,Women,2007,0.342790304668622,Obesity,34.3,4844118.0,11276.507,Upper middle income,"Middle East, North Africa, Afghanistan & Pakistan",1660516.6850707557
Lebanon,Women,2008,0.347160931583476,Obesity,34.7,4925354.0,12479.107,Upper middle income,"Middle East, North Africa, Afghanistan & Pakistan",1709890.4830184
Lebanon,Women,2009,0.351595222547557,Obesity,35.2,4992287.0,14039.346,Upper middle income,"Middle East, North Africa, Afghanistan & Pakistan",1755264.2587862755
Lebanon,Women,2010,0.356102955036185,Obesity,35.6,5041288.0,15622.367,Upper middle income,"Middle East, North Africa, Afghanistan & Pakistan",1795217.553988459
Lebanon,Women,2011,0.360678483741301,Obesity,36.1,5096020.0,16230.0,Upper middle income,"Middle East, North Africa, Afghanistan & Pakistan",1838024.7667153447
Lebanon,Women,2012,0.365319776777048,Obesity,36.5,5235742.0,16284.763,Upper middle income,"Middle East, North Africa, Afghanistan & Pakistan",1912720.098702215
Lebanon,Women,2013,0.370009988904674,Obesity,37.0,5743436.0,15145.569,Upper middle income,"Middle East, North Africa, Afghanistan & Pakistan",2125128.690634705
Lebanon,Women,2014,0.374763781359875,Obesity,37.5,6346990.0,13586.273,Upper middle income,"Middle East, North Africa, Afghanistan & Pakistan",2378621.972653313
Lebanon,Women,2015,0.379546648976611,Obesity,38.0,6472469.0,12982.721,Upper middle income,"Middle East, North Africa, Afghanistan & Pakistan",2456603.9195549963
Lebanon,Women,2016,0.384367193297194,Obesity,38.4,6323060.0,13073.557,Upper middle income,"Middle East, North Africa, Afghanistan & Pakistan",2430376.8252497553
Libya,Women,1975,0.170266421313951,Obesity,17.0,2571556.0,6872.0,,"Middle East, North Africa, Afghanistan & Pakistan",437849.6373284186
Libya,Women,1976,0.181117082281796,Obesity,18.1,2721237.0,8142.0,,"Middle East, North Africa, Afghanistan & Pakistan",492862.50563726766
Libya,Women,1977,0.191450295188443,Obesity,19.1,2881533.0,8682.0,,"Middle East, North Africa, Afghanistan & Pakistan",551670.3434452397
Libya,Women,1978,0.201312092537815,Obesity,20.1,3052526.0,8730.0,,"Middle East, North Africa, Afghanistan & Pakistan",614510.3965860863
Libya,Women,1979,0.210757031042497,Obesity,21.1,3233846.0,9086.0,,"Middle East, North Africa, Afghanistan & Pakistan",681555.7818086547
Libya,Women,1980,0.219855109411696,Obesity,22.0,3424378.0,8741.0,,"Middle East, North Africa, Afghanistan & Pakistan",752866.9998570047
Libya,Women,1981,0.228461257958262,Obesity,22.8,3621486.0,6760.0,,"Middle East, North Africa, Afghanistan & Pakistan",827369.2472382344
Libya,Women,1982,0.23664575051056,Obesity,23.7,3724765.0,6661.0,,"Middle East, North Africa, Afghanistan & Pakistan",881449.8089004661
Libya,Women,1983,0.244474729984335,Obesity,24.4,3718961.0,6237.0,,"Middle East, North Africa, Afghanistan & Pakistan",909191.9862972725
Libya,Women,1984,0.252043112480359,Obesity,25.2,3773633.0,5695.0,,"Middle East, North Africa, Afghanistan & Pakistan",951118.2066785946
Libya,Women,1985,0.259414125824295,Obesity,25.9,3898745.0,6092.0,,"Middle East, North Africa, Afghanistan & Pakistan",1011389.5259868411
Libya,Women,1986,0.266090967067225,Obesity,26.6,4017403.0,5370.0,,"Middle East, North Africa, Afghanistan & Pakistan",1068994.649368771
Libya,Women,1987,0.272168835876537,Obesity,27.2,4129739.0,4465.0,Upper middle income,"Middle East, North Africa, Afghanistan & Pakistan",1123986.256103934
Libya,Women,1988,0.277738422874221,Obesity,27.8,4237755.0,4670.0,Upper middle income,"Middle East, North Africa, Afghanistan & Pakistan",1176987.3902273446
Libya,Women,1989,0.28286979892536,Obesity,28.3,4342920.0,4873.0,Upper middle income,"Middle East, North Africa, Afghanistan & Pakistan",1228480.9071489244
Libya,Women,1990,0.287650138730758,Obesity,28.8,4445239.0,4921.0,Upper middle income,"Middle East, North Africa, Afghanistan & Pakistan",1278673.615041376
Libya,Women,1991,0.29216962228033,Obesity,29.2,4544400.0,5977.337,Upper middle income,"Middle East, North Africa, Afghanistan & Pakistan",1327735.6314907316
Libya,Women,1992,0.296515091136962,Obesity,29.7,4640352.0,6113.3535,Upper middle income,"Middle East, North Africa, Afghanistan & Pakistan",1375934.396187584
Libya,Women,1993,0.300734609301305,Obesity,30.1,4733045.0,6190.681,Upper middle income,"Middle East, North Africa, Afghanistan & Pakistan",1423390.4388804953
Libya,Women,1994,0.304877116689054,Obesity,30.5,4822037.0,6645.0767,Upper middle income,"Middle East, North Africa, Afghanistan & Pakistan",1470128.7371279357
Libya,Women,1995,0.309016557665468,Obesity,30.9,4906843.0,6898.952,Upper middle income,"Middle East, North Africa, Afghanistan & Pakistan",1516295.732864898
Libya,Women,1996,0.313213124444425,Obesity,31.3,4987393.0,7543.9355,Upper middle income,"Middle East, North Africa, Afghanistan & Pakistan",1562116.944362254
Libya,Women,1997,0.317446299667083,Obesity,31.7,5064639.0,8422.215,Upper middle income,"Middle East, North Africa, Afghanistan & Pakistan",1607750.9096995955
Libya,Women,1998,0.321729123140032,Obesity,32.2,5140704.0,8545.48,Upper middle income,"Middle East, North Africa, Afghanistan & Pakistan",1653914.190242455
Libya,Women,1999,0.326052363800614,Obesity,32.6,5218038.0,9064.067,Upper middle income,"Middle East, North Africa, Afghanistan & Pakistan",1701353.6243014282
Libya,Women,2000,0.330412591980551,Obesity,33.0,5305021.0,9770.98,Upper middle income,"Middle East, North Africa, Afghanistan & Pakistan",1752845.7391212548
Libya,Women,2001,0.334837914123102,Obesity,33.5,5403639.0,10354.482,Upper middle income,"Middle East, North Africa, Afghanistan & Pakistan",1809343.2114342446
Libya,Women,2002,0.339350946065379,Obesity,33.9,5508410.0,10787.675,Upper middle income,"Middle East, North Africa, Afghanistan & Pakistan",1869284.1448159944
Libya,Women,2003,0.343948081353589,Obesity,34.4,5619398.0,12870.574,Upper middle income,"Middle East, North Africa, Afghanistan & Pakistan",1932781.1604621953
Libya,Women,2004,0.34860173027875,Obesity,34.9,5736693.0,14193.259,Upper middle income,"Middle East, North Africa, Afghanistan & Pakistan",1999821.1058779934
Libya,Women,2005,0.353314866638129,Obesity,35.3,5858798.0,16538.557,Upper middle income,"Middle East, North Africa, Afghanistan & Pakistan",2070000.4340297368
Libya,Women,2006,0.358125140046505,Obesity,35.8,5980211.0,18657.062,Upper middle income,"Middle East, North Africa, Afghanistan & Pakistan",2141663.9018826494
Libya,Women,2007,0.363040774341902,Obesity,36.3,6104380.0,20731.719,Upper middle income,"Middle East, North Africa, Afghanistan & Pakistan",2216138.84207722
Libya,Women,2008,0.368064478677034,Obesity,36.8,6235430.0,25140.6,Upper middle income,"Middle East, North Africa, Afghanistan & Pakistan",2295040.292277138
Libya,Women,2009,0.373160598549325,Obesity,37.3,6366686.0,26403.787,Upper middle income,"Middle East, North Africa, Afghanistan & Pakistan",2375796.358535608
Libya,Women,2010,0.378344199811632,Obesity,37.8,6497839.0,29157.143,Upper middle income,"Middle East, North Africa, Afghanistan & Pakistan",2458419.696959815
Libya,Women,2011,0.383616196535915,Obesity,38.4,6343203.0,12893.0,Upper middle income,"Middle East, North Africa, Afghanistan & Pakistan",2433355.4087152057
Libya,Women,2012,0.388958109030837,Obesity,38.9,6179328.0,25302.516,Upper middle income,"Middle East, North Africa, Afghanistan & Pakistan",2403499.7339613037
Libya,Women,2013,0.39435576899418,Obesity,39.4,6304628.0,20190.09,Upper middle income,"Middle East, North Africa, Afghanistan & Pakistan",2486266.423162239
Libya,Women,2014,0.399805950777874,Obesity,40.0,6427252.0,15154.099,Upper middle income,"Middle East, North Africa, Afghanistan & Pakistan",2569653.5967489923
Libya,Women,2015,0.405291341232691,Obesity,40.5,6531819.0,14720.548,Upper middle income,"Middle East, North Africa, Afghanistan & Pakistan",2647289.6831991747
Libya,Women,2016,0.410801865054765,Obesity,41.1,6632126.0,14219.172,Upper middle income,"Middle East, North Africa, Afghanistan & Pakistan",2724489.7300781985
Malta,Women,1975,0.198232299019961,Obesity,19.8,304222.0,5738.0,,"Middle East, North Africa, Afghanistan & Pakistan",60306.626472450575
Malta,Women,1976,0.200007244644769,Obesity,20.0,305774.0,6684.0,,"Middle East, North Africa, Afghanistan & Pakistan",61157.01522400959
Malta,Women,1977,0.201845060214376,Obesity,20.2,306970.0,7438.0,,"Middle East, North Africa, Afghanistan & Pakistan",61960.378134007005
Malta,Women,1978,0.203749361964075,Obesity,20.4,310182.0,8080.0,,"Middle East, North Africa, Afghanistan & Pakistan",63199.38459274072
Malta,Women,1979,0.205721344408236,Obesity,20.6,313342.0,8745.0,,"Middle East, North Africa, Afghanistan & Pakistan",64461.137499565484
Malta,Women,1980,0.207757637946816,Obesity,20.8,316645.0,8920.0,,"Middle East, North Africa, Afghanistan & Pakistan",65785.41726766956
Malta,Women,1981,0.209845594750022,Obesity,21.0,318982.0,9224.0,,"Middle East, North Africa, Afghanistan & Pakistan",66936.96750455152
Malta,Women,1982,0.211969025606547,Obesity,21.2,325898.0,9526.0,,"Middle East, North Africa, Afghanistan & Pakistan",69080.28150712246
Malta,Women,1983,0.214115699731558,Obesity,21.4,330524.0,9586.0,,"Middle East, North Africa, Afghanistan & Pakistan",70770.37753807347
Malta,Women,1984,0.216288574219642,Obesity,21.6,330593.0,9797.0,,"Middle East, North Africa, Afghanistan & Pakistan",71503.48861699412
Malta,Women,1985,0.218486041270435,Obesity,21.8,336452.0,10176.0,,"Middle East, North Africa, Afghanistan & Pakistan",73510.0655575204
Malta,Women,1986,0.220778422122109,Obesity,22.1,342121.0,10584.0,,"Middle East, North Africa, Afghanistan & Pakistan",75532.93455483805
Malta,Women,1987,0.223160399262399,Obesity,22.3,344485.0,10943.0,Upper middle income,"Middle East, North Africa, Afghanistan & Pakistan",76875.41013990752
Malta,Women,1988,0.225623571629639,Obesity,22.6,347325.0,11765.0,Upper middle income,"Middle East, North Africa, Afghanistan & Pakistan",78364.70701626436
Malta,Women,1989,0.22815122359136,Obesity,22.8,350722.0,12607.0,High income,"Middle East, North Africa, Afghanistan & Pakistan",80017.65344040896
Malta,Women,1990,0.230735587900395,Obesity,23.1,354170.0,13259.0,Upper middle income,"Middle East, North Africa, Afghanistan & Pakistan",81719.6231666829
Malta,Women,1991,0.233350684581128,Obesity,23.3,363845.0,13834.927,Upper middle income,"Middle East, North Africa, Afghanistan & Pakistan",84903.47983142053
Malta,Women,1992,0.235996404025209,Obesity,23.6,367618.0,14341.302,Upper middle income,"Middle East, North Africa, Afghanistan & Pakistan",86756.52605493928
Malta,Women,1993,0.238654343356053,Obesity,23.9,371308.0,14840.319,Upper middle income,"Middle East, North Africa, Afghanistan & Pakistan",88614.26692284933
Malta,Women,1994,0.241319124541425,Obesity,24.1,374797.0,15539.06,Upper middle income,"Middle East, North Africa, Afghanistan & Pakistan",90445.68392075248
Malta,Women,1995,0.243977816939246,Obesity,24.4,377419.0,16417.174,Upper middle income,"Middle East, North Africa, Afghanistan & Pakistan",92081.86369139329
Malta,Women,1996,0.246717475786303,Obesity,24.7,379905.0,16932.047,Upper middle income,"Middle East, North Africa, Afghanistan & Pakistan",93729.20263859544
Malta,Women,1997,0.249513564823686,Obesity,25.0,382791.0,17694.79,Upper middle income,"Middle East, North Africa, Afghanistan & Pakistan",95511.5469924236
Malta,Women,1998,0.252357710401631,Obesity,25.2,385287.0,18488.666,High income,"Middle East, North Africa, Afghanistan & Pakistan",97230.14516751321
Malta,Women,1999,0.255218843341327,Obesity,25.5,387578.0,19254.365,Upper middle income,"Middle East, North Africa, Afghanistan & Pakistan",98917.20886454484
Malta,Women,2000,0.258102245028888,Obesity,25.8,390087.0,20434.549,High income,"Middle East, North Africa, Afghanistan & Pakistan",100682.33045658383
Malta,Women,2001,0.260953958571929,Obesity,26.1,393028.0,20413.05,Upper middle income,"Middle East, North Africa, Afghanistan & Pakistan",102562.2124296081
Malta,Women,2002,0.263739357556164,Obesity,26.4,395969.0,20873.984,High income,"Middle East, North Africa, Afghanistan & Pakistan",104432.6096721567
Malta,Women,2003,0.266468107448857,Obesity,26.6,398582.0,21273.135,High income,"Middle East, North Africa, Afghanistan & Pakistan",106209.39120318033
Malta,Women,2004,0.26912943858046,Obesity,26.9,401268.0,21233.002,High income,"Middle East, North Africa, Afghanistan & Pakistan",107993.03156030402
Malta,Women,2005,0.271720412490402,Obesity,27.2,403834.0,21905.215,High income,"Middle East, North Africa, Afghanistan & Pakistan",109729.941057649
Malta,Women,2006,0.274227144236965,Obesity,27.4,405308.0,22233.717,High income,"Middle East, North Africa, Afghanistan & Pakistan",111146.4553763958
Malta,Women,2007,0.276658869878969,Obesity,27.7,406724.0,23048.264,High income,"Middle East, North Africa, Afghanistan & Pakistan",112523.80219265378
Malta,Women,2008,0.279011622071012,Obesity,27.9,409379.0,23674.594,High income,"Middle East, North Africa, Afghanistan & Pakistan",114221.49883180881
Malta,Women,2009,0.281309622767618,Obesity,28.1,412477.0,22927.654,High income,"Middle East, North Africa, Afghanistan & Pakistan",116033.74927031877
Malta,Women,2010,0.283566714454602,Obesity,28.4,414508.0,23632.625,High income,"Middle East, North Africa, Afghanistan & Pakistan",117540.67167514817
Malta,Women,2011,0.285757521432176,Obesity,28.6,416268.0,23871.0,High income,"Middle East, North Africa, Afghanistan & Pakistan",118951.71193152903
Malta,Women,2012,0.287907439761707,Obesity,28.8,420028.0,24629.777,High income,"Middle East, North Africa, Afghanistan & Pakistan",120929.18610823028
Malta,Women,2013,0.290013539098665,Obesity,29.0,424810.0,25611.121,High income,"Middle East, North Africa, Afghanistan & Pakistan",123200.65154450388
Malta,Women,2014,0.292099315617705,Obesity,29.2,433481.0,27007.89,High income,"Middle East, North Africa, Afghanistan & Pakistan",126619.5034332784
Malta,Women,2015,0.29418334313742,Obesity,29.4,444220.0,28906.48,High income,"Middle East, North Africa, Afghanistan & Pakistan",130682.12468850471
Malta,Women,2016,0.296259332356885,Obesity,29.6,454505.0,29207.27,High income,"Middle East, North Africa, Afghanistan & Pakistan",134651.34785286602
Morocco,Women,1975,0.100724348279731,Obesity,10.1,17150786.0,2919.0,,"Middle East, North Africa, Afghanistan & Pakistan",1727501.7423351344
Morocco,Women,1976,0.10478121048212,Obesity,10.5,17574182.0,3175.0,,"Middle East, North Africa, Afghanistan & Pakistan",1841444.0631930847
Morocco,Women,1977,0.108989815552548,Obesity,10.9,18014756.0,3268.0,,"Middle East, North Africa, Afghanistan & Pakistan",1963424.9336641573
Morocco,Women,1978,0.11334502578142,Obesity,11.3,18477385.0,3298.0,,"Middle East, North Africa, Afghanistan & Pakistan",2094319.6791982232
Morocco,Women,1979,0.11783466662086,Obesity,11.8,18955589.0,3382.0,,"Middle East, North Africa, Afghanistan & Pakistan",2233625.510417041
Morocco,Women,1980,0.122446598490067,Obesity,12.2,19459943.0,3622.0,,"Middle East, North Africa, Afghanistan & Pakistan",2382803.82716059
Morocco,Women,1981,0.127194024308061,Obesity,12.7,19985401.0,3457.0,,"Middle East, North Africa, Afghanistan & Pakistan",2542023.580600347
Morocco,Women,1982,0.132058903555713,Obesity,13.2,20520318.0,3725.0,,"Middle East, North Africa, Afghanistan & Pakistan",2709890.6956945616
Morocco,Women,1983,0.137040924145346,Obesity,13.7,21060696.0,3606.0,,"Middle East, North Africa, Afghanistan & Pakistan",2886177.242984192
Morocco,Women,1984,0.142137249935896,Obesity,14.2,21593778.0,3657.0,,"Middle East, North Africa, Afghanistan & Pakistan",3069280.2206462524
Morocco,Women,1985,0.147323492150569,Obesity,14.7,22113953.0,3784.0,,"Middle East, North Africa, Afghanistan & Pakistan",3257904.7812135518
Morocco,Women,1986,0.152602793146468,Obesity,15.3,22600803.0,3977.0,,"Middle East, North Africa, Afghanistan & Pakistan",3448945.665153073
Morocco,Women,1987,0.157991134444357,Obesity,15.8,23054392.0,3790.0,Lower middle income,"Middle East, North Africa, Afghanistan & Pakistan",3642389.5460049086
Morocco,Women,1988,0.163478982314156,Obesity,16.3,23500524.0,4077.0,Lower middle income,"Middle East, North Africa, Afghanistan & Pakistan",3841841.747369399
Morocco,Women,1989,0.169048828009021,Obesity,16.9,23939414.0,4073.0,Lower middle income,"Middle East, North Africa, Afghanistan & Pakistan",4046929.879922749
Morocco,Women,1990,0.174708889863254,Obesity,17.5,24375551.0,4130.0,Lower middle income,"Middle East, North Africa, Afghanistan & Pakistan",4258625.455015131
Morocco,Women,1991,0.180412620460191,Obesity,18.0,24799014.0,4353.7295,Lower middle income,"Middle East, North Africa, Afghanistan & Pakistan",4474055.100568963
Morocco,Women,1992,0.186174268575509,Obesity,18.6,25212468.0,4194.447,Lower middle income,"Middle East, North Africa, Afghanistan & Pakistan",4693912.788883426
Morocco,Women,1993,0.191996171093665,Obesity,19.2,25614586.0,4097.281,Lower middle income,"Middle East, North Africa, Afghanistan & Pakistan",4917902.436149397
Morocco,Women,1994,0.197868938415002,Obesity,19.8,26000822.0,4461.0625,Lower middle income,"Middle East, North Africa, Afghanistan & Pakistan",5144755.047057429
Morocco,Women,1995,0.203798106444563,Obesity,20.4,26399429.0,4156.9253,Lower middle income,"Middle East, North Africa, Afghanistan & Pakistan",5380153.641417683
Morocco,Women,1996,0.20963589869529,Obesity,21.0,26808107.0,4603.652,Lower middle income,"Middle East, North Africa, Afghanistan & Pakistan",5619941.603264495
Morocco,Women,1997,0.215397953327766,Obesity,21.5,27213337.0,4469.19,Lower middle income,"Middle East, North Africa, Afghanistan & Pakistan",5861697.093018768
Morocco,Women,1998,0.221100027337933,Obesity,22.1,27621648.0,4729.183,Lower middle income,"Middle East, North Africa, Afghanistan & Pakistan",6107147.127918762
Morocco,Women,1999,0.226765456008523,Obesity,22.7,28027179.0,4720.7715,Lower middle income,"Middle East, North Africa, Afghanistan & Pakistan",6355596.026567499
Morocco,Women,2000,0.232389322402101,Obesity,23.2,28423435.0,4753.638,Lower middle income,"Middle East, North Africa, Afghanistan & Pakistan",6605302.799990161
Morocco,Women,2001,0.238042162741181,Obesity,23.8,28814643.0,5042.073,Lower middle income,"Middle East, North Africa, Afghanistan & Pakistan",6859099.938335032
Morocco,Women,2002,0.243726736958883,Obesity,24.4,29198142.0,5140.8726,Lower middle income,"Middle East, North Africa, Afghanistan & Pakistan",7116367.874922114
Morocco,Women,2003,0.249450442241891,Obesity,24.9,29571415.0,5386.8506,Lower middle income,"Middle East, North Africa, Afghanistan & Pakistan",7376602.549468489
Morocco,Women,2004,0.255232889556876,Obesity,25.5,29953018.0,5584.154,Lower middle income,"Middle East, North Africa, Afghanistan & Pakistan",7644995.335089119
Morocco,Women,2005,0.261084913127704,Obesity,26.1,30358144.0,5708.0312,Lower middle income,"Middle East, North Africa, Afghanistan & Pakistan",7926053.388958328
Morocco,Women,2006,0.267107079122916,Obesity,26.7,30771178.0,6076.9526,Lower middle income,"Middle East, North Africa, Afghanistan & Pakistan",8219199.476751331
Morocco,Women,2007,0.273305966749997,Obesity,27.3,31186468.0,6228.4316,Lower middle income,"Middle East, North Africa, Afghanistan & Pakistan",8523447.786257846
Morocco,Women,2008,0.279695305082442,Obesity,28.0,31606767.0,6530.978,Lower middle income,"Middle East, North Africa, Afghanistan & Pakistan",8840264.33873466
Morocco,Women,2009,0.286220317965568,Obesity,28.6,32030778.0,6741.4604,Lower middle income,"Middle East, North Africa, Afghanistan & Pakistan",9167859.463844521
Morocco,Women,2010,0.292883990548051,Obesity,29.3,32467016.0,6931.558,Lower middle income,"Middle East, North Africa, Afghanistan & Pakistan",9509069.20726742
Morocco,Women,2011,0.2996454533988,Obesity,30.0,32912588.0,7226.0,Lower middle income,"Middle East, North Africa, Afghanistan & Pakistan",9862107.353787905
Morocco,Women,2012,0.306489567987251,Obesity,30.6,33355241.0,7355.326,Lower middle income,"Middle East, North Africa, Afghanistan & Pakistan",10223033.404200643
Morocco,Women,2013,0.31339051521864,Obesity,31.3,33787571.0,7599.724,Lower middle income,"Middle East, North Africa, Afghanistan & Pakistan",10588704.283676378
Morocco,Women,2014,0.32035023532931,Obesity,32.0,34204780.0,7714.632,Lower middle income,"Middle East, North Africa, Afghanistan & Pakistan",10957509.322387276
Morocco,Women,2015,0.327334167920315,Obesity,32.7,34607588.0,7959.528,Lower middle income,"Middle East, North Africa, Afghanistan & Pakistan",11328246.021709079
Morocco,Women,2016,0.334324853373128,Obesity,33.4,35023457.0,7912.222,Lower middle income,"Middle East, North Africa, Afghanistan & Pakistan",11709212.126145054
Palestine,Women,1975,0.176142893181048,Obesity,17.6,,4085.0,,"Middle East, North Africa, Afghanistan & Pakistan",
Palestine,Women,1976,0.182355760673053,Obesity,18.2,,4605.0,,"Middle East, North Africa, Afghanistan & Pakistan",
Palestine,Women,1977,0.188400522313882,Obesity,18.8,,4439.0,,"Middle East, North Africa, Afghanistan & Pakistan",
Palestine,Women,1978,0.19429596866695,Obesity,19.4,,4874.0,,"Middle East, North Africa, Afghanistan & Pakistan",
Palestine,Women,1979,0.200048416880144,Obesity,20.0,,4677.0,,"Middle East, North Africa, Afghanistan & Pakistan",
Palestine,Women,1980,0.205708615256202,Obesity,20.6,,5239.0,,"Middle East, North Africa, Afghanistan & Pakistan",
Palestine,Women,1981,0.211267021425629,Obesity,21.1,,4811.0,,"Middle East, North Africa, Afghanistan & Pakistan",
Palestine,Women,1982,0.216756339982062,Obesity,21.7,,5088.0,,"Middle East, North Africa, Afghanistan & Pakistan",
Palestine,Women,1983,0.222209985823572,Obesity,22.2,,4733.0,,"Middle East, North Africa, Afghanistan & Pakistan",
Palestine,Women,1984,0.227649027525241,Obesity,22.8,,4807.0,,"Middle East, North Africa, Afghanistan & Pakistan",
Palestine,Women,1985,0.233102941632088,Obesity,23.3,,4619.0,,"Middle East, North Africa, Afghanistan & Pakistan",
Palestine,Women,1986,0.238584840959303,Obesity,23.9,,5330.0,,"Middle East, North Africa, Afghanistan & Pakistan",
Palestine,Women,1987,0.244097733829878,Obesity,24.4,,5004.0,,"Middle East, North Africa, Afghanistan & Pakistan",
Palestine,Women,1988,0.249640362218609,Obesity,25.0,,4745.0,,"Middle East, North Africa, Afghanistan & Pakistan",
Palestine,Women,1989,0.255204202093579,Obesity,25.5,,4682.0,,"Middle East, North Africa, Afghanistan & Pakistan",
Palestine,Women,1990,0.260788079305467,Obesity,26.1,1978248.0,5345.0,,"Middle East, North Africa, Afghanistan & Pakistan",515903.49630988145
Palestine,Women,1991,0.266373846776257,Obesity,26.6,2068845.0,4732.171,,"Middle East, North Africa, Afghanistan & Pakistan",551086.2010338254
Palestine,Women,1992,0.271958652337549,Obesity,27.2,2163591.0,5410.625,,"Middle East, North Africa, Afghanistan & Pakistan",588407.29256965
Palestine,Women,1993,0.277549372539971,Obesity,27.8,2262676.0,5527.995,,"Middle East, North Africa, Afghanistan & Pakistan",628004.3040612513
Palestine,Women,1994,0.283156633164049,Obesity,28.3,2366298.0,5893.47,Lower middle income,"Middle East, North Africa, Afghanistan & Pakistan",670032.9747428228
Palestine,Women,1995,0.288782219543499,Obesity,28.9,2474666.0,5756.845,Lower middle income,"Middle East, North Africa, Afghanistan & Pakistan",714639.5401088324
Palestine,Women,1996,0.294352866075145,Obesity,29.4,2587997.0,5320.2554,Lower middle income,"Middle East, North Africa, Afghanistan & Pakistan",761784.334343877
Palestine,Women,1997,0.299869554653124,Obesity,30.0,2706518.0,5598.021,Lower middle income,"Middle East, North Africa, Afghanistan & Pakistan",811602.3473206639
Palestine,Women,1998,0.305338329928016,Obesity,30.5,2776568.0,6051.883,Lower middle income,"Middle East, North Africa, Afghanistan & Pakistan",847792.6360515716
Palestine,Women,1999,0.310778257121572,Obesity,31.1,2848431.0,6204.6465,Lower middle income,"Middle East, North Africa, Afghanistan & Pakistan",885230.4217110564
Palestine,Women,2000,0.316170810204402,Obesity,31.6,2922153.0,5377.3936,Lower middle income,"Middle East, North Africa, Afghanistan & Pakistan",923899.481551224
Palestine,Women,2001,0.321483183833375,Obesity,32.1,2997784.0,4626.303,Lower middle income,"Middle East, North Africa, Afghanistan & Pakistan",963737.1447647501
Palestine,Women,2002,0.326741777881784,Obesity,32.7,3075373.0,3842.1465,Lower middle income,"Middle East, North Africa, Afghanistan & Pakistan",1004852.8416696357
Palestine,Women,2003,0.331948860397585,Obesity,33.2,3154969.0,4158.2993,Lower middle income,"Middle East, North Africa, Afghanistan & Pakistan",1047288.3641397082
Palestine,Women,2004,0.337135210722222,Obesity,33.7,3236626.0,4358.5176,Lower middle income,"Middle East, North Africa, Afghanistan & Pakistan",1091180.5885390225
Palestine,Women,2005,0.342309926072615,Obesity,34.2,3320396.0,4589.626,Lower middle income,"Middle East, North Africa, Afghanistan & Pakistan",1136604.5092918065
Palestine,Women,2006,0.347496108822377,Obesity,34.7,3406334.0,4193.154,Lower middle income,"Middle East, North Africa, Afghanistan & Pakistan",1183687.810349363
Palestine,Women,2007,0.352722660571224,Obesity,35.3,3494496.0,4250.989,Lower middle income,"Middle East, North Africa, Afghanistan & Pakistan",1232587.9264755
Palestine,Women,2008,0.358017149779958,Obesity,35.8,3591977.0,4287.209,Lower middle income,"Middle East, North Africa, Afghanistan & Pakistan",1285989.3676151643
Palestine,Women,2009,0.363371078113192,Obesity,36.3,3689099.0,4426.317,Lower middle income,"Middle East, North Africa, Afghanistan & Pakistan",1340511.8808962987
Palestine,Women,2010,0.368771899225053,Obesity,36.9,3786161.0,4548.5312,Lower middle income,"Middle East, North Africa, Afghanistan & Pakistan",1396229.7827418258
Palestine,Women,2011,0.374233808510602,Obesity,37.4,3882986.0,4863.0,Lower middle income,"Middle East, North Africa, Afghanistan & Pakistan",1453144.6391733484
Palestine,Women,2012,0.379756763666396,Obesity,38.0,3979998.0,5054.0,Lower middle income,"Middle East, North Africa, Afghanistan & Pakistan",1511431.1598787287
Palestine,Women,2013,0.385323380442564,Obesity,38.5,4076708.0,5054.0,Lower middle income,"Middle East, North Africa, Afghanistan & Pakistan",1570850.907637244
Palestine,Women,2014,0.390924642092448,Obesity,39.1,4173398.0,4939.0,Lower middle income,"Middle East, North Africa, Afghanistan & Pakistan",1631484.1194593383
Palestine,Women,2015,0.396547051823441,Obesity,39.7,4270092.0,5003.0,Lower middle income,"Middle East, North Africa, Afghanistan & Pakistan",1693292.393614861
Palestine,Women,2016,0.402184929038266,Obesity,40.2,4367088.0,5316.9883,Lower middle income,"Middle East, North Africa, Afghanistan & Pakistan",1756376.9773838632
Oman,Women,1975,0.0788074791454372,Obesity,7.9,778864.0,6802.0,,"Middle East, North Africa, Afghanistan & Pakistan",61380.308437131804
Oman,Women,1976,0.0843425565575592,Obesity,8.4,814701.0,7328.0,,"Middle East, North Africa, Afghanistan & Pakistan",68713.96517000004
Oman,Women,1977,0.0902142765817208,Obesity,9.0,855314.0,6998.0,,"Middle East, North Africa, Afghanistan & Pakistan",77161.53376021795
Oman,Women,1978,0.0964176140293081,Obesity,9.6,900304.0,6513.0,,"Middle East, North Africa, Afghanistan & Pakistan",86805.1635810422
Oman,Women,1979,0.102923722166856,Obesity,10.3,949116.0,6446.0,,"Middle East, North Africa, Afghanistan & Pakistan",97686.5514881177
Oman,Women,1980,0.109725035181102,Obesity,11.0,1001248.0,6491.0,,"Middle East, North Africa, Afghanistan & Pakistan",109861.97202500803
Oman,Women,1981,0.116799544116467,Obesity,11.7,1057320.0,7210.0,,"Middle East, North Africa, Afghanistan & Pakistan",123494.49398522289
Oman,Women,1982,0.124137128994944,Obesity,12.4,1117678.0,7651.0,,"Middle East, North Africa, Afghanistan & Pakistan",138745.33806081102
Oman,Women,1983,0.131717794416894,Obesity,13.2,1181459.0,8521.0,,"Middle East, North Africa, Afghanistan & Pakistan",155619.17367398916
Oman,Women,1984,0.139514887289044,Obesity,14.0,1247716.0,9526.0,,"Middle East, North Africa, Afghanistan & Pakistan",174074.9571087368
Oman,Women,1985,0.14751613445502,Obesity,14.8,1325480.0,10433.0,,"Middle East, North Africa, Afghanistan & Pakistan",195529.6858974399
Oman,Women,1986,0.155666549261012,Obesity,15.6,1413419.0,10268.0,,"Middle East, North Africa, Afghanistan & Pakistan",220022.05838995034
Oman,Women,1987,0.163945698913633,Obesity,16.4,1500996.0,10699.0,Upper middle income,"Middle East, North Africa, Afghanistan & Pakistan",246081.83828656748
Oman,Women,1988,0.172329693033763,Obesity,17.2,1588568.0,10633.0,Upper middle income,"Middle East, North Africa, Afghanistan & Pakistan",273757.4358032588
Oman,Women,1989,0.180795173683049,Obesity,18.1,1676228.0,10692.0,Upper middle income,"Middle East, North Africa, Afghanistan & Pakistan",303053.93239238986
Oman,Women,1990,0.189335754722536,Obesity,18.9,1763954.0,10327.0,Upper middle income,"Middle East, North Africa, Afghanistan & Pakistan",333979.56188583624
Oman,Women,1991,0.197603440143928,Obesity,19.8,1851473.0,11131.0,Upper middle income,"Middle East, North Africa, Afghanistan & Pakistan",365857.4341335988
Oman,Women,1992,0.20563418471589,Obesity,20.6,1938238.0,12251.157,Upper middle income,"Middle East, North Africa, Afghanistan & Pakistan",398567.99091535725
Oman,Women,1993,0.21343384072493,Obesity,21.3,2021675.0,13226.644,Upper middle income,"Middle East, North Africa, Afghanistan & Pakistan",431493.8599475728
Oman,Women,1994,0.221029696898192,Obesity,22.1,2081834.0,14079.533,Upper middle income,"Middle East, North Africa, Afghanistan & Pakistan",460147.13801235065
Oman,Women,1995,0.228460651672807,Obesity,22.8,2120528.0,15292.176,Upper middle income,"Middle East, North Africa, Afghanistan & Pakistan",484457.2087704341
Oman,Women,1996,0.235184465680807,Obesity,23.5,2156926.0,16491.168,Upper middle income,"Middle East, North Africa, Afghanistan & Pakistan",507275.48882304033
Oman,Women,1997,0.241303443463566,Obesity,24.1,2190720.0,18518.48,Upper middle income,"Middle East, North Africa, Afghanistan & Pakistan",528628.2796645033
Oman,Women,1998,0.24692971440071,Obesity,24.7,2222489.0,20213.02,Upper middle income,"Middle East, North Africa, Afghanistan & Pakistan",548798.5740287196
Oman,Women,1999,0.252152736687943,Obesity,25.2,2252909.0,21519.67,Upper middle income,"Middle East, North Africa, Afghanistan & Pakistan",568077.169858897
Oman,Women,2000,0.257073086487316,Obesity,25.7,2282131.0,24186.365,Upper middle income,"Middle East, North Africa, Afghanistan & Pakistan",586674.459938385
Oman,Women,2001,0.261886619857398,Obesity,26.2,2310217.0,26431.1,Upper middle income,"Middle East, North Africa, Afghanistan & Pakistan",605014.9212670984
Oman,Women,2002,0.266666056081596,Obesity,26.7,2337140.0,27141.844,Upper middle income,"Middle East, North Africa, Afghanistan & Pakistan",623235.9063105412
Oman,Women,2003,0.271436644914649,Obesity,27.1,2363796.0,27313.98,Upper middle income,"Middle East, North Africa, Afghanistan & Pakistan",641620.8555026676
Oman,Women,2004,0.276237619314585,Obesity,27.6,2404821.0,28607.084,Upper middle income,"Middle East, North Africa, Afghanistan & Pakistan",664302.0279177197
Oman,Women,2005,0.281127964987332,Obesity,28.1,2459802.0,30392.56,Upper middle income,"Middle East, North Africa, Afghanistan & Pakistan",691519.1305317692
Oman,Women,2006,0.286361417982587,Obesity,28.6,2514795.0,33374.895,Upper middle income,"Middle East, North Africa, Afghanistan & Pakistan",720140.2621355199
Oman,Women,2007,0.291911022404449,Obesity,29.2,2570174.0,36424.98,High income,"Middle East, North Africa, Afghanistan & Pakistan",750262.1200973323
Oman,Women,2008,0.297769761819736,Obesity,29.8,2626529.0,40909.938,High income,"Middle East, North Africa, Afghanistan & Pakistan",782100.9147426294
Oman,Women,2009,0.303874751886878,Obesity,30.4,2684659.0,44244.65,High income,"Middle East, North Africa, Afghanistan & Pakistan",815800.087525874
Oman,Women,2010,0.310193240422453,Obesity,31.0,2757446.0,46182.16,High income,"Middle East, North Africa, Afghanistan & Pakistan",855341.1100299313
Oman,Women,2011,0.316641326886377,Obesity,31.7,3076763.0,44454.0,High income,"Middle East, North Africa, Afghanistan & Pakistan",974230.3188349098
Oman,Women,2012,0.323182251057881,Obesity,32.3,3547106.0,47427.582,High income,"Middle East, North Africa, Afghanistan & Pakistan",1146361.701820916
Oman,Women,2013,0.32979042010098,Obesity,33.0,3833913.0,48900.758,High income,"Middle East, North Africa, Afghanistan & Pakistan",1264387.7789006084
Oman,Women,2014,0.336437651574398,Obesity,33.6,4002439.0,48528.41,High income,"Middle East, North Africa, Afghanistan & Pakistan",1346571.177729782
Oman,Women,2015,0.34311007442963,Obesity,34.3,4184895.0,49926.875,High income,"Middle East, North Africa, Afghanistan & Pakistan",1435879.6349301864
Oman,Women,2016,0.349743221355665,Obesity,35.0,4390877.0,51382.734,High income,"Middle East, North Africa, Afghanistan & Pakistan",1535679.4665564983
Pakistan,Women,1975,0.0163141965795316,Obesity,1.6,69461175.0,1559.0,,"Middle East, North Africa, Afghanistan & Pakistan",1133203.2635952458
Pakistan,Women,1976,0.0172221698139648,Obesity,1.7,71620254.0,1604.0,,"Middle East, North Africa, Afghanistan & Pakistan",1233456.1765072918
Pakistan,Women,1977,0.0181891574053812,Obesity,1.8,73901827.0,1631.0,,"Middle East, North Africa, Afghanistan & Pakistan",1344211.9638482502
Pakistan,Women,1978,0.0192188741552354,Obesity,1.9,76307379.0,1720.0,,"Middle East, North Africa, Afghanistan & Pakistan",1466541.9141168527
Pakistan,Women,1979,0.020309471356366,Obesity,2.0,78997039.0,1733.0,,"Middle East, North Africa, Afghanistan & Pakistan",1604388.1008082277
Pakistan,Women,1980,0.0214650683690497,Obesity,2.1,82291010.0,1851.0,,"Middle East, North Africa, Afghanistan & Pakistan",1766382.1558081526
Pakistan,Women,1981,0.0226726009218528,Obesity,2.3,85802049.0,1924.0,,"Middle East, North Africa, Afghanistan & Pakistan",1945355.6152542592
Pakistan,Women,1982,0.0239337115348169,Obesity,2.4,89089246.0,2002.0,,"Middle East, North Africa, Afghanistan & Pakistan",2132236.31461834
Pakistan,Women,1983,0.0252450044870539,Obesity,2.5,92227711.0,2077.0,,"Middle East, North Africa, Afghanistan & Pakistan",2328288.97802571
Pakistan,Women,1984,0.0266125744468295,Obesity,2.7,95164936.0,2106.0,,"Middle East, North Africa, Afghanistan & Pakistan",2532583.9440277647
Pakistan,Women,1985,0.0280346693960955,Obesity,2.8,98229285.0,2230.0,,"Middle East, North Africa, Afghanistan & Pakistan",2753825.529989843
Pakistan,Women,1986,0.0295183911357057,Obesity,3.0,101606764.0,2302.0,,"Middle East, North Africa, Afghanistan & Pakistan",2999268.2017853414
Pakistan,Women,1987,0.03106806002534,Obesity,3.1,105130717.0,2364.0,Low income,"Middle East, North Africa, Afghanistan & Pakistan",3266207.4262630325
Pakistan,Women,1988,0.0326875042340437,Obesity,3.3,108724739.0,2442.0,Low income,"Middle East, North Africa, Afghanistan & Pakistan",3553940.3664077963
Pakistan,Women,1989,0.0343777766794396,Obesity,3.4,112336629.0,2487.0,Low income,"Middle East, North Africa, Afghanistan & Pakistan",3861883.5446830583
Pakistan,Women,1990,0.0361415026645435,Obesity,3.6,116155576.0,2531.0,Low income,"Middle East, North Africa, Afghanistan & Pakistan",4198037.059505586
Pakistan,Women,1991,0.0379794853952818,Obesity,3.8,120060406.0,2644.5742,Low income,"Middle East, North Africa, Afghanistan & Pakistan",4559832.436228603
Pakistan,Women,1992,0.0398894902170075,Obesity,4.0,123546848.0,2732.3816,Low income,"Middle East, North Africa, Afghanistan & Pakistan",4928220.784638112
Pakistan,Women,1993,0.0418809778173817,Obesity,4.2,127020117.0,2777.332,Low income,"Middle East, North Africa, Afghanistan & Pakistan",5319726.702438228
Pakistan,Women,1994,0.0439526537975968,Obesity,4.4,130748083.0,2855.9062,Low income,"Middle East, North Africa, Afghanistan & Pakistan",5746725.2267984515
Pakistan,Women,1995,0.0461058038589522,Obesity,4.6,134582253.0,2947.6826,Low income,"Middle East, North Africa, Afghanistan & Pakistan",6205022.959713882
Pakistan,Women,1996,0.0483515662339529,Obesity,4.8,138557092.0,2979.808,Low income,"Middle East, North Africa, Afghanistan & Pakistan",6699452.411021905
Pakistan,Women,1997,0.0506948843132131,Obesity,5.1,142531804.0,2986.7056,Low income,"Middle East, North Africa, Afghanistan & Pakistan",7225633.314733564
Pakistan,Women,1998,0.0531404385660036,Obesity,5.3,146522356.0,3035.4517,Low income,"Middle East, North Africa, Afghanistan & Pakistan",7786262.25756411
Pakistan,Women,1999,0.0556904995216812,Obesity,5.6,150565377.0,3111.9585,Low income,"Middle East, North Africa, Afghanistan & Pakistan",8385061.05580025
Pakistan,Women,2000,0.0583421101420848,Obesity,5.8,154879127.0,3154.5115,Low income,"Middle East, North Africa, Afghanistan & Pakistan",9035975.086143939
Pakistan,Women,2001,0.0611050101829742,Obesity,6.1,159270907.0,3176.9468,Low income,"Middle East, North Africa, Afghanistan & Pakistan",9732250.394086536
Pakistan,Women,2002,0.063981947796756,Obesity,6.4,163222549.0,3265.6865,Low income,"Middle East, North Africa, Afghanistan & Pakistan",10443296.60937145
Pakistan,Women,2003,0.0669711046337416,Obesity,6.7,167110248.0,3437.992,Low income,"Middle East, North Africa, Afghanistan & Pakistan",11191557.90417851
Pakistan,Women,2004,0.0700659991192648,Obesity,7.0,171286000.0,3664.5334,Low income,"Middle East, North Africa, Afghanistan & Pakistan",12001324.72514239
Pakistan,Women,2005,0.07327297862222,Obesity,7.3,175453212.0,3883.9346,Low income,"Middle East, North Africa, Afghanistan & Pakistan",12855979.452075833
Pakistan,Women,2006,0.0766137920414176,Obesity,7.7,179682690.0,4062.6665,Low income,"Middle East, North Africa, Afghanistan & Pakistan",13766172.245102506
Pakistan,Women,2007,0.0800822635202535,Obesity,8.0,184493231.0,4160.365,Low income,"Middle East, North Africa, Afghanistan & Pakistan",14774635.542645002
Pakistan,Women,2008,0.0836873229414645,Obesity,8.4,189499113.0,4224.405,Lower middle income,"Middle East, North Africa, Afghanistan & Pakistan",15858673.466752073
Pakistan,Women,2009,0.0874227497982467,Obesity,8.7,194376534.0,4288.462,Lower middle income,"Middle East, North Africa, Afghanistan & Pakistan",16992931.098532394
Pakistan,Women,2010,0.0912902479311093,Obesity,9.1,199239047.0,4354.267,Lower middle income,"Middle East, North Africa, Afghanistan & Pakistan",18188581.99818794
Pakistan,Women,2011,0.0953106078042078,Obesity,9.5,203746065.0,4464.0,Lower middle income,"Middle East, North Africa, Afghanistan & Pakistan",19419161.29286563
Pakistan,Women,2012,0.099480999386275,Obesity,9.9,207667125.0,4538.3457,Lower middle income,"Middle East, North Africa, Afghanistan & Pakistan",20658933.134674493
Pakistan,Women,2013,0.103788543279779,Obesity,10.4,211073978.0,4638.1616,Lower middle income,"Middle East, North Africa, Afghanistan & Pakistan",21907060.70088812
Pakistan,Women,2014,0.108235446103953,Obesity,10.8,214264647.0,4750.878,Lower middle income,"Middle East, North Africa, Afghanistan & Pakistan",23191029.652351014
Pakistan,Women,2015,0.112816170946798,Obesity,11.3,217290883.0,4889.915,Lower middle income,"Middle East, North Africa, Afghanistan & Pakistan",24513925.40170868
Pakistan,Women,2016,0.117545149453755,Obesity,11.8,220138869.0,5030.8354,Lower middle income,"Middle East, North Africa, Afghanistan & Pakistan",25876256.257185593
Qatar,Women,1975,0.272619389230977,Obesity,27.3,193087.0,54866.0,,"Middle East, North Africa, Afghanistan & Pakistan",52639.260008441655
Qatar,Women,1976,0.275712684104556,Obesity,27.6,209052.0,55169.0,,"Middle East, North Africa, Afghanistan & Pakistan",57638.28803742564
Qatar,Women,1977,0.278826028055478,Obesity,27.9,225285.0,45999.0,,"Middle East, North Africa, Afghanistan & Pakistan",62815.32173047836
Qatar,Women,1978,0.281953353309584,Obesity,28.2,241808.0,47072.0,,"Middle East, North Africa, Afghanistan & Pakistan",68178.57645708388
Qatar,Women,1979,0.285089358975214,Obesity,28.5,258670.0,45806.0,,"Middle East, North Africa, Afghanistan & Pakistan",73744.0644861186
Qatar,Women,1980,0.288272900025255,Obesity,28.8,275913.0,45860.0,,"Middle East, North Africa, Afghanistan & Pakistan",79538.24066466819
Qatar,Women,1981,0.291511181126592,Obesity,29.2,293553.0,37307.0,,"Middle East, North Africa, Afghanistan & Pakistan",85573.98175325447
Qatar,Women,1982,0.294822268715785,Obesity,29.5,311537.0,29046.0,,"Middle East, North Africa, Afghanistan & Pakistan",91848.0451289095
Qatar,Women,1983,0.298202567748402,Obesity,29.8,329709.0,23146.0,,"Middle East, North Africa, Afghanistan & Pakistan",98320.07040975787
Qatar,Women,1984,0.301645822639819,Obesity,30.2,347878.0,20354.0,,"Middle East, North Africa, Afghanistan & Pakistan",104935.94548829495
Qatar,Women,1985,0.30513436181919,Obesity,30.5,365940.0,16558.0,,"Middle East, North Africa, Afghanistan & Pakistan",111660.86836411439
Qatar,Women,1986,0.308908245284288,Obesity,30.9,382422.0,12881.0,,"Middle East, North Africa, Afghanistan & Pakistan",118133.30897810799
Qatar,Women,1987,0.312958328933872,Obesity,31.3,397005.0,12819.0,High income,"Middle East, North Africa, Afghanistan & Pakistan",124246.02137839184
Qatar,Women,1988,0.317232060608244,Obesity,31.7,411264.0,12492.0,High income,"Middle East, North Africa, Afghanistan & Pakistan",130466.12617398886
Qatar,Women,1989,0.321680430760495,Obesity,32.2,425646.0,12137.0,High income,"Middle East, North Africa, Afghanistan & Pakistan",136921.98863148165
Qatar,Women,1990,0.326296181474311,Obesity,32.6,440175.0,11705.0,High income,"Middle East, North Africa, Afghanistan & Pakistan",143627.42168045483
Qatar,Women,1991,0.330981512533526,Obesity,33.1,454853.0,12417.643,High income,"Middle East, North Africa, Afghanistan & Pakistan",150547.9339204119
Qatar,Women,1992,0.335730449422933,Obesity,33.6,469657.0,15042.123,High income,"Middle East, North Africa, Afghanistan & Pakistan",157678.15568462646
Qatar,Women,1993,0.340519061959236,Obesity,34.1,484545.0,16221.046,High income,"Middle East, North Africa, Afghanistan & Pakistan",164996.80887703798
Qatar,Women,1994,0.345311090862131,Obesity,34.5,499459.0,17955.314,High income,"Middle East, North Africa, Afghanistan & Pakistan",172468.7321309091
Qatar,Women,1995,0.350103829104022,Obesity,35.0,514325.0,19959.703,High income,"Middle East, North Africa, Afghanistan & Pakistan",180067.1519039261
Qatar,Women,1996,0.35477917869116,Obesity,35.5,529019.0,22395.264,High income,"Middle East, North Africa, Afghanistan & Pakistan",187684.92633201877
Qatar,Women,1997,0.359358283238241,Obesity,35.9,550500.0,30989.15,High income,"Middle East, North Africa, Afghanistan & Pakistan",197826.73492265167
Qatar,Women,1998,0.363876024380881,Obesity,36.4,580540.0,36448.055,High income,"Middle East, North Africa, Afghanistan & Pakistan",211244.58719407665
Qatar,Women,1999,0.368337054974779,Obesity,36.8,612500.0,40135.176,High income,"Middle East, North Africa, Afghanistan & Pakistan",225606.44617205212
Qatar,Women,2000,0.372756703021033,Obesity,37.3,644989.0,45788.12,High income,"Middle East, North Africa, Afghanistan & Pakistan",240423.97312483305
Qatar,Women,2001,0.377142364308547,Obesity,37.7,677925.0,50525.707,High income,"Middle East, North Africa, Afghanistan & Pakistan",255674.2373238717
Qatar,Women,2002,0.381532232042136,Obesity,38.2,711205.0,57541.1,High income,"Middle East, North Africa, Afghanistan & Pakistan",271347.63108952733
Qatar,Women,2003,0.385903173586312,Obesity,38.6,744682.0,62234.215,High income,"Middle East, North Africa, Afghanistan & Pakistan",287375.14711260196
Qatar,Women,2004,0.390275728490684,Obesity,39.0,773332.0,74372.93,High income,"Middle East, North Africa, Afghanistan & Pakistan",301812.7096651576
Qatar,Women,2005,0.394666101530366,Obesity,39.5,825408.0,76808.42,High income,"Middle East, North Africa, Afghanistan & Pakistan",325760.5575319764
Qatar,Women,2006,0.399131536549284,Obesity,39.9,972831.0,90120.92,High income,"Middle East, North Africa, Afghanistan & Pakistan",388287.5318327765
Qatar,Women,2007,0.403669943357879,Obesity,40.4,1208595.0,97912.69,High income,"Middle East, North Africa, Afghanistan & Pakistan",487873.47519261576
Qatar,Women,2008,0.408310225444406,Obesity,40.8,1426938.0,107402.055,High income,"Middle East, North Africa, Afghanistan & Pakistan",582633.3764751898
Qatar,Women,2009,0.413018060565063,Obesity,41.3,1608903.0,115283.414,High income,"Middle East, North Africa, Afghanistan & Pakistan",664505.9966973116
Qatar,Women,2010,0.417788620273271,Obesity,41.8,1616832.0,134802.78,High income,"Middle East, North Africa, Afghanistan & Pakistan",675494.0104936733
Qatar,Women,2011,0.422536181355713,Obesity,42.3,1624761.0,155533.0,High income,"Middle East, North Africa, Afghanistan & Pakistan",686520.3085556896
Qatar,Women,2012,0.427273671455703,Obesity,42.7,1722438.0,154339.81,High income,"Middle East, North Africa, Afghanistan & Pakistan",735952.4081148182
Qatar,Women,2013,0.431990370450049,Obesity,43.2,1916426.0,155657.12,High income,"Middle East, North Africa, Afghanistan & Pakistan",827877.5776801056
Qatar,Women,2014,0.436693174255523,Obesity,43.7,2151745.0,157712.9,High income,"Middle East, North Africa, Afghanistan & Pakistan",939652.3542384504
Qatar,Women,2015,0.441363752442873,Obesity,44.1,2344557.0,159800.19,High income,"Middle East, North Africa, Afghanistan & Pakistan",1034802.475336205
Qatar,Women,2016,0.446000204827253,Obesity,44.6,2477113.0,160051.23,High income,"Middle East, North Africa, Afghanistan & Pakistan",1104792.9053802511
Saudi Arabia,Women,1975,0.168600040521421,Obesity,16.9,4556287.0,18788.0,,"Middle East, North Africa, Afghanistan & Pakistan",768190.1728272237
Saudi Arabia,Women,1976,0.17784365255786,Obesity,17.8,4807933.0,19297.0,,"Middle East, North Africa, Afghanistan & Pakistan",855060.3659734695
Saudi Arabia,Women,1977,0.187051247719781,Obesity,18.7,5083048.0,20824.0,,"Middle East, North Africa, Afghanistan & Pakistan",950790.4706195373
Saudi Arabia,Women,1978,0.196215836208412,Obesity,19.6,5381902.0,20593.0,,"Middle East, North Africa, Afghanistan & Pakistan",1056014.401321725
Saudi Arabia,Women,1979,0.20531846805114,Obesity,20.5,5703698.0,20472.0,,"Middle East, North Africa, Afghanistan & Pakistan",1171074.5355863513
Saudi Arabia,Women,1980,0.214369816861318,Obesity,21.4,6047997.0,21068.0,,"Middle East, North Africa, Afghanistan & Pakistan",1296508.0092678007
Saudi Arabia,Women,1981,0.223271937417367,Obesity,22.3,6420551.0,21393.0,,"Middle East, North Africa, Afghanistan & Pakistan",1433528.861057013
Saudi Arabia,Women,1982,0.232030398232327,Obesity,23.2,6824486.0,20535.0,,"Middle East, North Africa, Afghanistan & Pakistan",1583488.2043109403
Saudi Arabia,Women,1983,0.240686294161267,Obesity,24.1,7252941.0,17315.0,,"Middle East, North Africa, Afghanistan & Pakistan",1745683.491060314
Saudi Arabia,Women,1984,0.249266599259759,Obesity,24.9,7697307.0,16343.0,,"Middle East, North Africa, Afghanistan & Pakistan",1918681.5393483378
Saudi Arabia,Women,1985,0.257777526357404,Obesity,25.8,8151779.0,14422.0,,"Middle East, North Africa, Afghanistan & Pakistan",2101345.426032232
Saudi Arabia,Women,1986,0.265923614000223,Obesity,26.6,8628639.0,12897.0,,"Middle East, North Africa, Afghanistan & Pakistan",2294558.86678327
Saudi Arabia,Women,1987,0.273753565235582,Obesity,27.4,9130194.0,12919.0,High income,"Middle East, North Africa, Afghanistan & Pakistan",2499423.158792519
Saudi Arabia,Women,1988,0.281307216996868,Obesity,28.1,9629165.0,12795.0,High income,"Middle East, North Africa, Afghanistan & Pakistan",2708753.6081536463
Saudi Arabia,Women,1989,0.28861932023019,Obesity,28.9,10128394.0,12758.0,High income,"Middle East, North Africa, Afghanistan & Pakistan",2923250.191303535
Saudi Arabia,Women,1990,0.295725499037764,Obesity,29.6,10640691.0,14335.0,Upper middle income,"Middle East, North Africa, Afghanistan & Pakistan",3146723.6560816444
Saudi Arabia,Women,1991,0.302438910265888,Obesity,30.2,11160744.0,16830.412,Upper middle income,"Middle East, North Africa, Afghanistan & Pakistan",3375443.2531165476
Saudi Arabia,Women,1992,0.308825989738008,Obesity,30.9,11686676.0,17905.28,Upper middle income,"Middle East, North Africa, Afghanistan & Pakistan",3609149.2824474247
Saudi Arabia,Women,1993,0.314943116434212,Obesity,31.5,12215862.0,18101.092,Upper middle income,"Middle East, North Africa, Afghanistan & Pakistan",3847301.648210266
Saudi Arabia,Women,1994,0.32084954642108,Obesity,32.1,12750040.0,18678.932,Upper middle income,"Middle East, North Africa, Afghanistan & Pakistan",4090844.5508506265
Saudi Arabia,Women,1995,0.326598994938019,Obesity,32.7,13289245.0,19223.332,Upper middle income,"Middle East, North Africa, Afghanistan & Pakistan",4340254.060485095
Saudi Arabia,Women,1996,0.332138784798794,Obesity,33.2,13831009.0,20280.494,Upper middle income,"Middle East, North Africa, Afghanistan & Pakistan",4593814.521801183
Saudi Arabia,Women,1997,0.337521856309306,Obesity,33.8,14374943.0,21087.428,Upper middle income,"Middle East, North Africa, Afghanistan & Pakistan",4851857.445700464
Saudi Arabia,Women,1998,0.34277853605685,Obesity,34.3,14922185.0,22310.918,Upper middle income,"Middle East, North Africa, Afghanistan & Pakistan",5115004.729069486
Saudi Arabia,Women,1999,0.347937383436615,Obesity,34.8,15472075.0,22058.572,Upper middle income,"Middle East, North Africa, Afghanistan & Pakistan",5383313.291835065
Saudi Arabia,Women,2000,0.353019937114327,Obesity,35.3,16177722.0,23904.516,Upper middle income,"Middle East, North Africa, Afghanistan & Pakistan",5711058.403093064
Saudi Arabia,Women,2001,0.358079093704871,Obesity,35.8,17041397.0,24191.996,Upper middle income,"Middle East, North Africa, Afghanistan & Pakistan",6102167.993224908
Saudi Arabia,Women,2002,0.363155882435947,Obesity,36.3,17910910.0,24053.975,Upper middle income,"Middle East, North Africa, Afghanistan & Pakistan",6504452.326280828
Saudi Arabia,Women,2003,0.368234951581791,Obesity,36.8,18786767.0,27367.094,Upper middle income,"Middle East, North Africa, Afghanistan & Pakistan",6917944.236623389
Saudi Arabia,Women,2004,0.373309645107262,Obesity,37.3,19669480.0,30233.512,High income,"Middle East, North Africa, Afghanistan & Pakistan",7342806.598244388
Saudi Arabia,Women,2005,0.378410132956094,Obesity,37.8,20559890.0,32700.332,High income,"Middle East, North Africa, Afghanistan & Pakistan",7780070.708462668
Saudi Arabia,Women,2006,0.38355988994915,Obesity,38.4,21459144.0,34483.043,High income,"Middle East, North Africa, Afghanistan & Pakistan",8230866.911042963
Saudi Arabia,Women,2007,0.388777225144133,Obesity,38.9,22368313.0,36070.316,High income,"Middle East, North Africa, Afghanistan & Pakistan",8696290.659295436
Saudi Arabia,Women,2008,0.394049106556066,Obesity,39.4,23287877.0,39393.43,High income,"Middle East, North Africa, Afghanistan & Pakistan",9176567.12543756
Saudi Arabia,Women,2009,0.399367502618704,Obesity,39.9,24217654.0,39671.555,High income,"Middle East, North Africa, Afghanistan & Pakistan",9671743.997263867
Saudi Arabia,Women,2010,0.404745101709301,Obesity,40.5,23978487.0,42737.656,High income,"Middle East, North Africa, Afghanistan & Pakistan",9705175.159650153
Saudi Arabia,Women,2011,0.410161196714028,Obesity,41.0,25091867.0,48470.0,High income,"Middle East, North Africa, Afghanistan & Pakistan",10291710.196509227
Saudi Arabia,Women,2012,0.415603038400566,Obesity,41.6,26168861.0,49835.047,High income,"Middle East, North Africa, Afghanistan & Pakistan",10875858.143082075
Saudi Arabia,Women,2013,0.421064440054015,Obesity,42.1,27624004.0,50021.12,High income,"Middle East, North Africa, Afghanistan & Pakistan",11631485.77630987
Saudi Arabia,Women,2014,0.426516582938115,Obesity,42.7,28309273.0,50790.992,High income,"Middle East, North Africa, Afghanistan & Pakistan",12074374.38542224
Saudi Arabia,Women,2015,0.431977109234985,Obesity,43.2,29816382.0,51941.598,High income,"Middle East, North Africa, Afghanistan & Pakistan",12879994.50420604
Saudi Arabia,Women,2016,0.437440156780893,Obesity,43.7,30954198.0,51959.074,High income,"Middle East, North Africa, Afghanistan & Pakistan",13540609.226146804
Syria,Women,1975,0.136273613781936,Obesity,13.6,7554364.0,8878.0,,"Middle East, North Africa, Afghanistan & Pakistan",1029460.4821041612
Syria,Women,1976,0.140541853805964,Obesity,14.1,7817320.0,9526.0,,"Middle East, North Africa, Afghanistan & Pakistan",1098660.6445944386
Syria,Women,1977,0.144837134742966,Obesity,14.5,8090501.0,9094.0,,"Middle East, North Africa, Afghanistan & Pakistan",1171804.9834751012
Syria,Women,1978,0.149172811157371,Obesity,14.9,8372759.0,9561.0,,"Middle East, North Africa, Afghanistan & Pakistan",1248987.9971731785
Syria,Women,1979,0.153541366279644,Obesity,15.4,8661909.0,9580.0,,"Middle East, North Africa, Afghanistan & Pakistan",1329961.3424499447
Syria,Women,1980,0.157970764374172,Obesity,15.8,8957663.0,10374.0,,"Middle East, North Africa, Afghanistan & Pakistan",1415048.8711162389
Syria,Women,1981,0.162441535081074,Obesity,16.2,9260189.0,10984.0,,"Middle East, North Africa, Afghanistan & Pakistan",1504239.3163008757
Syria,Women,1982,0.166953912717396,Obesity,16.7,9572511.0,10817.0,,"Middle East, North Africa, Afghanistan & Pakistan",1598168.1659803132
Syria,Women,1983,0.171506897888459,Obesity,17.2,9904809.0,10581.0,,"Middle East, North Africa, Afghanistan & Pakistan",1698743.0657676896
Syria,Women,1984,0.176106703091189,Obesity,17.6,10258398.0,9792.0,,"Middle East, North Africa, Afghanistan & Pakistan",1806572.650777247
Syria,Women,1985,0.180759728286475,Obesity,18.1,10625672.0,10026.0,,"Middle East, North Africa, Afghanistan & Pakistan",1920693.5835812052
Syria,Women,1986,0.185441303226029,Obesity,18.5,11002844.0,9200.0,,"Middle East, North Africa, Afghanistan & Pakistan",2040381.7305526938
Syria,Women,1987,0.190177309012998,Obesity,19.0,11388923.0,9055.0,Lower middle income,"Middle East, North Africa, Afghanistan & Pakistan",2165914.72869624
Syria,Women,1988,0.194959165069901,Obesity,19.5,11782264.0,9913.0,Lower middle income,"Middle East, North Africa, Afghanistan & Pakistan",2297060.352073152
Syria,Women,1989,0.199790550348964,Obesity,20.0,12179060.0,8735.0,Lower middle income,"Middle East, North Africa, Afghanistan & Pakistan",2433261.1001330535
Syria,Women,1990,0.204667739110474,Obesity,20.5,12579208.0,9087.0,Lower middle income,"Middle East, North Africa, Afghanistan & Pakistan",2574558.0611603875
Syria,Women,1991,0.209609421462254,Obesity,21.0,12980821.0,9424.123,Lower middle income,"Middle East, North Africa, Afghanistan & Pakistan",2720902.3799150772
Syria,Women,1992,0.214636257973715,Obesity,21.5,13385571.0,10002.276,Lower middle income,"Middle East, North Africa, Afghanistan & Pakistan",2873028.8702814784
Syria,Women,1993,0.219730016062588,Obesity,22.0,13795686.0,10072.486,Lower middle income,"Middle East, North Africa, Afghanistan & Pakistan",3031326.3063744204
Syria,Women,1994,0.224891969348907,Obesity,22.5,14208583.0,9969.374,Lower middle income,"Middle East, North Africa, Afghanistan & Pakistan",3195396.2125274013
Syria,Women,1995,0.230134440704939,Obesity,23.0,14616801.0,9856.483,Lower middle income,"Middle East, North Africa, Afghanistan & Pakistan",3363829.323030393
Syria,Women,1996,0.235515541653778,Obesity,23.6,15018104.0,9517.372,Lower middle income,"Middle East, North Africa, Afghanistan & Pakistan",3536996.89817277
Syria,Women,1997,0.241011831360872,Obesity,24.1,15417542.0,8826.773,Lower middle income,"Middle East, North Africa, Afghanistan & Pakistan",3715810.0325031616
Syria,Women,1998,0.246634021714971,Obesity,24.7,15820413.0,8742.974,Lower middle income,"Middle East, North Africa, Afghanistan & Pakistan",3901852.0833818098
Syria,Women,1999,0.252354106780222,Obesity,25.2,16228061.0,7960.292,Lower middle income,"Middle East, North Africa, Afghanistan & Pakistan",4095217.8384299567
Syria,Women,2000,0.258147981070675,Obesity,25.8,16637888.0,7668.072,Lower middle income,"Middle East, North Africa, Afghanistan & Pakistan",4295037.196480011
Syria,Women,2001,0.264040534678768,Obesity,26.4,17051338.0,7509.304,Lower middle income,"Middle East, North Africa, Afghanistan & Pakistan",4502244.402508394
Syria,Women,2002,0.270039497357382,Obesity,27.0,17468332.0,7529.7017,Lower middle income,"Middle East, North Africa, Afghanistan & Pakistan",4717139.5929518705
Syria,Women,2003,0.276108406263669,Obesity,27.6,17889296.0,6986.524,Lower middle income,"Middle East, North Africa, Afghanistan & Pakistan",4939385.007739029
Syria,Women,2004,0.282233133920012,Obesity,28.2,18336875.0,7051.4287,Lower middle income,"Middle East, North Africa, Afghanistan & Pakistan",5175273.69754952
Syria,Women,2005,0.288415073361469,Obesity,28.8,18814091.0,7037.7183,Lower middle income,"Middle East, North Africa, Afghanistan & Pakistan",5426267.435994353
Syria,Women,2006,0.29466650389957,Obesity,29.5,19637022.0,6901.778,Lower middle income,"Middle East, North Africa, Afghanistan & Pakistan",5786372.619738942
Syria,Women,2007,0.300994396699221,Obesity,30.1,20884125.0,6779.537,Lower middle income,"Middle East, North Africa, Afghanistan & Pakistan",6286004.604966119
Syria,Women,2008,0.307418306143282,Obesity,30.7,21636564.0,6600.379,Lower middle income,"Middle East, North Africa, Afghanistan & Pakistan",6651475.855640715
Syria,Women,2009,0.313903835636963,Obesity,31.4,21976969.0,6586.5186,Lower middle income,"Middle East, North Africa, Afghanistan & Pakistan",6898654.864774631
Syria,Women,2010,0.320462667604832,Obesity,32.0,22482421.0,6520.6123,Lower middle income,"Middle East, North Africa, Afghanistan & Pakistan",7204776.6078748945
Syria,Women,2011,0.32708604000945,Obesity,32.7,22878098.0,5979.0,Lower middle income,"Middle East, North Africa, Afghanistan & Pakistan",7483106.4777681185
Syria,Women,2012,0.333780415876106,Obesity,33.4,22759763.0,4443.686,Lower middle income,"Middle East, North Africa, Afghanistan & Pakistan",7596763.15938161
Syria,Women,2013,0.340520019496497,Obesity,34.1,21666917.0,3487.681,Lower middle income,"Middle East, North Africa, Afghanistan & Pakistan",7378018.999268983
Syria,Women,2014,0.347292907056896,Obesity,34.7,20273659.0,3384.4143,Lower middle income,"Middle East, North Africa, Afghanistan & Pakistan",7040897.970790204
Syria,Women,2015,0.354082553133375,Obesity,35.4,19424618.0,3464.0376,Lower middle income,"Middle East, North Africa, Afghanistan & Pakistan",6877918.335080513
Syria,Women,2016,0.360892088928752,Obesity,36.1,19193834.0,3380.5535,Lower middle income,"Middle East, North Africa, Afghanistan & Pakistan",6926902.846811704
Tunisia,Women,1975,0.12478900038995,Obesity,12.5,5839262.0,3899.0,,"Middle East, North Africa, Afghanistan & Pakistan",728675.6679950202
Tunisia,Women,1976,0.129654763002895,Obesity,13.0,5996994.0,4095.0,,"Middle East, North Africa, Afghanistan & Pakistan",777538.8357997832
Tunisia,Women,1977,0.134553078907595,Obesity,13.5,6155931.0,4132.0,,"Middle East, North Africa, Afghanistan & Pakistan",828299.4695927101
Tunisia,Women,1978,0.139494422398363,Obesity,13.9,6309390.0,4304.0,,"Middle East, North Africa, Afghanistan & Pakistan",880124.7137360075
Tunisia,Women,1979,0.144472892756496,Obesity,14.4,6456419.0,4481.0,,"Middle East, North Africa, Afghanistan & Pakistan",932777.5297780031
Tunisia,Women,1980,0.149489789522969,Obesity,14.9,6606195.0,4693.0,,"Middle East, North Africa, Afghanistan & Pakistan",987558.7000976903
Tunisia,Women,1981,0.154557130619677,Obesity,15.5,6758284.0,4830.0,,"Middle East, North Africa, Afghanistan & Pakistan",1044540.9829528731
Tunisia,Women,1982,0.159670176228137,Obesity,16.0,6908642.0,4713.0,,"Middle East, North Africa, Afghanistan & Pakistan",1103104.085637109
Tunisia,Women,1983,0.164850870301779,Obesity,16.5,7053800.0,4844.0,,"Middle East, North Africa, Afghanistan & Pakistan",1162825.0689346888
Tunisia,Women,1984,0.170101591227043,Obesity,17.0,7220044.0,4890.0,,"Middle East, North Africa, Afghanistan & Pakistan",1228140.9731292643
Tunisia,Women,1985,0.175430352875614,Obesity,17.5,7409903.0,5039.0,,"Middle East, North Africa, Afghanistan & Pakistan",1299921.8980640708
Tunisia,Women,1986,0.18093677384802,Obesity,18.1,7600301.0,4841.0,,"Middle East, North Africa, Afghanistan & Pakistan",1375173.9432138803
Tunisia,Women,1987,0.186600072610892,Obesity,18.7,7789987.0,5043.0,Lower middle income,"Middle East, North Africa, Afghanistan & Pakistan",1453612.1398379048
Tunisia,Women,1988,0.192420513599522,Obesity,19.2,7974440.0,4940.0,Lower middle income,"Middle East, North Africa, Afghanistan & Pakistan",1534445.8404685722
Tunisia,Women,1989,0.198364359869133,Obesity,19.8,8151660.0,5023.0,Lower middle income,"Middle East, North Africa, Afghanistan & Pakistan",1616998.8177708169
Tunisia,Women,1990,0.204416098411605,Obesity,20.4,8324509.0,5316.0,Lower middle income,"Middle East, North Africa, Afghanistan & Pakistan",1701663.6509722914
Tunisia,Women,1991,0.210514674314335,Obesity,21.1,8501827.0,5446.228,Lower middle income,"Middle East, North Africa, Afghanistan & Pakistan",1789759.3419818196
Tunisia,Women,1992,0.216661078179217,Obesity,21.7,8682512.0,5789.955,Lower middle income,"Middle East, North Africa, Afghanistan & Pakistan",1881162.41122399
Tunisia,Women,1993,0.222836908602589,Obesity,22.3,8857910.0,5843.0684,Lower middle income,"Middle East, North Africa, Afghanistan & Pakistan",1973869.2810799591
Tunisia,Women,1994,0.229025045620009,Obesity,22.9,9018448.0,5968.8447,Lower middle income,"Middle East, North Africa, Afghanistan & Pakistan",2065450.464621679
Tunisia,Women,1995,0.235243231196141,Obesity,23.5,9161258.0,6048.7476,Lower middle income,"Middle East, North Africa, Afghanistan & Pakistan",2155123.9337414964
Tunisia,Women,1996,0.241316550991983,Obesity,24.1,9294432.0,6388.394,Lower middle income,"Middle East, North Africa, Afghanistan & Pakistan",2242900.2736695185
Tunisia,Women,1997,0.247258297957347,Obesity,24.7,9421270.0,6680.1035,Lower middle income,"Middle East, North Africa, Afghanistan & Pakistan",2329487.1847966146
Tunisia,Women,1998,0.253116304520653,Obesity,25.3,9541667.0,6944.661,Lower middle income,"Middle East, North Africa, Afghanistan & Pakistan",2415151.4900066652
Tunisia,Women,1999,0.258896324026086,Obesity,25.9,9655963.0,7297.4746,Lower middle income,"Middle East, North Africa, Afghanistan & Pakistan",2499893.3256318974
Tunisia,Women,2000,0.264608754082044,Obesity,26.5,9764935.0,7548.438,Lower middle income,"Middle East, North Africa, Afghanistan & Pakistan",2583887.284042144
Tunisia,Women,2001,0.270258540784093,Obesity,27.0,9869677.0,7848.094,Lower middle income,"Middle East, North Africa, Afghanistan & Pakistan",2667364.5040303245
Tunisia,Women,2002,0.275896153658617,Obesity,27.6,9971515.0,7916.6797,Lower middle income,"Middle East, North Africa, Afghanistan & Pakistan",2751102.6346492046
Tunisia,Women,2003,0.281515586805741,Obesity,28.2,10071632.0,8281.715,Lower middle income,"Middle East, North Africa, Afghanistan & Pakistan",2835321.392571479
Tunisia,Women,2004,0.287132513692904,Obesity,28.7,10166163.0,8705.084,Lower middle income,"Middle East, North Africa, Afghanistan & Pakistan",2919035.936801794
Tunisia,Women,2005,0.292776149560468,Obesity,29.3,10255472.0,8983.384,Lower middle income,"Middle East, North Africa, Afghanistan & Pakistan",3002557.6040851916
Tunisia,Women,2006,0.298388125918909,Obesity,29.8,10346410.0,9420.023,Lower middle income,"Middle East, North Africa, Afghanistan & Pakistan",3087245.8898886596
Tunisia,Women,2007,0.304008271873721,Obesity,30.4,10441702.0,9932.938,Lower middle income,"Middle East, North Africa, Afghanistan & Pakistan",3174363.780440376
Tunisia,Women,2008,0.309665391597104,Obesity,31.0,10542635.0,10294.922,Lower middle income,"Middle East, North Africa, Afghanistan & Pakistan",3264689.195740334
Tunisia,Women,2009,0.315344074721412,Obesity,31.5,10650681.0,10533.218,Lower middle income,"Middle East, North Africa, Afghanistan & Pakistan",3358629.1450979235
Tunisia,Women,2010,0.321049384899494,Obesity,32.1,10765980.0,10721.812,Upper middle income,"Middle East, North Africa, Afghanistan & Pakistan",3456411.256840254
Tunisia,Women,2011,0.326815754174317,Obesity,32.7,10886035.0,10437.0,Upper middle income,"Middle East, North Africa, Afghanistan & Pakistan",3557727.7384930113
Tunisia,Women,2012,0.332624930106377,Obesity,33.3,11009647.0,10750.85,Upper middle income,"Middle East, North Africa, Afghanistan & Pakistan",3662083.063870883
Tunisia,Women,2013,0.338477438657982,Obesity,33.8,11141361.0,10881.511,Upper middle income,"Middle East, North Africa, Afghanistan & Pakistan",3771099.3344439333
Tunisia,Women,2014,0.344366174556341,Obesity,34.4,11274288.0,11084.781,Upper middle income,"Middle East, North Africa, Afghanistan & Pakistan",3882483.429406461
Tunisia,Women,2015,0.350269526088793,Obesity,35.0,11402264.0,11063.081,Lower middle income,"Middle East, North Africa, Afghanistan & Pakistan",3993865.6076193056
Tunisia,Women,2016,0.356223585736617,Obesity,35.6,11528674.0,11064.023,Lower middle income,"Middle East, North Africa, Afghanistan & Pakistan",4106785.591068507
United Arab Emirates,Women,1975,0.250522793333781,Obesity,25.1,542856.0,40591.0,,"Middle East, North Africa, Afghanistan & Pakistan",135997.80149800304
United Arab Emirates,Women,1976,0.253896211545673,Obesity,25.4,615866.0,40803.0,,"Middle East, North Africa, Afghanistan & Pakistan",156366.04421978744
United Arab Emirates,Women,1977,0.257315993020476,Obesity,25.7,710209.0,41915.0,,"Middle East, North Africa, Afghanistan & Pakistan",182748.13408707923
United Arab Emirates,Women,1978,0.260787758024661,Obesity,26.1,809274.0,35936.0,,"Middle East, North Africa, Afghanistan & Pakistan",211048.75208764948
United Arab Emirates,Women,1979,0.26432154344463,Obesity,26.4,912010.0,39534.0,,"Middle East, North Africa, Afghanistan & Pakistan",241063.890836937
United Arab Emirates,Women,1980,0.267946690599386,Obesity,26.8,1015700.0,44168.0,,"Middle East, North Africa, Afghanistan & Pakistan",272153.4536417963
United Arab Emirates,Women,1981,0.27145582893542,Obesity,27.1,1099855.0,42456.0,,"Middle East, North Africa, Afghanistan & Pakistan",298562.05073376634
United Arab Emirates,Women,1982,0.274861077843672,Obesity,27.5,1166370.0,36635.0,,"Middle East, North Africa, Afghanistan & Pakistan",320589.7153645237
United Arab Emirates,Women,1983,0.278175919299396,Obesity,27.8,1235305.0,32737.0,,"Middle East, North Africa, Afghanistan & Pakistan",343632.1039901404
United Arab Emirates,Women,1984,0.281414241473644,Obesity,28.1,1305996.0,32135.0,,"Middle East, North Africa, Afghanistan & Pakistan",367525.8737076132
United Arab Emirates,Women,1985,0.284581368952978,Obesity,28.5,1377911.0,29562.0,,"Middle East, North Africa, Afghanistan & Pakistan",392127.79867536685
United Arab Emirates,Women,1986,0.287718215116148,Obesity,28.8,1467383.0,21949.0,,"Middle East, North Africa, Afghanistan & Pakistan",422192.8176517786
United Arab Emirates,Women,1987,0.290864165502003,Obesity,29.1,1574244.0,21487.0,High income,"Middle East, North Africa, Afghanistan & Pakistan",457891.1673565352
United Arab Emirates,Women,1988,0.294027274681928,Obesity,29.4,1681788.0,20215.0,High income,"Middle East, North Africa, Afghanistan & Pakistan",494491.54223277036
United Arab Emirates,Women,1989,0.297210390082313,Obesity,29.7,1789851.0,21072.0,High income,"Middle East, North Africa, Afghanistan & Pakistan",531962.313899218
United Arab Emirates,Women,1990,0.300433035144317,Obesity,30.0,1898220.0,22254.0,High income,"Middle East, North Africa, Afghanistan & Pakistan",570287.9959716455
United Arab Emirates,Women,1991,0.3037119751534,Obesity,30.4,2006626.0,,High income,"Middle East, North Africa, Afghanistan & Pakistan",609436.3458541664
United Arab Emirates,Women,1992,0.307039248899439,Obesity,30.7,2114730.0,,High income,"Middle East, North Africa, Afghanistan & Pakistan",649305.1108251107
United Arab Emirates,Women,1993,0.310412416540941,Obesity,31.0,2222093.0,25558.756,High income,"Middle East, North Africa, Afghanistan & Pakistan",689765.2579087091
United Arab Emirates,Women,1994,0.31383965965813,Obesity,31.4,2328188.0,28334.582,High income,"Middle East, North Africa, Afghanistan & Pakistan",730677.7295401423
United Arab Emirates,Women,1995,0.317313379036,Obesity,31.7,2434662.0,31239.918,High income,"Middle East, North Africa, Afghanistan & Pakistan",772550.8260305458
United Arab Emirates,Women,1996,0.321122993951519,Obesity,32.1,2597564.0,34042.742,High income,"Middle East, North Africa, Afghanistan & Pakistan",834137.5286606835
United Arab Emirates,Women,1997,0.325224582350589,Obesity,32.5,2817410.0,38168.465,High income,"Middle East, North Africa, Afghanistan & Pakistan",916290.990560373
United Arab Emirates,Women,1998,0.329597349567771,Obesity,33.0,3040421.0,39667.793,High income,"Middle East, North Africa, Afghanistan & Pakistan",1002114.7031701918
United Arab Emirates,Women,1999,0.334191817539638,Obesity,33.4,3266009.0,42372.438,High income,"Middle East, North Africa, Afghanistan & Pakistan",1091473.4838108155
United Arab Emirates,Women,2000,0.338965314866684,Obesity,33.9,3493575.0,48888.03,High income,"Middle East, North Africa, Afghanistan & Pakistan",1184200.7498853756
United Arab Emirates,Women,2001,0.343915710840689,Obesity,34.4,3723590.0,51263.375,High income,"Middle East, North Africa, Afghanistan & Pakistan",1280601.1017292812
United Arab Emirates,Women,2002,0.349032396344633,Obesity,34.9,3956826.0,54077.47,High income,"Middle East, North Africa, Afghanistan & Pakistan",1381060.460698749
United Arab Emirates,Women,2003,0.354244240866306,Obesity,35.4,4192457.0,59823.266,High income,"Middle East, North Africa, Afghanistan & Pakistan",1485153.7473296307
United Arab Emirates,Women,2004,0.359540739706427,Obesity,36.0,4428967.0,64925.67,High income,"Middle East, North Africa, Afghanistan & Pakistan",1592394.071315355
United Arab Emirates,Women,2005,0.364896098937953,Obesity,36.5,4664790.0,65599.055,High income,"Middle East, North Africa, Afghanistan & Pakistan",1702163.6733647739
United Arab Emirates,Women,2006,0.370257250888459,Obesity,37.0,5009100.0,67830.93,High income,"Middle East, North Africa, Afghanistan & Pakistan",1854655.59542538
United Arab Emirates,Women,2007,0.375654422564679,Obesity,37.6,5624635.0,65412.8,High income,"Middle East, North Africa, Afghanistan & Pakistan",2112919.013062083
United Arab Emirates,Women,2008,0.381101304409026,Obesity,38.1,6302664.0,63862.086,High income,"Middle East, North Africa, Afghanistan & Pakistan",2401953.4716518093
United Arab Emirates,Women,2009,0.386572691934564,Obesity,38.7,6707058.0,58860.535,High income,"Middle East, North Africa, Afghanistan & Pakistan",2592765.466021253
United Arab Emirates,Women,2010,0.392069075614924,Obesity,39.2,6869838.0,60112.402,High income,"Middle East, North Africa, Afghanistan & Pakistan",2693451.0342842783
United Arab Emirates,Women,2011,0.397540453067539,Obesity,39.8,7104538.0,65307.0,High income,"Middle East, North Africa, Afghanistan & Pakistan",2824341.255355547
United Arab Emirates,Women,2012,0.40299251037105,Obesity,40.3,7391448.0,66007.0,High income,"Middle East, North Africa, Afghanistan & Pakistan",2978698.1847970765
United Arab Emirates,Women,2013,0.408438450978716,Obesity,40.8,7693031.0,66825.305,High income,"Middle East, North Africa, Afghanistan & Pakistan",3142129.6649712427
United Arab Emirates,Women,2014,0.413867690815509,Obesity,41.4,8059440.0,67791.39,High income,"Middle East, North Africa, Afghanistan & Pakistan",3335541.822066146
United Arab Emirates,Women,2015,0.419270858974664,Obesity,41.9,8505237.0,71319.61,High income,"Middle East, North Africa, Afghanistan & Pakistan",3565998.022773094
United Arab Emirates,Women,2016,0.424640140677316,Obesity,42.5,8935095.0,74292.95,High income,"Middle East, North Africa, Afghanistan & Pakistan",3794199.9977651825
Yemen,Women,1975,0.0435062032213017,Obesity,4.4,8133598.0,2844.0,,"Middle East, North Africa, Afghanistan & Pakistan",353861.9675083731
Yemen,Women,1976,0.0455442614901052,Obesity,4.6,8384113.0,3193.0,,"Middle East, North Africa, Afghanistan & Pakistan",381848.2348345904
Yemen,Women,1977,0.0476758723521676,Obesity,4.8,8648222.0,3446.0,,"Middle East, North Africa, Afghanistan & Pakistan",412311.5281452076
Yemen,Women,1978,0.0499037963386565,Obesity,5.0,8926586.0,3636.0,,"Middle East, North Africa, Afghanistan & Pakistan",445470.5297435024
Yemen,Women,1979,0.052230450007474,Obesity,5.2,9224194.0,3733.0,,"Middle East, North Africa, Afghanistan & Pakistan",481783.8035762416
Yemen,Women,1980,0.0546574739501259,Obesity,5.5,9543358.0,3650.0,,"Middle East, North Africa, Afghanistan & Pakistan",521615.8412817256
Yemen,Women,1981,0.0572050851800757,Obesity,5.7,9882362.0,3767.0,,"Middle East, North Africa, Afghanistan & Pakistan",565321.3599903432
Yemen,Women,1982,0.0598749954728693,Obesity,6.0,10241006.0,3724.0,,"Middle East, North Africa, Afghanistan & Pakistan",613180.1878876273
Yemen,Women,1983,0.0626645465225443,Obesity,6.3,10621499.0,3827.0,,"Middle East, North Africa, Afghanistan & Pakistan",665591.4182246578
Yemen,Women,1984,0.0655752185468304,Obesity,6.6,11025597.0,3861.0,,"Middle East, North Africa, Afghanistan & Pakistan",723005.9328842777
Yemen,Women,1985,0.0685974432417706,Obesity,6.9,11453825.0,3717.0,,"Middle East, North Africa, Afghanistan & Pakistan",785703.1103386731
Yemen,Women,1986,0.0717642663024219,Obesity,7.2,11901040.0,3684.0,,"Middle East, North Africa, Afghanistan & Pakistan",854069.4038357751
Yemen,Women,1987,0.0750816488630443,Obesity,7.5,12369912.0,3712.0,,"Middle East, North Africa, Afghanistan & Pakistan",928753.3892507581
Yemen,Women,1988,0.0785459210086195,Obesity,7.9,12859708.0,3747.0,,"Middle East, North Africa, Afghanistan & Pakistan",1010077.6087619122
Yemen,Women,1989,0.0821505181855367,Obesity,8.2,13364174.0,3751.0,Lower middle income,"Middle East, North Africa, Afghanistan & Pakistan",1097873.8192216768
Yemen,Women,1990,0.0858895878390508,Obesity,8.6,13887862.0,3622.0,Lower middle income,"Middle East, North Africa, Afghanistan & Pakistan",1192822.7431456158
Yemen,Women,1991,0.0897733823749152,Obesity,9.0,14430201.0,3661.9236,Low income,"Middle East, North Africa, Afghanistan & Pakistan",1295447.9521198836
Yemen,Women,1992,0.0938139128147246,Obesity,9.4,14989494.0,3759.7183,Low income,"Middle East, North Africa, Afghanistan & Pakistan",1406223.0832528376
Yemen,Women,1993,0.098001748946176,Obesity,9.8,15563914.0,3712.341,Low income,"Middle East, North Africa, Afghanistan & Pakistan",1525290.7924478739
Yemen,Women,1994,0.102326368954126,Obesity,10.2,16149147.0,3775.0696,Low income,"Middle East, North Africa, Afghanistan & Pakistan",1652483.574216417
Yemen,Women,1995,0.10679422254259,Obesity,10.7,16740058.0,3823.3188,Low income,"Middle East, North Africa, Afghanistan & Pakistan",1787741.479427864
Yemen,Women,1996,0.111370898214794,Obesity,11.1,17313177.0,3855.572,Low income,"Middle East, North Africa, Afghanistan & Pakistan",1928184.0734417124
Yemen,Women,1997,0.11605611907158,Obesity,11.6,17873936.0,3927.6804,Low income,"Middle East, North Africa, Afghanistan & Pakistan",2074379.6446938005
Yemen,Women,1998,0.120850704930936,Obesity,12.1,18446013.0,4044.1484,Low income,"Middle East, North Africa, Afghanistan & Pakistan",2229213.6742152097
Yemen,Women,1999,0.125739156918022,Obesity,12.6,19029420.0,4080.2185,Low income,"Middle East, North Africa, Afghanistan & Pakistan",2392743.2274389463
Yemen,Women,2000,0.130723154253029,Obesity,13.1,19624141.0,4212.1055,Low income,"Middle East, North Africa, Afghanistan & Pakistan",2565329.6110261907
Yemen,Women,2001,0.135819837356733,Obesity,13.6,20226147.0,4249.0337,Low income,"Middle East, North Africa, Afghanistan & Pakistan",2747111.995893373
Yemen,Women,2002,0.141039406877325,Obesity,14.1,20835086.0,4292.0986,Low income,"Middle East, North Africa, Afghanistan & Pakistan",2938568.171678058
Yemen,Women,2003,0.146388915721935,Obesity,14.6,21456379.0,4326.5103,Low income,"Middle East, North Africa, Afghanistan & Pakistan",3140976.057128896
Yemen,Women,2004,0.151857364169829,Obesity,15.2,22095167.0,4371.3955,Low income,"Middle East, North Africa, Afghanistan & Pakistan",3355313.8215121883
Yemen,Women,2005,0.157453450407306,Obesity,15.7,22790085.0,4485.583,Low income,"Middle East, North Africa, Afghanistan & Pakistan",3588377.518325788
Yemen,Women,2006,0.163205557539678,Obesity,16.3,23543083.0,4497.2593,Low income,"Middle East, North Africa, Afghanistan & Pakistan",3842361.987217915
Yemen,Women,2007,0.169131127334552,Obesity,16.9,24318082.0,4516.1436,Low income,"Middle East, North Africa, Afghanistan & Pakistan",4112944.6232740767
Yemen,Women,2008,0.175248562220746,Obesity,17.5,25111941.0,4549.009,Low income,"Middle East, North Africa, Afghanistan & Pakistan",4400831.554822203
Yemen,Women,2009,0.181526803820356,Obesity,18.2,25927724.0,4593.5425,Lower middle income,"Middle East, North Africa, Afghanistan & Pakistan",4706576.8680563355
Yemen,Women,2010,0.187981318715275,Obesity,18.8,26754387.0,4812.345,Lower middle income,"Middle East, North Africa, Afghanistan & Pakistan",5029324.949678809
Yemen,Women,2011,0.194599369852247,Obesity,19.5,27582897.0,4088.0,Lower middle income,"Middle East, North Africa, Afghanistan & Pakistan",5367614.374899434
Yemen,Women,2012,0.201377986896134,Obesity,20.1,28433647.0,4064.3423,Lower middle income,"Middle East, North Africa, Afghanistan & Pakistan",5725910.5929753
Yemen,Women,2013,0.208286634224662,Obesity,20.8,29312952.0,4139.823,Lower middle income,"Middle East, North Africa, Afghanistan & Pakistan",6105496.1112690745
Yemen,Women,2014,0.215326037713749,Obesity,21.5,30226309.0,4019.4,Lower middle income,"Middle East, North Africa, Afghanistan & Pakistan",6508511.351681431
Yemen,Women,2015,0.222472169524475,Obesity,22.2,31159379.0,2820.6172,Lower middle income,"Middle East, North Africa, Afghanistan & Pakistan",6932094.6471653655
Yemen,Women,2016,0.229723673637962,Obesity,23.0,32109010.0,2495.4993,Lower middle income,"Middle East, North Africa, Afghanistan & Pakistan",7376199.734078058
Afghanistan,Men,1980,0.0447123404542614,Diabetes,4.5,13169311.0,1019.0,,"Middle East, North Africa, Afghanistan & Pakistan",588830.7169800497
Afghanistan,Men,1981,0.0461142532747307,Diabetes,4.6,11937581.0,1144.0,,"Middle East, North Africa, Afghanistan & Pakistan",550492.633721613
Afghanistan,Men,1982,0.0476013560028901,Diabetes,4.8,10991378.0,1270.0,,"Middle East, North Africa, Afghanistan & Pakistan",523204.4971403342
Afghanistan,Men,1983,0.0491727677926175,Diabetes,4.9,10917982.0,1347.0,,"Middle East, North Africa, Afghanistan & Pakistan",536867.3936499776
Afghanistan,Men,1984,0.0508338344116215,Diabetes,5.1,11190221.0,1337.0,,"Middle East, North Africa, Afghanistan & Pakistan",568841.8413434495
Afghanistan,Men,1985,0.0525499214421919,Diabetes,5.3,11426852.0,1304.0,,"Middle East, North Africa, Afghanistan & Pakistan",600480.1749315534
Afghanistan,Men,1986,0.0543259122914577,Diabetes,5.4,11420074.0,1344.0,,"Middle East, North Africa, Afghanistan & Pakistan",620405.9384859565
Afghanistan,Men,1987,0.0561994743850723,Diabetes,5.6,11387818.0,1211.0,Low income,"Middle East, North Africa, Afghanistan & Pakistan",639989.3859928653
Afghanistan,Men,1988,0.0581114267203745,Diabetes,5.8,11523298.0,1101.0,Low income,"Middle East, North Africa, Afghanistan & Pakistan",669635.287304038
Afghanistan,Men,1989,0.0600414532882309,Diabetes,6.0,11874088.0,999.0,Low income,"Middle East, North Africa, Afghanistan & Pakistan",712937.499992343
Afghanistan,Men,1990,0.0619301547293172,Diabetes,6.2,12045660.0,963.0,Low income,"Middle East, North Africa, Afghanistan & Pakistan",745989.587616747
Afghanistan,Men,1991,0.0637691953562893,Diabetes,6.4,12238879.0,881.1704,Low income,"Middle East, North Africa, Afghanistan & Pakistan",780463.4658929866
Afghanistan,Men,1992,0.0655397973859748,Diabetes,6.6,13278974.0,843.87537,Low income,"Middle East, North Africa, Afghanistan & Pakistan",870301.2654536274
Afghanistan,Men,1993,0.0672374197512771,Diabetes,6.7,14943172.0,578.4028,Low income,"Middle East, North Africa, Afghanistan & Pakistan",1004740.3281795309
Afghanistan,Men,1994,0.06886689969903,Diabetes,6.9,16250794.0,428.42456,Low income,"Middle East, North Africa, Afghanistan & Pakistan",1119141.8004275984
Afghanistan,Men,1995,0.0706734377959515,Diabetes,7.1,17065836.0,632.94037,Low income,"Middle East, North Africa, Afghanistan & Pakistan",1206101.2989819099
Afghanistan,Men,1996,0.0725492000950515,Diabetes,7.3,17763266.0,600.1753,Low income,"Middle East, North Africa, Afghanistan & Pakistan",1288710.739375625
Afghanistan,Men,1997,0.0745613175395119,Diabetes,7.5,18452091.0,570.59814,Low income,"Middle East, North Africa, Afghanistan & Pakistan",1375812.2163189696
Afghanistan,Men,1998,0.0766243290310454,Diabetes,7.7,19159996.0,545.03876,Low income,"Middle East, North Africa, Afghanistan & Pakistan",1468121.8377375137
Afghanistan,Men,1999,0.078784154523448,Diabetes,7.9,19887785.0,518.65784,Low income,"Middle East, North Africa, Afghanistan & Pakistan",1566842.3265691113
Afghanistan,Men,2000,0.0809770272720049,Diabetes,8.1,20130327.0,502.37274,Low income,"Middle East, North Africa, Afghanistan & Pakistan",1630094.0384733765
Afghanistan,Men,2001,0.0830883849762737,Diabetes,8.3,20284307.0,489.682,Low income,"Middle East, North Africa, Afghanistan & Pakistan",1685390.3089929235
Afghanistan,Men,2002,0.0855148770812191,Diabetes,8.6,21378117.0,796.8166,Low income,"Middle East, North Africa, Afghanistan & Pakistan",1828147.0474829206
Afghanistan,Men,2003,0.0880242507110801,Diabetes,8.8,22733049.0,842.8052,Low income,"Middle East, North Africa, Afghanistan & Pakistan",2001059.6046032687
Afghanistan,Men,2004,0.0904805383628292,Diabetes,9.0,23560654.0,869.03925,Low income,"Middle East, North Africa, Afghanistan & Pakistan",2131780.658100345
Afghanistan,Men,2005,0.0929080711134763,Diabetes,9.3,24404567.0,964.4081,Low income,"Middle East, North Africa, Afghanistan & Pakistan",2267381.246329597
Afghanistan,Men,2006,0.0952870311660574,Diabetes,9.5,25424094.0,1057.0966,Low income,"Middle East, North Africa, Afghanistan & Pakistan",2422586.4373467728
Afghanistan,Men,2007,0.0977265614147357,Diabetes,9.8,25909852.0,1259.9967,Low income,"Middle East, North Africa, Afghanistan & Pakistan",2532080.7427247125
Afghanistan,Men,2008,0.100123060762934,Diabetes,10.0,26482622.0,1319.6074,Low income,"Middle East, North Africa, Afghanistan & Pakistan",2651521.1716678124
Afghanistan,Men,2009,0.102692505666148,Diabetes,10.3,27466101.0,1557.3207,Low income,"Middle East, North Africa, Afghanistan & Pakistan",2820562.7325694934
Afghanistan,Men,2010,0.105222987507295,Diabetes,10.5,28284089.0,1627.6716,Low income,"Middle East, North Africa, Afghanistan & Pakistan",2976136.3435022198
Afghanistan,Men,2011,0.107696953522425,Diabetes,10.8,29347708.0,1792.0,Low income,"Middle East, North Africa, Afghanistan & Pakistan",3160658.7444657004
Afghanistan,Men,2012,0.110350983774659,Diabetes,11.0,30560034.0,1945.0,Low income,"Middle East, North Africa, Afghanistan & Pakistan",3372329.8160870275
Afghanistan,Men,2013,0.113026692769751,Diabetes,11.3,31622704.0,2025.0,Low income,"Middle East, North Africa, Afghanistan & Pakistan",3574209.649556776
Afghanistan,Men,2014,0.115657280438063,Diabetes,11.6,32792523.0,2022.0,Low income,"Middle East, North Africa, Afghanistan & Pakistan",3792694.028882631
Algeria,Men,1980,0.0467118016053571,Diabetes,4.7,18607174.0,5024.0,,"Middle East, North Africa, Afghanistan & Pakistan",869174.6203243589
Algeria,Men,1981,0.0479166683652842,Diabetes,4.8,19220704.0,4991.0,,"Middle East, North Africa, Afghanistan & Pakistan",920992.0993152915
Algeria,Men,1982,0.0492353773052487,Diabetes,4.9,19872348.0,5145.0,,"Middle East, North Africa, Afghanistan & Pakistan",978422.5517212043
Algeria,Men,1983,0.0506814591611036,Diabetes,5.1,20558115.0,5243.0,,"Middle East, North Africa, Afghanistan & Pakistan",1041915.2658017713
Algeria,Men,1984,0.0522310919760826,Diabetes,5.2,21271969.0,5361.0,,"Middle East, North Africa, Afghanistan & Pakistan",1111058.1693513778
Algeria,Men,1985,0.053874752344897,Diabetes,5.4,22008544.0,5469.0,,"Middle East, North Africa, Afghanistan & Pakistan",1185704.8574717687
Algeria,Men,1986,0.0555753688092681,Diabetes,5.6,22745499.0,5262.0,,"Middle East, North Africa, Afghanistan & Pakistan",1264089.4956758388
Algeria,Men,1987,0.0573584904758336,Diabetes,5.7,23443624.0,5088.0,Upper middle income,"Middle East, North Africa, Afghanistan & Pakistan",1344690.883923024
Algeria,Men,1988,0.0592080533675729,Diabetes,5.9,24109536.0,4850.0,Upper middle income,"Middle East, North Africa, Afghanistan & Pakistan",1427478.69415542
Algeria,Men,1989,0.0611155519779905,Diabetes,6.1,24754485.0,4889.0,Lower middle income,"Middle East, North Africa, Afghanistan & Pakistan",1512884.0147058861
Algeria,Men,1990,0.0631208489284149,Diabetes,6.3,25375810.0,4697.0,Lower middle income,"Middle East, North Africa, Afghanistan & Pakistan",1601742.6694461599
Algeria,Men,1991,0.0651766491762429,Diabetes,6.5,25987928.0,4708.232,Lower middle income,"Middle East, North Africa, Afghanistan & Pakistan",1693806.0660734598
Algeria,Men,1992,0.0672690109321697,Diabetes,6.7,26628568.0,4850.223,Lower middle income,"Middle East, North Africa, Afghanistan & Pakistan",1791277.4319000244
Algeria,Men,1993,0.0693892977303756,Diabetes,6.9,27277048.0,4816.924,Lower middle income,"Middle East, North Africa, Afghanistan & Pakistan",1892735.2048777463
Algeria,Men,1994,0.0715466965069773,Diabetes,7.2,27887279.0,4856.9854,Lower middle income,"Middle East, North Africa, Afghanistan & Pakistan",1995242.6870184015
Algeria,Men,1995,0.0737748550958393,Diabetes,7.4,28470191.0,5142.384,Lower middle income,"Middle East, North Africa, Afghanistan & Pakistan",2100384.2155758683
Algeria,Men,1996,0.076038949505724,Diabetes,7.6,29033044.0,5451.6343,Lower middle income,"Middle East, North Africa, Afghanistan & Pakistan",2207642.166713463
Algeria,Men,1997,0.0783488776315429,Diabetes,7.8,29579301.0,5638.48,Lower middle income,"Middle East, North Africa, Afghanistan & Pakistan",2317505.0344755743
Algeria,Men,1998,0.0807396691908187,Diabetes,8.1,30054133.0,6069.7773,Lower middle income,"Middle East, North Africa, Afghanistan & Pakistan",2426560.7562368675
Algeria,Men,1999,0.083106721895732,Diabetes,8.3,30474354.0,6421.5083,Lower middle income,"Middle East, North Africa, Afghanistan & Pakistan",2532623.662830088
Algeria,Men,2000,0.0855424922057821,Diabetes,8.6,30903893.0,6834.5537,Lower middle income,"Middle East, North Africa, Afghanistan & Pakistan",2643596.026080824
Algeria,Men,2001,0.0880590246395485,Diabetes,8.8,31331221.0,7218.2456,Lower middle income,"Middle East, North Africa, Afghanistan & Pakistan",2758996.7620261395
Algeria,Men,2002,0.0906489031965943,Diabetes,9.1,31750835.0,7814.8384,Lower middle income,"Middle East, North Africa, Afghanistan & Pakistan",2878178.368326038
Algeria,Men,2003,0.0933401836556386,Diabetes,9.3,32175818.0,8590.178,Lower middle income,"Middle East, North Africa, Afghanistan & Pakistan",3003296.7613904024
Algeria,Men,2004,0.0960667699288226,Diabetes,9.6,32628286.0,9182.294,Lower middle income,"Middle East, North Africa, Afghanistan & Pakistan",3134494.0443338235
Algeria,Men,2005,0.0987803233880346,Diabetes,9.9,33109249.0,9969.623,Lower middle income,"Middle East, North Africa, Afghanistan & Pakistan",3270542.323354961
Algeria,Men,2006,0.101431899111334,Diabetes,10.1,33623506.0,10385.779,Lower middle income,"Middle East, North Africa, Afghanistan & Pakistan",3410496.0683613336
Algeria,Men,2007,0.104124951529648,Diabetes,10.4,34189416.0,10974.742,Lower middle income,"Middle East, North Africa, Afghanistan & Pakistan",3559971.283826972
Algeria,Men,2008,0.106839945921646,Diabetes,10.7,34816961.0,11475.002,Upper middle income,"Middle East, North Africa, Afghanistan & Pakistan",3719842.230396058
Algeria,Men,2009,0.10955419611443,Diabetes,11.0,35490445.0,11907.021,Upper middle income,"Middle East, North Africa, Afghanistan & Pakistan",3888127.1717183916
Algeria,Men,2010,0.112191951119138,Diabetes,11.2,36188236.0,12587.744,Upper middle income,"Middle East, North Africa, Afghanistan & Pakistan",4060028.8043998303
Algeria,Men,2011,0.114699975672861,Diabetes,11.5,36903376.0,13204.0,Upper middle income,"Middle East, North Africa, Afghanistan & Pakistan",4232816.329446442
Algeria,Men,2012,0.117332195606684,Diabetes,11.7,37646166.0,13392.944,Upper middle income,"Middle East, North Africa, Afghanistan & Pakistan",4417107.312953697
Algeria,Men,2013,0.119982017164357,Diabetes,12.0,38414171.0,13508.265,Upper middle income,"Middle East, North Africa, Afghanistan & Pakistan",4609009.7242765445
Algeria,Men,2014,0.122647582827742,Diabetes,12.3,39205031.0,13760.384,Upper middle income,"Middle East, North Africa, Afghanistan & Pakistan",4808402.286836693
Bahrain,Men,1980,0.0838145895711232,Diabetes,8.4,358978.0,6994.0,,"Middle East, North Africa, Afghanistan & Pakistan",30087.593735062663
Bahrain,Men,1981,0.0844347418804656,Diabetes,8.4,373524.0,6875.0,,"Middle East, North Africa, Afghanistan & Pakistan",31538.402526159032
Bahrain,Men,1982,0.0850546222041225,Diabetes,8.5,386983.0,7036.0,,"Middle East, North Africa, Afghanistan & Pakistan",32914.692864417935
Bahrain,Men,1983,0.0857884033315469,Diabetes,8.6,400707.0,7240.0,,"Middle East, North Africa, Afghanistan & Pakistan",34376.01373377416
Bahrain,Men,1984,0.0866189840067007,Diabetes,8.7,415154.0,7264.0,,"Middle East, North Africa, Afghanistan & Pakistan",35960.217686317825
Bahrain,Men,1985,0.0874792007076718,Diabetes,8.7,430358.0,6972.0,,"Middle East, North Africa, Afghanistan & Pakistan",37647.37385815222
Bahrain,Men,1986,0.0883698548165765,Diabetes,8.8,446286.0,6880.0,,"Middle East, North Africa, Afghanistan & Pakistan",39438.22902667066
Bahrain,Men,1987,0.0893715834899587,Diabetes,8.9,462854.0,6786.0,High income,"Middle East, North Africa, Afghanistan & Pakistan",41365.99490466135
Bahrain,Men,1988,0.0904462941690845,Diabetes,9.0,479929.0,6802.0,High income,"Middle East, North Africa, Afghanistan & Pakistan",43407.79951427456
Bahrain,Men,1989,0.0915325623606029,Diabetes,9.2,497327.0,6751.0,High income,"Middle East, North Africa, Afghanistan & Pakistan",45521.61464111156
Bahrain,Men,1990,0.0926782273825409,Diabetes,9.3,514797.0,6542.0,Upper middle income,"Middle East, North Africa, Afghanistan & Pakistan",47710.47342184991
Bahrain,Men,1991,0.0939644106019749,Diabetes,9.4,503052.0,7059.957,Upper middle income,"Middle East, North Africa, Afghanistan & Pakistan",47268.98468214468
Bahrain,Men,1992,0.0953084645356067,Diabetes,9.5,516458.0,7993.8926,Upper middle income,"Middle East, North Africa, Afghanistan & Pakistan",49222.81897713036
Bahrain,Men,1993,0.0967695175746237,Diabetes,9.7,530225.0,9102.066,Upper middle income,"Middle East, North Africa, Afghanistan & Pakistan",51309.617456004846
Bahrain,Men,1994,0.0981714942726062,Diabetes,9.8,544366.0,9935.004,Upper middle income,"Middle East, North Africa, Afghanistan & Pakistan",53441.223651201544
Bahrain,Men,1995,0.0995766407741066,Diabetes,10.0,558879.0,10695.393,Upper middle income,"Middle East, North Africa, Afghanistan & Pakistan",55651.29341919193
Bahrain,Men,1996,0.10090542102047,Diabetes,10.1,573792.0,11640.821,Upper middle income,"Middle East, North Africa, Afghanistan & Pakistan",57898.72333817752
Bahrain,Men,1997,0.102171503817831,Diabetes,10.2,589115.0,12528.39,Upper middle income,"Middle East, North Africa, Afghanistan & Pakistan",60190.765471641505
Bahrain,Men,1998,0.103440270433703,Diabetes,10.3,604842.0,13776.008,Upper middle income,"Middle East, North Africa, Afghanistan & Pakistan",62565.02004966179
Bahrain,Men,1999,0.104661323885994,Diabetes,10.5,620989.0,15263.758,Upper middle income,"Middle East, North Africa, Afghanistan & Pakistan",64993.530858639526
Bahrain,Men,2000,0.105800525301748,Diabetes,10.6,637582.0,17021.723,Upper middle income,"Middle East, North Africa, Afghanistan & Pakistan",67456.51052293909
Bahrain,Men,2001,0.106887997680948,Diabetes,10.7,661316.0,18152.963,High income,"Middle East, North Africa, Afghanistan & Pakistan",70686.74307437381
Bahrain,Men,2002,0.107918476126217,Diabetes,10.8,710553.0,19487.842,High income,"Middle East, North Africa, Afghanistan & Pakistan",76681.79696691186
Bahrain,Men,2003,0.108939211640895,Diabetes,10.9,764517.0,21391.611,High income,"Middle East, North Africa, Afghanistan & Pakistan",83285.87926606213
Bahrain,Men,2004,0.109942319934666,Diabetes,11.0,823741.0,23389.602,High income,"Middle East, North Africa, Afghanistan & Pakistan",90563.9965653017
Bahrain,Men,2005,0.110920739504033,Diabetes,11.1,888822.0,25230.9,High income,"Middle East, North Africa, Afghanistan & Pakistan",98588.79352745361
Bahrain,Men,2006,0.1118149291744,Diabetes,11.2,960424.0,26840.125,High income,"Middle East, North Africa, Afghanistan & Pakistan",107389.74153739394
Bahrain,Men,2007,0.112731369023523,Diabetes,11.3,1039295.0,28884.697,High income,"Middle East, North Africa, Afghanistan & Pakistan",117161.14816930234
Bahrain,Men,2008,0.113654026259388,Diabetes,11.4,1103496.0,30612.498,High income,"Middle East, North Africa, Afghanistan & Pakistan",125416.76336112962
Bahrain,Men,2009,0.114585725407361,Diabetes,11.5,1178415.0,31729.566,High income,"Middle East, North Africa, Afghanistan & Pakistan",135029.5376059153
Bahrain,Men,2010,0.115508780270178,Diabetes,11.6,1228543.0,34057.715,High income,"Middle East, North Africa, Afghanistan & Pakistan",141907.50343946528
Bahrain,Men,2011,0.116429852165297,Diabetes,11.6,1195020.0,36372.0,High income,"Middle East, North Africa, Afghanistan & Pakistan",139136.00193457323
Bahrain,Men,2012,0.117505880029976,Diabetes,11.8,1208964.0,36711.39,High income,"Middle East, North Africa, Afghanistan & Pakistan",142060.37874455992
Bahrain,Men,2013,0.118734398080827,Diabetes,11.9,1253191.0,37704.21,High income,"Middle East, North Africa, Afghanistan & Pakistan",148796.87906530968
Bahrain,Men,2014,0.120068180379651,Diabetes,12.0,1314562.0,38364.83,High income,"Middle East, North Africa, Afghanistan & Pakistan",157837.0673362348
Djibouti,Men,1980,0.0566692704371672,Diabetes,5.7,325815.0,3167.0,,"Middle East, North Africa, Afghanistan & Pakistan",18463.69834748563
Djibouti,Men,1981,0.0576973912585784,Diabetes,5.8,343047.0,3091.0,,"Middle East, North Africa, Afghanistan & Pakistan",19792.916979081547
Djibouti,Men,1982,0.058709300155995,Diabetes,5.9,356880.0,3043.0,,"Middle East, North Africa, Afghanistan & Pakistan",20952.175039671496
Djibouti,Men,1983,0.059756030618901,Diabetes,6.0,369553.0,2963.0,,"Middle East, North Africa, Afghanistan & Pakistan",22083.02038330672
Djibouti,Men,1984,0.0608453623984958,Diabetes,6.1,384053.0,2944.0,,"Middle East, North Africa, Afghanistan & Pakistan",23367.843965229506
Djibouti,Men,1985,0.0619677257225778,Diabetes,6.2,402687.0,2880.0,,"Middle East, North Africa, Afghanistan & Pakistan",24953.597568047684
Djibouti,Men,1986,0.063101543333095,Diabetes,6.3,426341.0,2743.0,,"Middle East, North Africa, Afghanistan & Pakistan",26902.775086175057
Djibouti,Men,1987,0.0642766576468158,Diabetes,6.4,454399.0,2670.0,,"Middle East, North Africa, Afghanistan & Pakistan",29207.24895805545
Djibouti,Men,1988,0.0654609225238883,Diabetes,6.5,484523.0,2652.0,,"Middle East, North Africa, Afghanistan & Pakistan",31717.32256404193
Djibouti,Men,1989,0.0666928887527683,Diabetes,6.7,523355.0,2436.0,,"Middle East, North Africa, Afghanistan & Pakistan",34904.056793205054
Djibouti,Men,1990,0.0685844969757294,Diabetes,6.9,579538.0,2308.0,Lower middle income,"Middle East, North Africa, Afghanistan & Pakistan",39747.32220832026
Djibouti,Men,1991,0.0703981403025496,Diabetes,7.0,631092.0,2013.3427,Lower middle income,"Middle East, North Africa, Afghanistan & Pakistan",44427.70315981663
Djibouti,Men,1992,0.0721326417282703,Diabetes,7.2,626010.0,2141.634,Lower middle income,"Middle East, North Africa, Afghanistan & Pakistan",45155.755048314495
Djibouti,Men,1993,0.0737159942094329,Diabetes,7.4,614245.0,2290.7847,Lower middle income,"Middle East, North Africa, Afghanistan & Pakistan",45279.68086317311
Djibouti,Men,1994,0.0751961933592084,Diabetes,7.5,626710.0,2175.3618,Lower middle income,"Middle East, North Africa, Afghanistan & Pakistan",47126.20634014949
Djibouti,Men,1995,0.076522086975139,Diabetes,7.7,633074.0,2262.4287,Lower middle income,"Middle East, North Africa, Afghanistan & Pakistan",48444.14368969915
Djibouti,Men,1996,0.0777202452758087,Diabetes,7.8,648348.0,2081.9954,Lower middle income,"Middle East, North Africa, Afghanistan & Pakistan",50389.76558408002
Djibouti,Men,1997,0.0787960697510551,Diabetes,7.9,671817.0,2080.5134,Lower middle income,"Middle East, North Africa, Afghanistan & Pakistan",52936.53919194458
Djibouti,Men,1998,0.0797536830704303,Diabetes,8.0,699352.0,1974.5657,Lower middle income,"Middle East, North Africa, Afghanistan & Pakistan",55775.89776267158
Djibouti,Men,1999,0.0805850306327858,Diabetes,8.1,724218.0,1930.5078,Lower middle income,"Middle East, North Africa, Afghanistan & Pakistan",58361.129714814866
Djibouti,Men,2000,0.0812889779656606,Diabetes,8.1,747318.0,1880.9988,Lower middle income,"Middle East, North Africa, Afghanistan & Pakistan",60748.71643534155
Djibouti,Men,2001,0.0819067879088982,Diabetes,8.2,771313.0,1845.6991,Lower middle income,"Middle East, North Africa, Afghanistan & Pakistan",63175.770302376
Djibouti,Men,2002,0.082522647353194,Diabetes,8.3,795574.0,1824.4551,Lower middle income,"Middle East, North Africa, Afghanistan & Pakistan",65652.87264536996
Djibouti,Men,2003,0.0831011255337532,Diabetes,8.3,813519.0,1945.6655,Lower middle income,"Middle East, North Africa, Afghanistan & Pakistan",67604.34454309338
Djibouti,Men,2004,0.0836908049683413,Diabetes,8.4,826124.0,2097.1233,Lower middle income,"Middle East, North Africa, Afghanistan & Pakistan",69138.982563666
Djibouti,Men,2005,0.0842313157461197,Diabetes,8.4,839167.0,2126.8052,Lower middle income,"Middle East, North Africa, Afghanistan & Pakistan",70684.14054072402
Djibouti,Men,2006,0.0847308579943945,Diabetes,8.5,855764.0,2342.2192,Lower middle income,"Middle East, North Africa, Afghanistan & Pakistan",72509.61796071501
Djibouti,Men,2007,0.0851981002976705,Diabetes,8.5,874528.0,2396.018,Lower middle income,"Middle East, North Africa, Afghanistan & Pakistan",74508.12425712119
Djibouti,Men,2008,0.0856242024826426,Diabetes,8.6,892734.0,2463.4448,Lower middle income,"Middle East, North Africa, Afghanistan & Pakistan",76439.63677913946
Djibouti,Men,2009,0.0858573335287647,Diabetes,8.6,911527.0,2521.5046,Lower middle income,"Middle East, North Africa, Afghanistan & Pakistan",78261.2776594743
Djibouti,Men,2010,0.0858796354038052,Diabetes,8.6,930251.0,2543.8733,Lower middle income,"Middle East, North Africa, Afghanistan & Pakistan",79889.61671402518
Djibouti,Men,2011,0.0857674865418085,Diabetes,8.6,948558.0,2590.0,Lower middle income,"Middle East, North Africa, Afghanistan & Pakistan",81355.4354991248
Djibouti,Men,2012,0.0859307566007572,Diabetes,8.6,966747.0,2654.0,Lower middle income,"Middle East, North Africa, Afghanistan & Pakistan",83073.30115151222
Djibouti,Men,2013,0.0861478284425824,Diabetes,8.6,984824.0,2724.0,Lower middle income,"Middle East, North Africa, Afghanistan & Pakistan",84840.44899813777
Djibouti,Men,2014,0.0864081205561468,Diabetes,8.6,1002717.0,2823.0,Lower middle income,"Middle East, North Africa, Afghanistan & Pakistan",86642.89141969784
Egypt,Men,1980,0.0647403803322509,Diabetes,6.5,43950413.0,3298.0,,"Middle East, North Africa, Afghanistan & Pakistan",2845366.453379504
Egypt,Men,1981,0.0662960566906457,Diabetes,6.6,45147224.0,3309.0,,"Middle East, North Africa, Afghanistan & Pakistan",2993082.92172928
Egypt,Men,1982,0.0679638889226616,Diabetes,6.8,46407611.0,3543.0,,"Middle East, North Africa, Afghanistan & Pakistan",3154041.7191700884
Egypt,Men,1983,0.0697342828191037,Diabetes,7.0,47786402.0,3701.0,,"Middle East, North Africa, Afghanistan & Pakistan",3332350.4719753824
Egypt,Men,1984,0.0716161456268037,Diabetes,7.2,49247334.0,3810.0,,"Middle East, North Africa, Afghanistan & Pakistan",3526904.243475841
Egypt,Men,1985,0.0735969966196914,Diabetes,7.4,50734968.0,3939.0,,"Middle East, North Africa, Afghanistan & Pakistan",3733941.268396151
Egypt,Men,1986,0.075610400524372,Diabetes,7.6,52206295.0,3921.0,,"Middle East, North Africa, Afghanistan & Pakistan",3947338.874843519
Egypt,Men,1987,0.0776546149543427,Diabetes,7.8,53674435.0,3929.0,Lower middle income,"Middle East, North Africa, Afghanistan & Pakistan",4168067.582816895
Egypt,Men,1988,0.0797452537018832,Diabetes,8.0,55187681.0,4001.0,Lower middle income,"Middle East, North Africa, Afghanistan & Pakistan",4400955.6225636
Egypt,Men,1989,0.0818846834919366,Diabetes,8.2,56710642.0,4030.0,Lower middle income,"Middle East, North Africa, Afghanistan & Pakistan",4643732.970794527
Egypt,Men,1990,0.0840655263933423,Diabetes,8.4,58396618.0,4022.0,Low income,"Middle East, North Africa, Afghanistan & Pakistan",4909142.431760929
Egypt,Men,1991,0.0862529815687813,Diabetes,8.6,60028997.0,4180.133,Low income,"Middle East, North Africa, Afghanistan & Pakistan",5177679.971833428
Egypt,Men,1992,0.0884568925976259,Diabetes,8.8,61480660.0,4338.9536,Low income,"Middle East, North Africa, Afghanistan & Pakistan",5438388.138451155
Egypt,Men,1993,0.0906716121220919,Diabetes,9.1,62915681.0,4542.6323,Low income,"Middle East, North Africa, Afghanistan & Pakistan",5704666.224029267
Egypt,Men,1994,0.092923613447512,Diabetes,9.3,64285589.0,4746.5884,Low income,"Middle East, North Africa, Afghanistan & Pakistan",5973649.22248163
Egypt,Men,1995,0.0952251592624258,Diabetes,9.5,65652622.0,5001.067,Lower middle income,"Middle East, North Africa, Afghanistan & Pakistan",6251781.38594584
Egypt,Men,1996,0.0976026742928542,Diabetes,9.8,67028048.0,5293.1006,Lower middle income,"Middle East, North Africa, Afghanistan & Pakistan",6542116.737429798
Egypt,Men,1997,0.100085096573161,Diabetes,10.0,68431740.0,5594.597,Lower middle income,"Middle East, North Africa, Afghanistan & Pakistan",6848997.306569445
Egypt,Men,1998,0.102689947190593,Diabetes,10.3,69943294.0,5884.802,Lower middle income,"Middle East, North Africa, Afghanistan & Pakistan",7182473.16719612
Egypt,Men,1999,0.105418277961265,Diabetes,10.5,71520954.0,6211.0156,Lower middle income,"Middle East, North Africa, Afghanistan & Pakistan",7539615.808826848
Egypt,Men,2000,0.108229321445152,Diabetes,10.8,73083284.0,6593.5317,Lower middle income,"Middle East, North Africa, Afghanistan & Pakistan",7909754.236303334
Egypt,Men,2001,0.111116673789015,Diabetes,11.1,74652029.0,6914.937,Lower middle income,"Middle East, North Africa, Afghanistan & Pakistan",8295085.1540810885
Egypt,Men,2002,0.114055104952578,Diabetes,11.4,76239137.0,7142.6865,Lower middle income,"Middle East, North Africa, Afghanistan & Pakistan",8695462.772028971
Egypt,Men,2003,0.117066354417674,Diabetes,11.7,77853548.0,7365.8027,Lower middle income,"Middle East, North Africa, Afghanistan & Pakistan",9114031.042841395
Egypt,Men,2004,0.120157384966152,Diabetes,12.0,79477443.0,7661.86,Lower middle income,"Middle East, North Africa, Afghanistan & Pakistan",9549801.714676403
Egypt,Men,2005,0.123292512688965,Diabetes,12.3,81101004.0,8021.8833,Lower middle income,"Middle East, North Africa, Afghanistan & Pakistan",9999146.564757802
Egypt,Men,2006,0.126547731406457,Diabetes,12.7,82700403.0,8509.614,Lower middle income,"Middle East, North Africa, Afghanistan & Pakistan",10465548.386049751
Egypt,Men,2007,0.129990358911632,Diabetes,13.0,84276225.0,9130.598,Lower middle income,"Middle East, North Africa, Afghanistan & Pakistan",10955096.735467453
Egypt,Men,2008,0.133718752342465,Diabetes,13.4,85864789.0,9698.017,Lower middle income,"Middle East, North Africa, Afghanistan & Pakistan",11481732.455229012
Egypt,Men,2009,0.137734181708262,Diabetes,13.8,87501636.0,10159.002,Lower middle income,"Middle East, North Africa, Afghanistan & Pakistan",12051966.2325942
Egypt,Men,2010,0.141975021402903,Diabetes,14.2,89196072.0,10719.291,Lower middle income,"Middle East, North Africa, Afghanistan & Pakistan",12663614.231254878
Egypt,Men,2011,0.146480943077098,Diabetes,14.6,91093059.0,10737.0,Lower middle income,"Middle East, North Africa, Afghanistan & Pakistan",13343397.190097729
Egypt,Men,2012,0.150864072103251,Diabetes,15.1,93161001.0,10774.53,Lower middle income,"Middle East, North Africa, Afghanistan & Pakistan",14054647.97207504
Egypt,Men,2013,0.155339029068504,Diabetes,15.5,95333553.0,10871.145,Lower middle income,"Middle East, North Africa, Afghanistan & Pakistan",14809021.560670767
Egypt,Men,2014,0.159915284761801,Diabetes,16.0,97528654.0,11135.728,Lower middle income,"Middle East, North Africa, Afghanistan & Pakistan",15596322.476845162
Iran,Men,1980,0.0503450604553641,Diabetes,5.0,39842324.0,6334.0,,"Middle East, North Africa, Afghanistan & Pakistan",2005864.210462204
Iran,Men,1981,0.0510734845100113,Diabetes,5.1,41989312.0,5887.0,,"Middle East, North Africa, Afghanistan & Pakistan",2144540.4760180316
Iran,Men,1982,0.0518036397196131,Diabetes,5.2,44272141.0,6535.0,,"Middle East, North Africa, Afghanistan & Pakistan",2293458.0419799113
Iran,Men,1983,0.0525378514563539,Diabetes,5.3,46029535.0,7108.0,,"Middle East, North Africa, Afghanistan & Pakistan",2418292.872435043
Iran,Men,1984,0.0532377053181095,Diabetes,5.3,47793998.0,6951.0,,"Middle East, North Africa, Afghanistan & Pakistan",2544442.781498315
Iran,Men,1985,0.0539510064789384,Diabetes,5.4,49582289.0,6853.0,,"Middle East, North Africa, Afghanistan & Pakistan",2675014.395079596
Iran,Men,1986,0.0545998192984502,Diabetes,5.5,51446045.0,5984.0,,"Middle East, North Africa, Afghanistan & Pakistan",2808944.7606199374
Iran,Men,1987,0.0552909154964443,Diabetes,5.5,53323493.0,5713.0,Upper middle income,"Middle East, North Africa, Afghanistan & Pakistan",2948304.745438239
Iran,Men,1988,0.0560281974949738,Diabetes,5.6,55072694.0,5249.0,Upper middle income,"Middle East, North Africa, Afghanistan & Pakistan",3085623.7760122586
Iran,Men,1989,0.0569382061476801,Diabetes,5.7,56704914.0,5303.0,Upper middle income,"Middle East, North Africa, Afghanistan & Pakistan",3228676.0829184717
Iran,Men,1990,0.057996368932416,Diabetes,5.8,58380092.0,5620.0,Lower middle income,"Middle East, North Africa, Afghanistan & Pakistan",3385833.3539403877
Iran,Men,1991,0.0592555314454131,Diabetes,5.9,59986931.0,6380.55,Lower middle income,"Middle East, North Africa, Afghanistan & Pakistan",3554557.476184326
Iran,Men,1992,0.0606421140561621,Diabetes,6.1,61184983.0,7036.315,Lower middle income,"Middle East, North Africa, Afghanistan & Pakistan",3710386.717610339
Iran,Men,1993,0.0621010451477709,Diabetes,6.2,61403543.0,6914.7666,Lower middle income,"Middle East, North Africa, Afghanistan & Pakistan",3813224.196076092
Iran,Men,1994,0.063594879440126,Diabetes,6.4,61520598.0,6884.706,Lower middle income,"Middle East, North Africa, Afghanistan & Pakistan",3912395.0128944567
Iran,Men,1995,0.0651299224720928,Diabetes,6.5,62205567.0,7093.735,Lower middle income,"Middle East, North Africa, Afghanistan & Pakistan",4051443.7560425745
Iran,Men,1996,0.0667564598726542,Diabetes,6.7,62881300.0,7746.409,Lower middle income,"Middle East, North Africa, Afghanistan & Pakistan",4197732.980190331
Iran,Men,1997,0.0684014739579706,Diabetes,6.8,63639638.0,8113.724,Lower middle income,"Middle East, North Africa, Afghanistan & Pakistan",4353045.041351676
Iran,Men,1998,0.0701271147495356,Diabetes,7.0,64519859.0,8458.387,Lower middle income,"Middle East, North Africa, Afghanistan & Pakistan",4524591.555716857
Iran,Men,1999,0.0719274736395979,Diabetes,7.2,65445391.0,8714.627,Lower middle income,"Middle East, North Africa, Afghanistan & Pakistan",4707321.635985677
Iran,Men,2000,0.0738903488250434,Diabetes,7.4,66418659.0,9104.763,Lower middle income,"Middle East, North Africa, Afghanistan & Pakistan",4907697.882001609
Iran,Men,2001,0.0760361248070521,Diabetes,7.6,67452005.0,9620.627,Lower middle income,"Middle East, North Africa, Afghanistan & Pakistan",5128789.070665902
Iran,Men,2002,0.0784279845466246,Diabetes,7.8,68011317.0,10467.371,Lower middle income,"Middle East, North Africa, Afghanistan & Pakistan",5333990.518671587
Iran,Men,2003,0.081088460178003,Diabetes,8.1,68769340.0,11502.853,Lower middle income,"Middle East, North Africa, Afghanistan & Pakistan",5576399.888057549
Iran,Men,2004,0.0839761066392972,Diabetes,8.4,70256316.0,12404.323,Lower middle income,"Middle East, North Africa, Afghanistan & Pakistan",5899851.884500162
Iran,Men,2005,0.0869552302628637,Diabetes,8.7,71828455.0,13110.143,Lower middle income,"Middle East, North Africa, Afghanistan & Pakistan",6245859.843950743
Iran,Men,2006,0.0900016368166738,Diabetes,9.0,73392747.0,14185.753,Lower middle income,"Middle East, North Africa, Afghanistan & Pakistan",6605467.360472025
Iran,Men,2007,0.0930839793262181,Diabetes,9.3,74602648.0,15467.107,Lower middle income,"Middle East, North Africa, Afghanistan & Pakistan",6944311.344113126
Iran,Men,2008,0.0960799081169963,Diabetes,9.6,75514204.0,15739.983,Lower middle income,"Middle East, North Africa, Afghanistan & Pakistan",7255397.781848114
Iran,Men,2009,0.0990110958070185,Diabetes,9.9,76457825.0,16575.07,Upper middle income,"Middle East, North Africa, Afghanistan & Pakistan",7570173.0362712545
Iran,Men,2010,0.10192728576431,Diabetes,10.2,77420842.0,17751.33,Upper middle income,"Middle East, North Africa, Afghanistan & Pakistan",7891296.286647494
Iran,Men,2011,0.104833800918445,Diabetes,10.5,78383598.0,18024.0,Upper middle income,"Middle East, North Africa, Afghanistan & Pakistan",8217250.508003424
Iran,Men,2012,0.107877559789723,Diabetes,10.8,79370580.0,17556.533,Upper middle income,"Middle East, North Africa, Afghanistan & Pakistan",8562304.489494992
Iran,Men,2013,0.11082683538992,Diabetes,11.1,80414686.0,16842.896,Upper middle income,"Middle East, North Africa, Afghanistan & Pakistan",8912105.168254104
Iran,Men,2014,0.113852069258804,Diabetes,11.4,81502045.0,17449.938,Upper middle income,"Middle East, North Africa, Afghanistan & Pakistan",9279176.47207416
Iraq,Men,1980,0.075393719989353,Diabetes,7.5,13591992.0,10165.0,,"Middle East, North Africa, Afghanistan & Pakistan",1024750.838945526
Iraq,Men,1981,0.0769829307696905,Diabetes,7.7,14006381.0,8035.0,,"Middle East, North Africa, Afghanistan & Pakistan",1078252.2588569084
Iraq,Men,1982,0.0786039309744296,Diabetes,7.9,14406083.0,7704.0,,"Middle East, North Africa, Afghanistan & Pakistan",1132374.7537439037
Iraq,Men,1983,0.0802918028729297,Diabetes,8.0,14840555.0,6805.0,,"Middle East, North Africa, Afghanistan & Pakistan",1191574.9165848712
Iraq,Men,1984,0.0820461384769766,Diabetes,8.2,15310733.0,6593.0,,"Middle East, North Africa, Afghanistan & Pakistan",1256186.5199020153
Iraq,Men,1985,0.0838275101243158,Diabetes,8.4,15683430.0,6268.0,,"Middle East, North Africa, Afghanistan & Pakistan",1314702.8871089981
Iraq,Men,1986,0.08560192185267,Diabetes,8.6,16074145.0,5992.0,,"Middle East, North Africa, Afghanistan & Pakistan",1375977.7041384862
Iraq,Men,1987,0.0874543038408471,Diabetes,8.7,16521049.0,6052.0,Upper middle income,"Middle East, North Africa, Afghanistan & Pakistan",1444836.8390155232
Iraq,Men,1988,0.089396469675069,Diabetes,8.9,16908819.0,4635.0,Upper middle income,"Middle East, North Africa, Afghanistan & Pakistan",1511588.7249747308
Iraq,Men,1989,0.0914222382111163,Diabetes,9.1,17364542.0,4098.0,Upper middle income,"Middle East, North Africa, Afghanistan & Pakistan",1587505.2951509338
Iraq,Men,1990,0.0935193083178373,Diabetes,9.4,17581206.0,3918.0,Upper middle income,"Middle East, North Africa, Afghanistan & Pakistan",1644182.2245134108
Iraq,Men,1991,0.0948028848268987,Diabetes,9.5,17767253.0,1518.7421,Lower middle income,"Middle East, North Africa, Afghanistan & Pakistan",1684386.8398493705
Iraq,Men,1992,0.0963750892949784,Diabetes,9.6,18300845.0,2046.1809,Lower middle income,"Middle East, North Africa, Afghanistan & Pakistan",1763745.571048559
Iraq,Men,1993,0.0983503024418206,Diabetes,9.8,19201195.0,2132.3823,Lower middle income,"Middle East, North Africa, Afghanistan & Pakistan",1888443.3354943735
Iraq,Men,1994,0.100224544343033,Diabetes,10.0,20139807.0,2108.538,Lower middle income,"Middle East, North Africa, Afghanistan & Pakistan",2018502.9797316266
Iraq,Men,1995,0.101800790999337,Diabetes,10.2,20825860.0,1996.9279,Lower middle income,"Middle East, North Africa, Afghanistan & Pakistan",2120089.0212414525
Iraq,Men,1996,0.103801693551055,Diabetes,10.4,21501321.0,2337.5227,Lower middle income,"Middle East, North Africa, Afghanistan & Pakistan",2231873.5333848633
Iraq,Men,1997,0.106027730947063,Diabetes,10.6,22176593.0,2337.948,Lower middle income,"Middle East, North Africa, Afghanistan & Pakistan",2351333.8359265206
Iraq,Men,1998,0.108716470142233,Diabetes,10.9,22884399.0,2794.7864,Lower middle income,"Middle East, North Africa, Afghanistan & Pakistan",2487911.0806064466
Iraq,Men,1999,0.111838163191613,Diabetes,11.2,23636527.0,3157.1125,Lower middle income,"Middle East, North Africa, Afghanistan & Pakistan",2643465.763908967
Iraq,Men,2000,0.115017895016731,Diabetes,11.5,24424056.0,3649.493,Lower middle income,"Middle East, North Africa, Afghanistan & Pakistan",2809203.5088907587
Iraq,Men,2001,0.118372915340618,Diabetes,11.8,25197840.0,4147.6484,Lower middle income,"Middle East, North Africa, Afghanistan & Pakistan",2982741.781086438
Iraq,Men,2002,0.121693755137609,Diabetes,12.2,26006559.0,4631.6523,Lower middle income,"Middle East, North Africa, Afghanistan & Pakistan",3164835.8229177813
Iraq,Men,2003,0.124378479956422,Diabetes,12.4,26802659.0,3782.4526,Lower middle income,"Middle East, North Africa, Afghanistan & Pakistan",3333673.9852103135
Iraq,Men,2004,0.127827367508331,Diabetes,12.8,27577878.0,6061.5547,Lower middle income,"Middle East, North Africa, Afghanistan & Pakistan",3525207.5462059164
Iraq,Men,2005,0.131423499618843,Diabetes,13.1,28407448.0,6441.41,Lower middle income,"Middle East, North Africa, Afghanistan & Pakistan",3733406.2314003026
Iraq,Men,2006,0.135236985962641,Diabetes,13.5,28616515.0,7117.6133,Lower middle income,"Middle East, North Africa, Afghanistan & Pakistan",3870011.2373547056
Iraq,Men,2007,0.139216736418183,Diabetes,13.9,28391607.0,7587.6055,Lower middle income,"Middle East, North Africa, Afghanistan & Pakistan",3952586.868207639
Iraq,Men,2008,0.143425415546108,Diabetes,14.3,28971036.0,8587.265,Lower middle income,"Middle East, North Africa, Afghanistan & Pakistan",4155182.877101254
Iraq,Men,2009,0.147813276249872,Diabetes,14.8,30058206.0,9268.709,Lower middle income,"Middle East, North Africa, Afghanistan & Pakistan",4443001.90705356
Iraq,Men,2010,0.15230949055978,Diabetes,15.2,31045366.0,10274.33,Lower middle income,"Middle East, North Africa, Afghanistan & Pakistan",4728503.879701914
Iraq,Men,2011,0.157017847181358,Diabetes,15.7,32161424.0,11484.0,Lower middle income,"Middle East, North Africa, Afghanistan & Pakistan",5049917.55876686
Iraq,Men,2012,0.162033501128887,Diabetes,16.2,33654842.0,12521.541,Upper middle income,"Middle East, North Africa, Afghanistan & Pakistan",5453211.879199514
Iraq,Men,2013,0.167169139272987,Diabetes,16.7,35281989.0,12877.205,Upper middle income,"Middle East, North Africa, Afghanistan & Pakistan",5898059.732968995
Iraq,Men,2014,0.172299940919977,Diabetes,17.2,36550059.0,12559.504,Upper middle income,"Middle East, North Africa, Afghanistan & Pakistan",6297573.006321673
Israel,Men,1980,0.0550189270539142,Diabetes,5.5,3878000.0,17508.0,,"Middle East, North Africa, Afghanistan & Pakistan",213363.3991150793
Israel,Men,1981,0.0558264938126032,Diabetes,5.6,3956000.0,18103.0,,"Middle East, North Africa, Afghanistan & Pakistan",220849.60952265825
Israel,Men,1982,0.0566156052260728,Diabetes,5.7,4031000.0,18155.0,,"Middle East, North Africa, Afghanistan & Pakistan",228217.50466629944
Israel,Men,1983,0.0573903070743902,Diabetes,5.7,4105000.0,18468.0,,"Middle East, North Africa, Afghanistan & Pakistan",235587.21054037177
Israel,Men,1984,0.0581537414390461,Diabetes,5.8,4159000.0,18305.0,,"Middle East, North Africa, Afghanistan & Pakistan",241861.41064499272
Israel,Men,1985,0.0589754202771038,Diabetes,5.9,4233000.0,18605.0,,"Middle East, North Africa, Afghanistan & Pakistan",249642.95403298037
Israel,Men,1986,0.0597730845343437,Diabetes,6.0,4299000.0,19160.0,,"Middle East, North Africa, Afghanistan & Pakistan",256964.49041314356
Israel,Men,1987,0.0605537392221646,Diabetes,6.1,4369000.0,20196.0,High income,"Middle East, North Africa, Afghanistan & Pakistan",264559.28666163713
Israel,Men,1988,0.0612350681331824,Diabetes,6.1,4442000.0,20256.0,High income,"Middle East, North Africa, Afghanistan & Pakistan",272006.1726475962
Israel,Men,1989,0.0618932973778889,Diabetes,6.2,4518000.0,20091.0,High income,"Middle East, North Africa, Afghanistan & Pakistan",279633.9175533021
Israel,Men,1990,0.0625015366202316,Diabetes,6.3,4660000.0,20829.0,High income,"Middle East, North Africa, Afghanistan & Pakistan",291257.16065027926
Israel,Men,1991,0.0630061441082235,Diabetes,6.3,4949000.0,20912.941,High income,"Middle East, North Africa, Afghanistan & Pakistan",311817.4071915981
Israel,Men,1992,0.063573883167704,Diabetes,6.4,5123000.0,21531.596,High income,"Middle East, North Africa, Afghanistan & Pakistan",325689.0034681476
Israel,Men,1993,0.0641786709788698,Diabetes,6.4,5261000.0,21484.979,High income,"Middle East, North Africa, Afghanistan & Pakistan",337643.988019834
Israel,Men,1994,0.0648652827943914,Diabetes,6.5,5399000.0,22128.805,High income,"Middle East, North Africa, Afghanistan & Pakistan",350207.66180691915
Israel,Men,1995,0.0655388778031777,Diabetes,6.6,5545000.0,23378.16,High income,"Middle East, North Africa, Afghanistan & Pakistan",363413.07741862035
Israel,Men,1996,0.066110677669008,Diabetes,6.6,5692000.0,23979.996,High income,"Middle East, North Africa, Afghanistan & Pakistan",376301.9772919935
Israel,Men,1997,0.0665657762208842,Diabetes,6.7,5836000.0,24226.73,High income,"Middle East, North Africa, Afghanistan & Pakistan",388477.8700250802
Israel,Men,1998,0.0669948670538865,Diabetes,6.7,5971000.0,24506.16,High income,"Middle East, North Africa, Afghanistan & Pakistan",400026.35117875633
Israel,Men,1999,0.0673753811233179,Diabetes,6.7,6125000.0,24644.205,High income,"Middle East, North Africa, Afghanistan & Pakistan",412674.20938032214
Israel,Men,2000,0.0677405339649747,Diabetes,6.8,6289000.0,26058.84,High income,"Middle East, North Africa, Afghanistan & Pakistan",426020.2181057259
Israel,Men,2001,0.0680067021222215,Diabetes,6.8,6439000.0,25427.32,High income,"Middle East, North Africa, Afghanistan & Pakistan",437895.1549649842
Israel,Men,2002,0.0681416508927481,Diabetes,6.8,6570000.0,24823.553,High income,"Middle East, North Africa, Afghanistan & Pakistan",447690.646365355
Israel,Men,2003,0.0681983478418429,Diabetes,6.8,6689700.0,24545.244,High income,"Middle East, North Africa, Afghanistan & Pakistan",456226.4875575764
Israel,Men,2004,0.0682597264459057,Diabetes,6.8,6809000.0,25210.879,High income,"Middle East, North Africa, Afghanistan & Pakistan",464780.47737017187
Israel,Men,2005,0.0682536126865359,Diabetes,6.8,6930100.0,25686.406,High income,"Middle East, North Africa, Afghanistan & Pakistan",473004.36127896246
Israel,Men,2006,0.0682621619383146,Diabetes,6.8,7053700.0,26571.256,High income,"Middle East, North Africa, Afghanistan & Pakistan",481500.8116642897
Israel,Men,2007,0.0683597918371298,Diabetes,6.8,7180100.0,27624.883,High income,"Middle East, North Africa, Afghanistan & Pakistan",490830.1413697757
Israel,Men,2008,0.0685443495281377,Diabetes,6.9,7308800.0,27857.62,High income,"Middle East, North Africa, Afghanistan & Pakistan",500976.9418312528
Israel,Men,2009,0.0687290337886521,Diabetes,6.9,7485600.0,27644.697,High income,"Middle East, North Africa, Afghanistan & Pakistan",514478.05532833416
Israel,Men,2010,0.0690646802733204,Diabetes,6.9,7623600.0,28575.531,High income,"Middle East, North Africa, Afghanistan & Pakistan",526521.4965316853
Israel,Men,2011,0.0695430195224787,Diabetes,7.0,7765800.0,29370.0,High income,"Middle East, North Africa, Afghanistan & Pakistan",540057.1810076651
Israel,Men,2012,0.0699386352714254,Diabetes,7.0,7910500.0,29580.836,High income,"Middle East, North Africa, Afghanistan & Pakistan",553249.5743146106
Israel,Men,2013,0.0703945236355546,Diabetes,7.0,8059500.0,30316.602,High income,"Middle East, North Africa, Afghanistan & Pakistan",567344.6632407523
Israel,Men,2014,0.0709223742912784,Diabetes,7.1,8215700.0,30906.148,High income,"Middle East, North Africa, Afghanistan & Pakistan",582676.950464856
Jordan,Men,1980,0.0700774784192252,Diabetes,7.0,2234186.0,7141.0,,"Middle East, North Africa, Afghanistan & Pakistan",156566.12119953506
Jordan,Men,1981,0.0720379172816673,Diabetes,7.2,2325517.0,7176.0,,"Middle East, North Africa, Afghanistan & Pakistan",167525.40128311107
Jordan,Men,1982,0.0741865489278872,Diabetes,7.4,2426927.0,7401.0,,"Middle East, North Africa, Afghanistan & Pakistan",180045.33862991052
Jordan,Men,1983,0.0764247478360483,Diabetes,7.6,2537307.0,7262.0,,"Middle East, North Africa, Afghanistan & Pakistan",193913.0476576402
Jordan,Men,1984,0.0788820265359752,Diabetes,7.9,2654688.0,7599.0,,"Middle East, North Africa, Afghanistan & Pakistan",209407.16926073493
Jordan,Men,1985,0.0814162136207159,Diabetes,8.1,2778810.0,7578.0,,"Middle East, North Africa, Afghanistan & Pakistan",226240.18857138153
Jordan,Men,1986,0.0840416514164067,Diabetes,8.4,2909887.0,7973.0,,"Middle East, North Africa, Afghanistan & Pakistan",244551.70891513344
Jordan,Men,1987,0.086683615831708,Diabetes,8.7,3047634.0,7911.0,Lower middle income,"Middle East, North Africa, Afghanistan & Pakistan",264179.9348516516
Jordan,Men,1988,0.0892098385427564,Diabetes,8.9,3193039.0,7571.0,Lower middle income,"Middle East, North Africa, Afghanistan & Pakistan",284850.49365072435
Jordan,Men,1989,0.0915801652653001,Diabetes,9.2,3349627.0,6540.0,Lower middle income,"Middle East, North Africa, Afghanistan & Pakistan",306759.3942371114
Jordan,Men,1990,0.0938940573668795,Diabetes,9.4,3621908.0,6044.0,Lower middle income,"Middle East, North Africa, Afghanistan & Pakistan",340075.6375295598
Jordan,Men,1991,0.0960921493210742,Diabetes,9.6,3915149.0,5900.5093,Lower middle income,"Middle East, North Africa, Afghanistan & Pakistan",376215.0823222543
Jordan,Men,1992,0.0983834909242429,Diabetes,9.8,4127693.0,6456.123,Lower middle income,"Middle East, North Africa, Afghanistan & Pakistan",406096.8468035609
Jordan,Men,1993,0.100755369649257,Diabetes,10.1,4348020.0,6460.6626,Lower middle income,"Middle East, North Africa, Afghanistan & Pakistan",438086.36234236247
Jordan,Men,1994,0.1031493489065,Diabetes,10.3,4561406.0,6538.1733,Lower middle income,"Middle East, North Africa, Afghanistan & Pakistan",470506.05899820256
Jordan,Men,1995,0.105656804410192,Diabetes,10.6,4752096.0,6760.1084,Lower middle income,"Middle East, North Africa, Afghanistan & Pakistan",502091.27761045576
Jordan,Men,1996,0.108268849600509,Diabetes,10.8,4912516.0,6783.229,Lower middle income,"Middle East, North Africa, Afghanistan & Pakistan",531872.4559640941
Jordan,Men,1997,0.110911815050727,Diabetes,11.1,5046285.0,6942.459,Lower middle income,"Middle East, North Africa, Afghanistan & Pakistan",559692.6286132579
Jordan,Men,1998,0.113853051496201,Diabetes,11.4,5164284.0,7120.4937,Lower middle income,"Middle East, North Africa, Afghanistan & Pakistan",587969.4921930069
Jordan,Men,1999,0.116881899511008,Diabetes,11.7,5276444.0,7340.4937,Lower middle income,"Middle East, North Africa, Afghanistan & Pakistan",616720.797383461
Jordan,Men,2000,0.119928894048842,Diabetes,12.0,5386945.0,7621.841,Lower middle income,"Middle East, North Africa, Afghanistan & Pakistan",646050.3561519391
Jordan,Men,2001,0.12296722608845,Diabetes,12.3,5498894.0,7982.7407,Lower middle income,"Middle East, North Africa, Afghanistan & Pakistan",676183.7417344211
Jordan,Men,2002,0.125935302806979,Diabetes,12.6,5616066.0,8394.055,Lower middle income,"Middle East, North Africa, Afghanistan & Pakistan",707260.9722939794
Jordan,Men,2003,0.128916491570789,Diabetes,12.9,5741828.0,8669.625,Lower middle income,"Middle East, North Africa, Afghanistan & Pakistan",740216.3209629202
Jordan,Men,2004,0.131874210579389,Diabetes,13.2,5882061.0,9288.616,Lower middle income,"Middle East, North Africa, Afghanistan & Pakistan",775692.1509548115
Jordan,Men,2005,0.134819959416199,Diabetes,13.5,6029587.0,9860.809,Lower middle income,"Middle East, North Africa, Afghanistan & Pakistan",812908.6746364412
Jordan,Men,2006,0.137763324429508,Diabetes,13.8,6427371.0,10404.562,Lower middle income,"Middle East, North Africa, Afghanistan & Pakistan",885455.9963018113
Jordan,Men,2007,0.140880115366484,Diabetes,14.1,6827227.0,10938.805,Lower middle income,"Middle East, North Africa, Afghanistan & Pakistan",961820.5273931745
Jordan,Men,2008,0.14416476696073,Diabetes,14.4,6989866.0,11378.256,Lower middle income,"Middle East, North Africa, Afghanistan & Pakistan",1007692.4029767299
Jordan,Men,2009,0.147639841427314,Diabetes,14.8,7141753.0,11651.25,Lower middle income,"Middle East, North Africa, Afghanistan & Pakistan",1054407.280433044
Jordan,Men,2010,0.151149512979751,Diabetes,15.1,7297043.0,11601.088,Upper middle income,"Middle East, North Africa, Afghanistan & Pakistan",1102944.4956423012
Jordan,Men,2011,0.154630950861491,Diabetes,15.5,7480424.0,11615.0,Upper middle income,"Middle East, North Africa, Afghanistan & Pakistan",1156705.075967118
Jordan,Men,2012,0.158071878926889,Diabetes,15.8,7587127.0,11704.657,Upper middle income,"Middle East, North Africa, Afghanistan & Pakistan",1199311.4205469305
Jordan,Men,2013,0.16156983101068,Diabetes,16.2,7991809.0,10834.426,Upper middle income,"Middle East, North Africa, Afghanistan & Pakistan",1291235.2295996316
Jordan,Men,2014,0.165107979941981,Diabetes,16.5,8791710.0,9765.811,Upper middle income,"Middle East, North Africa, Afghanistan & Pakistan",1451581.478335714
Kuwait,Men,1980,0.116676706326196,Diabetes,11.7,1504782.0,21154.0,,"Middle East, North Africa, Afghanistan & Pakistan",175573.00749894587
Kuwait,Men,1981,0.1186751284141,Diabetes,11.9,1583426.0,16402.0,,"Middle East, North Africa, Afghanistan & Pakistan",187913.2838842247
Kuwait,Men,1982,0.120613549860439,Diabetes,12.1,1662480.0,13845.0,,"Middle East, North Africa, Afghanistan & Pakistan",200517.61437198264
Kuwait,Men,1983,0.122591421889013,Diabetes,12.3,1744295.0,14292.0,,"Middle East, North Africa, Afghanistan & Pakistan",213835.6042438959
Kuwait,Men,1984,0.124532188372493,Diabetes,12.5,1820688.0,14384.0,,"Middle East, North Africa, Afghanistan & Pakistan",226734.26098353753
Kuwait,Men,1985,0.126371584495281,Diabetes,12.6,1894242.0,13015.0,,"Middle East, North Africa, Afghanistan & Pakistan",239378.36295751005
Kuwait,Men,1986,0.128043652932754,Diabetes,12.8,1972520.0,13509.0,,"Middle East, North Africa, Afghanistan & Pakistan",252568.66628291592
Kuwait,Men,1987,0.129576462794047,Diabetes,13.0,2052994.0,12416.0,High income,"Middle East, North Africa, Afghanistan & Pakistan",266019.7006574017
Kuwait,Men,1988,0.130733628105999,Diabetes,13.1,2134707.0,12317.0,High income,"Middle East, North Africa, Afghanistan & Pakistan",279077.9910532728
Kuwait,Men,1989,0.132036645440037,Diabetes,13.2,2217468.0,12701.0,High income,"Middle East, North Africa, Afghanistan & Pakistan",292787.03609062795
Kuwait,Men,1990,0.133371681453312,Diabetes,13.3,1684819.0,9757.0,High income,"Middle East, North Africa, Afghanistan & Pakistan",224707.14297448765
Kuwait,Men,1991,0.134227764299273,Diabetes,13.4,1351399.0,6310.9067,High income,"Middle East, North Africa, Afghanistan & Pakistan",181395.26644627322
Kuwait,Men,1992,0.135452293617453,Diabetes,13.5,1634961.0,12965.067,High income,"Middle East, North Africa, Afghanistan & Pakistan",221459.2174250846
Kuwait,Men,1993,0.137285825804868,Diabetes,13.7,1672151.0,19955.314,High income,"Middle East, North Africa, Afghanistan & Pakistan",229562.63090543583
Kuwait,Men,1994,0.139405519931547,Diabetes,13.9,1664361.0,24532.414,High income,"Middle East, North Africa, Afghanistan & Pakistan",232021.1105587895
Kuwait,Men,1995,0.141712819137797,Diabetes,14.2,1681513.0,27552.96,High income,"Middle East, North Africa, Afghanistan & Pakistan",238291.94764685447
Kuwait,Men,1996,0.144036319097467,Diabetes,14.4,1730246.0,29612.66,High income,"Middle East, North Africa, Afghanistan & Pakistan",249218.2649731159
Kuwait,Men,1997,0.146354616375623,Diabetes,14.6,1787683.0,31511.191,High income,"Middle East, North Africa, Afghanistan & Pakistan",261635.65966622284
Kuwait,Men,1998,0.148777568157048,Diabetes,14.9,1844302.0,33331.297,High income,"Middle East, North Africa, Afghanistan & Pakistan",274390.76650717994
Kuwait,Men,1999,0.151088018495676,Diabetes,15.1,1900030.0,33351.195,High income,"Middle East, North Africa, Afghanistan & Pakistan",287071.76778233924
Kuwait,Men,2000,0.153368646581242,Diabetes,15.3,1954709.0,35844.746,High income,"Middle East, North Africa, Afghanistan & Pakistan",299791.073790173
Kuwait,Men,2001,0.15561086865745,Diabetes,15.6,2008121.0,37225.87,High income,"Middle East, North Africa, Afghanistan & Pakistan",312485.4531792671
Kuwait,Men,2002,0.15800826130754,Diabetes,15.8,2059974.0,39943.15,High income,"Middle East, North Africa, Afghanistan & Pakistan",325492.9100787384
Kuwait,Men,2003,0.160793014540379,Diabetes,16.1,2109881.0,48809.71,High income,"Middle East, North Africa, Afghanistan & Pakistan",339254.1263114694
Kuwait,Men,2004,0.163905030493393,Diabetes,16.4,2157320.0,55911.793,High income,"Middle East, North Africa, Afghanistan & Pakistan",353595.60038400657
Kuwait,Men,2005,0.167342188590492,Diabetes,16.7,2236788.0,62959.6,High income,"Middle East, North Africa, Afghanistan & Pakistan",374308.9993329494
Kuwait,Men,2006,0.17073901696176,Diabetes,17.1,2364733.0,68546.14,High income,"Middle East, North Africa, Afghanistan & Pakistan",403752.18779703364
Kuwait,Men,2007,0.174193420428945,Diabetes,17.4,2507887.0,73096.87,High income,"Middle East, North Africa, Afghanistan & Pakistan",436857.4145792856
Kuwait,Men,2008,0.177637063741456,Diabetes,17.8,2651421.0,75138.12,High income,"Middle East, North Africa, Afghanistan & Pakistan",470990.641182435
Kuwait,Men,2009,0.18080787160157,Diabetes,18.1,2795484.0,70072.73,High income,"Middle East, North Africa, Afghanistan & Pakistan",505445.5121362433
Kuwait,Men,2010,0.183836354653649,Diabetes,18.4,2943372.0,68865.31,High income,"Middle East, North Africa, Afghanistan & Pakistan",541098.7788696202
Kuwait,Men,2011,0.186858710356401,Diabetes,18.7,3132814.0,77126.0,High income,"Middle East, North Africa, Afghanistan & Pakistan",585393.5838264781
Kuwait,Men,2012,0.190102093420935,Diabetes,19.0,3337109.0,80657.13,High income,"Middle East, North Africa, Afghanistan & Pakistan",634391.406873843
Kuwait,Men,2013,0.193323599037774,Diabetes,19.3,3507844.0,80098.64,High income,"Middle East, North Africa, Afghanistan & Pakistan",678149.0269430613
Kuwait,Men,2014,0.196593654486435,Diabetes,19.7,3665876.0,79103.414,High income,"Middle East, North Africa, Afghanistan & Pakistan",720687.9597341145
Lebanon,Men,1980,0.0709445410555705,Diabetes,7.1,2944763.0,4608.0,,"Middle East, North Africa, Afghanistan & Pakistan",208914.85955242498
Lebanon,Men,1981,0.0724702392027809,Diabetes,7.2,3008981.0,4549.0,,"Middle East, North Africa, Afghanistan & Pakistan",218061.57282662287
Lebanon,Men,1982,0.0735768576463307,Diabetes,7.4,3054931.0,2823.0,,"Middle East, North Africa, Afghanistan & Pakistan",224772.22330636272
Lebanon,Men,1983,0.0746667943689891,Diabetes,7.5,3094996.0,3402.0,,"Middle East, North Africa, Afghanistan & Pakistan",231093.42990484377
Lebanon,Men,1984,0.0758908201024754,Diabetes,7.6,3152744.0,4828.0,,"Middle East, North Africa, Afghanistan & Pakistan",239264.32773315872
Lebanon,Men,1985,0.0771640469982544,Diabetes,7.7,3217376.0,5895.0,,"Middle East, North Africa, Afghanistan & Pakistan",248265.75287505574
Lebanon,Men,1986,0.0781722619732719,Diabetes,7.8,3300365.0,5400.0,,"Middle East, North Africa, Afghanistan & Pakistan",257996.9973874175
Lebanon,Men,1987,0.0791051767765537,Diabetes,7.9,3385555.0,6202.0,Lower middle income,"Middle East, North Africa, Afghanistan & Pakistan",267814.92676174524
Lebanon,Men,1988,0.0796724946656882,Diabetes,8.0,3454649.0,4385.0,Lower middle income,"Middle East, North Africa, Afghanistan & Pakistan",275240.50402432506
Lebanon,Men,1989,0.079689585391331,Diabetes,8.0,3525285.0,2488.0,Lower middle income,"Middle East, North Africa, Afghanistan & Pakistan",280928.50003627833
Lebanon,Men,1990,0.0798777441595646,Diabetes,8.0,3595175.0,3086.0,Lower middle income,"Middle East, North Africa, Afghanistan & Pakistan",287174.46885886264
Lebanon,Men,1991,0.0802644987625477,Diabetes,8.0,3668912.0,4326.2993,Lower middle income,"Middle East, North Africa, Afghanistan & Pakistan",294483.3826838964
Lebanon,Men,1992,0.0807284850423198,Diabetes,8.1,3747371.0,4618.0054,Lower middle income,"Middle East, North Africa, Afghanistan & Pakistan",302519.583721523
Lebanon,Men,1993,0.0812775372173834,Diabetes,8.1,3820647.0,5053.2803,Lower middle income,"Middle East, North Africa, Afghanistan & Pakistan",310532.77873698424
Lebanon,Men,1994,0.0819941398504735,Diabetes,8.2,3889799.0,5585.667,Lower middle income,"Middle East, North Africa, Afghanistan & Pakistan",318940.723196232
Lebanon,Men,1995,0.082827272461598,Diabetes,8.3,3960735.0,6095.397,Lower middle income,"Middle East, North Africa, Afghanistan & Pakistan",328056.87699318735
Lebanon,Men,1996,0.0837812680368977,Diabetes,8.4,4034781.0,6567.4004,Lower middle income,"Middle East, North Africa, Afghanistan & Pakistan",338039.0684311821
Lebanon,Men,1997,0.0848760213539325,Diabetes,8.5,4108405.0,6581.053,Upper middle income,"Middle East, North Africa, Afghanistan & Pakistan",348705.0705106031
Lebanon,Men,1998,0.086265908527117,Diabetes,8.6,4181281.0,6994.1567,Upper middle income,"Middle East, North Africa, Afghanistan & Pakistan",360702.00427217234
Lebanon,Men,1999,0.0878438050824044,Diabetes,8.8,4255277.0,7147.5547,Upper middle income,"Middle East, North Africa, Afghanistan & Pakistan",373799.72335963853
Lebanon,Men,2000,0.0897015510519338,Diabetes,9.0,4329340.0,7405.707,Upper middle income,"Middle East, North Africa, Afghanistan & Pakistan",388348.513031179
Lebanon,Men,2001,0.0917941256642779,Diabetes,9.2,4401918.0,7836.8267,Upper middle income,"Middle East, North Africa, Afghanistan & Pakistan",404070.21405584685
Lebanon,Men,2002,0.0942673595809713,Diabetes,9.4,4463504.0,8248.101,Upper middle income,"Middle East, North Africa, Afghanistan & Pakistan",420762.7365591037
Lebanon,Men,2003,0.0969856202023049,Diabetes,9.7,4525508.0,8671.1875,Upper middle income,"Middle East, North Africa, Afghanistan & Pakistan",438909.2001104925
Lebanon,Men,2004,0.100102577388822,Diabetes,10.0,4599279.0,9491.61,Upper middle income,"Middle East, North Africa, Afghanistan & Pakistan",460399.68203028385
Lebanon,Men,2005,0.103561441846893,Diabetes,10.4,4671102.0,9933.082,Upper middle income,"Middle East, North Africa, Afghanistan & Pakistan",483746.0581339056
Lebanon,Men,2006,0.107292316074897,Diabetes,10.7,4751136.0,10236.868,Upper middle income,"Middle East, North Africa, Afghanistan & Pakistan",509760.3854268218
Lebanon,Men,2007,0.111333003926247,Diabetes,11.1,4844118.0,11276.507,Upper middle income,"Middle East, North Africa, Afghanistan & Pakistan",539310.2083132038
Lebanon,Men,2008,0.115556557019927,Diabetes,11.6,4925354.0,12479.107,Upper middle income,"Middle East, North Africa, Afghanistan & Pakistan",569156.9503443255
Lebanon,Men,2009,0.119990118961978,Diabetes,12.0,4992287.0,14039.346,Upper middle income,"Middle East, North Africa, Afghanistan & Pakistan",599025.1110223363
Lebanon,Men,2010,0.124648738489254,Diabetes,12.5,5041288.0,15622.367,Upper middle income,"Middle East, North Africa, Afghanistan & Pakistan",628390.1895610143
Lebanon,Men,2011,0.129356958648513,Diabetes,12.9,5096020.0,16230.0,Upper middle income,"Middle East, North Africa, Afghanistan & Pakistan",659205.6484119951
Lebanon,Men,2012,0.134355137133198,Diabetes,13.4,5235742.0,16284.763,Upper middle income,"Middle East, North Africa, Afghanistan & Pakistan",703448.8344040443
Lebanon,Men,2013,0.139474408064802,Diabetes,13.9,5743436.0,15145.569,Upper middle income,"Middle East, North Africa, Afghanistan & Pakistan",801062.3363580741
Lebanon,Men,2014,0.144658527058907,Diabetes,14.5,6346990.0,13586.273,Upper middle income,"Middle East, North Africa, Afghanistan & Pakistan",918146.2246576122
Libya,Men,1980,0.0750849392264943,Diabetes,7.5,3424378.0,8741.0,,"Middle East, North Africa, Afghanistan & Pakistan",257119.2140185441
Libya,Men,1981,0.0771839758198155,Diabetes,7.7,3621486.0,6760.0,,"Middle East, North Africa, Afghanistan & Pakistan",279520.6878558003
Libya,Men,1982,0.0792348932075478,Diabetes,7.9,3724765.0,6661.0,,"Middle East, North Africa, Afghanistan & Pakistan",295131.35699821176
Libya,Men,1983,0.0811519779871395,Diabetes,8.1,3718961.0,6237.0,,"Middle East, North Africa, Afghanistan & Pakistan",301801.0412070303
Libya,Men,1984,0.0829208591073909,Diabetes,8.3,3773633.0,5695.0,,"Middle East, North Africa, Afghanistan & Pakistan",312912.89031600085
Libya,Men,1985,0.0846963700044795,Diabetes,8.5,3898745.0,6092.0,,"Middle East, North Africa, Afghanistan & Pakistan",330209.5490731144
Libya,Men,1986,0.0861729239891277,Diabetes,8.6,4017403.0,5370.0,,"Middle East, North Africa, Afghanistan & Pakistan",346191.36335269356
Libya,Men,1987,0.087333847683991,Diabetes,8.7,4129739.0,4465.0,Upper middle income,"Middle East, North Africa, Afghanistan & Pakistan",360665.9968006373
Libya,Men,1988,0.0883836096401554,Diabetes,8.8,4237755.0,4670.0,Upper middle income,"Middle East, North Africa, Afghanistan & Pakistan",374548.08367061673
Libya,Men,1989,0.0894107251251931,Diabetes,8.9,4342920.0,4873.0,Upper middle income,"Middle East, North Africa, Afghanistan & Pakistan",388303.6263607036
Libya,Men,1990,0.0904671360142875,Diabetes,9.0,4445239.0,4921.0,Upper middle income,"Middle East, North Africa, Afghanistan & Pakistan",402148.0412290154
Libya,Men,1991,0.0917456651504226,Diabetes,9.2,4544400.0,5977.337,Upper middle income,"Middle East, North Africa, Afghanistan & Pakistan",416929.00070958043
Libya,Men,1992,0.0931141737494076,Diabetes,9.3,4640352.0,6113.3535,Upper middle income,"Middle East, North Africa, Afghanistan & Pakistan",432082.54238641105
Libya,Men,1993,0.0945357638319591,Diabetes,9.5,4733045.0,6190.681,Upper middle income,"Middle East, North Africa, Afghanistan & Pakistan",447442.0243260348
Libya,Men,1994,0.0960692603122138,Diabetes,9.6,4822037.0,6645.0767,Upper middle income,"Middle East, North Africa, Afghanistan & Pakistan",463249.5277881265
Libya,Men,1995,0.0975828522259172,Diabetes,9.8,4906843.0,6898.952,Upper middle income,"Middle East, North Africa, Afghanistan & Pakistan",478823.7353647762
Libya,Men,1996,0.0992274558769533,Diabetes,9.9,4987393.0,7543.9355,Upper middle income,"Middle East, North Africa, Afghanistan & Pakistan",494886.3188485257
Libya,Men,1997,0.101002095164209,Diabetes,10.1,5064639.0,8422.215,Upper middle income,"Middle East, North Africa, Afghanistan & Pakistan",511539.15025036427
Libya,Men,1998,0.10294140580144,Diabetes,10.3,5140704.0,8545.48,Upper middle income,"Middle East, North Africa, Afghanistan & Pakistan",529191.2965690858
Libya,Men,1999,0.105105469564685,Diabetes,10.5,5218038.0,9064.067,Upper middle income,"Middle East, North Africa, Afghanistan & Pakistan",548444.3341963697
Libya,Men,2000,0.107494292319804,Diabetes,10.7,5305021.0,9770.98,Upper middle income,"Middle East, North Africa, Afghanistan & Pakistan",570259.478136699
Libya,Men,2001,0.110041285221021,Diabetes,11.0,5403639.0,10354.482,Upper middle income,"Middle East, North Africa, Afghanistan & Pakistan",594623.3804304326
Libya,Men,2002,0.112750663960821,Diabetes,11.3,5508410.0,10787.675,Upper middle income,"Middle East, North Africa, Afghanistan & Pakistan",621076.884868426
Libya,Men,2003,0.115772064205548,Diabetes,11.6,5619398.0,12870.574,Upper middle income,"Middle East, North Africa, Afghanistan & Pakistan",650569.3060525281
Libya,Men,2004,0.118935986462146,Diabetes,11.9,5736693.0,14193.259,Upper middle income,"Middle East, North Africa, Afghanistan & Pakistan",682299.2409854877
Libya,Men,2005,0.122322099254455,Diabetes,12.2,5858798.0,16538.557,Upper middle income,"Middle East, North Africa, Afghanistan & Pakistan",716660.4704678025
Libya,Men,2006,0.125820394599651,Diabetes,12.6,5980211.0,18657.062,Upper middle income,"Middle East, North Africa, Afghanistan & Pakistan",752432.5078091735
Libya,Men,2007,0.129448217523618,Diabetes,12.9,6104380.0,20731.719,Upper middle income,"Middle East, North Africa, Afghanistan & Pakistan",790201.1100868231
Libya,Men,2008,0.133175823591801,Diabetes,13.3,6235430.0,25140.6,Upper middle income,"Middle East, North Africa, Afghanistan & Pakistan",830408.5256990237
Libya,Men,2009,0.136845215725529,Diabetes,13.7,6366686.0,26403.787,Upper middle income,"Middle East, North Africa, Afghanistan & Pakistan",871250.5191267052
Libya,Men,2010,0.140490397464066,Diabetes,14.0,6497839.0,29157.143,Upper middle income,"Middle East, North Africa, Afghanistan & Pakistan",912883.9837675091
Libya,Men,2011,0.142242443100734,Diabetes,14.2,6343203.0,12893.0,Upper middle income,"Middle East, North Africa, Afghanistan & Pakistan",902272.6918039052
Libya,Men,2012,0.145619358221055,Diabetes,14.6,6179328.0,25302.516,Upper middle income,"Middle East, North Africa, Afghanistan & Pakistan",899829.7775973955
Libya,Men,2013,0.148856727331174,Diabetes,14.9,6304628.0,20190.09,Upper middle income,"Middle East, North Africa, Afghanistan & Pakistan",938486.2911204848
Libya,Men,2014,0.151971092197732,Diabetes,15.2,6427252.0,15154.099,Upper middle income,"Middle East, North Africa, Afghanistan & Pakistan",976756.5062700574
Malta,Men,1980,0.0709210432591081,Diabetes,7.1,316645.0,8920.0,,"Middle East, North Africa, Afghanistan & Pakistan",22456.793742780283
Malta,Men,1981,0.0718221909543273,Diabetes,7.2,318982.0,9224.0,,"Middle East, North Africa, Afghanistan & Pakistan",22909.986114993233
Malta,Men,1982,0.0726405485770935,Diabetes,7.3,325898.0,9526.0,,"Middle East, North Africa, Afghanistan & Pakistan",23673.409500177615
Malta,Men,1983,0.0733245414693972,Diabetes,7.3,330524.0,9586.0,,"Middle East, North Africa, Afghanistan & Pakistan",24235.520744631038
Malta,Men,1984,0.0738307861100416,Diabetes,7.4,330593.0,9797.0,,"Middle East, North Africa, Afghanistan & Pakistan",24407.94107247698
Malta,Men,1985,0.074238153987692,Diabetes,7.4,336452.0,10176.0,,"Middle East, North Africa, Afghanistan & Pakistan",24977.57538546695
Malta,Men,1986,0.0746009865323806,Diabetes,7.5,342121.0,10584.0,,"Middle East, North Africa, Afghanistan & Pakistan",25522.564113444587
Malta,Men,1987,0.0749438040286429,Diabetes,7.5,344485.0,10943.0,Upper middle income,"Middle East, North Africa, Afghanistan & Pakistan",25817.016330807048
Malta,Men,1988,0.0752955981057629,Diabetes,7.5,347325.0,11765.0,Upper middle income,"Middle East, North Africa, Afghanistan & Pakistan",26152.0436120841
Malta,Men,1989,0.0757614747572142,Diabetes,7.6,350722.0,12607.0,High income,"Middle East, North Africa, Afghanistan & Pakistan",26571.21594979968
Malta,Men,1990,0.0761766358418618,Diabetes,7.6,354170.0,13259.0,Upper middle income,"Middle East, North Africa, Afghanistan & Pakistan",26979.47911611219
Malta,Men,1991,0.0766297414386661,Diabetes,7.7,363845.0,13834.927,Upper middle income,"Middle East, North Africa, Afghanistan & Pakistan",27881.348273751468
Malta,Men,1992,0.0771732632806235,Diabetes,7.7,367618.0,14341.302,Upper middle income,"Middle East, North Africa, Afghanistan & Pakistan",28370.28070069625
Malta,Men,1993,0.0777420815973827,Diabetes,7.8,371308.0,14840.319,Upper middle income,"Middle East, North Africa, Afghanistan & Pakistan",28866.256833760977
Malta,Men,1994,0.0783998290912306,Diabetes,7.8,374797.0,15539.06,Upper middle income,"Middle East, North Africa, Afghanistan & Pakistan",29384.020743905952
Malta,Men,1995,0.0790889466294067,Diabetes,7.9,377419.0,16417.174,Upper middle income,"Middle East, North Africa, Afghanistan & Pakistan",29849.671147924048
Malta,Men,1996,0.0797998335058214,Diabetes,8.0,379905.0,16932.047,Upper middle income,"Middle East, North Africa, Afghanistan & Pakistan",30316.35574802908
Malta,Men,1997,0.0805484665891248,Diabetes,8.1,382791.0,17694.79,Upper middle income,"Middle East, North Africa, Afghanistan & Pakistan",30833.228074117673
Malta,Men,1998,0.0814065970032869,Diabetes,8.1,385287.0,18488.666,High income,"Middle East, North Africa, Afghanistan & Pakistan",31364.9035396054
Malta,Men,1999,0.082355222409636,Diabetes,8.2,387578.0,19254.365,Upper middle income,"Middle East, North Africa, Afghanistan & Pakistan",31919.0723910819
Malta,Men,2000,0.0833708545297149,Diabetes,8.3,390087.0,20434.549,High income,"Middle East, North Africa, Afghanistan & Pakistan",32521.886530932898
Malta,Men,2001,0.0843575579259354,Diabetes,8.4,393028.0,20413.05,Upper middle income,"Middle East, North Africa, Afghanistan & Pakistan",33154.88227651454
Malta,Men,2002,0.0853284416360242,Diabetes,8.5,395969.0,20873.984,High income,"Middle East, North Africa, Afghanistan & Pakistan",33787.41770617486
Malta,Men,2003,0.0861742208045028,Diabetes,8.6,398582.0,21273.135,High income,"Middle East, North Africa, Afghanistan & Pakistan",34347.493276700334
Malta,Men,2004,0.0869009865115833,Diabetes,8.7,401268.0,21233.002,High income,"Middle East, North Africa, Afghanistan & Pakistan",34870.585055530006
Malta,Men,2005,0.0874637374764028,Diabetes,8.7,403834.0,21905.215,High income,"Middle East, North Africa, Afghanistan & Pakistan",35320.83096004565
Malta,Men,2006,0.0879311658978576,Diabetes,8.8,405308.0,22233.717,High income,"Middle East, North Africa, Afghanistan & Pakistan",35639.20498772887
Malta,Men,2007,0.0883934440365178,Diabetes,8.8,406724.0,23048.264,High income,"Middle East, North Africa, Afghanistan & Pakistan",35951.73513230867
Malta,Men,2008,0.0887431195206537,Diabetes,8.9,409379.0,23674.594,High income,"Middle East, North Africa, Afghanistan & Pakistan",36329.56952624569
Malta,Men,2009,0.0889456975060315,Diabetes,8.9,412477.0,22927.654,High income,"Middle East, North Africa, Afghanistan & Pakistan",36688.054470195355
Malta,Men,2010,0.0891981978086747,Diabetes,8.9,414508.0,23632.625,High income,"Middle East, North Africa, Afghanistan & Pakistan",36973.36657727813
Malta,Men,2011,0.0894452544752007,Diabetes,8.9,416268.0,23871.0,High income,"Middle East, North Africa, Afghanistan & Pakistan",37233.19718988284
Malta,Men,2012,0.0897208471624999,Diabetes,9.0,420028.0,24629.777,High income,"Middle East, North Africa, Afghanistan & Pakistan",37685.267991970504
Malta,Men,2013,0.0900720087825004,Diabetes,9.0,424810.0,25611.121,High income,"Middle East, North Africa, Afghanistan & Pakistan",38263.490050894
Malta,Men,2014,0.0904935572382036,Diabetes,9.0,433481.0,27007.89,High income,"Middle East, North Africa, Afghanistan & Pakistan",39227.237685173735
Morocco,Men,1980,0.0490291333382608,Diabetes,4.9,19459943.0,3622.0,,"Middle East, North Africa, Afghanistan & Pakistan",954104.1401019548
Morocco,Men,1981,0.0503006070715957,Diabetes,5.0,19985401.0,3457.0,,"Middle East, North Africa, Afghanistan & Pakistan",1005277.8028692758
Morocco,Men,1982,0.0516927415635347,Diabetes,5.2,20520318.0,3725.0,,"Middle East, North Africa, Afghanistan & Pakistan",1060751.4951755493
Morocco,Men,1983,0.0531365981463586,Diabetes,5.3,21060696.0,3606.0,,"Middle East, North Africa, Afghanistan & Pakistan",1119093.740034622
Morocco,Men,1984,0.0546917070308765,Diabetes,5.5,21593778.0,3657.0,,"Middle East, North Africa, Afghanistan & Pakistan",1181000.5800657864
Morocco,Men,1985,0.0563189043851318,Diabetes,5.6,22113953.0,3784.0,,"Middle East, North Africa, Afghanistan & Pakistan",1245433.6045842986
Morocco,Men,1986,0.0579943295954841,Diabetes,5.8,22600803.0,3977.0,,"Middle East, North Africa, Afghanistan & Pakistan",1310718.4183046059
Morocco,Men,1987,0.0597005553239689,Diabetes,6.0,23054392.0,3790.0,Lower middle income,"Middle East, North Africa, Afghanistan & Pakistan",1376360.005056466
Morocco,Men,1988,0.0614421598247202,Diabetes,6.1,23500524.0,4077.0,Lower middle income,"Middle East, North Africa, Afghanistan & Pakistan",1443922.9515726727
Morocco,Men,1989,0.0631581554063061,Diabetes,6.3,23939414.0,4073.0,Lower middle income,"Middle East, North Africa, Afghanistan & Pakistan",1511969.2297478998
Morocco,Men,1990,0.0649270407718842,Diabetes,6.5,24375551.0,4130.0,Lower middle income,"Middle East, North Africa, Afghanistan & Pakistan",1582632.3936141427
Morocco,Men,1991,0.0667513742718765,Diabetes,6.7,24799014.0,4353.7295,Lower middle income,"Middle East, North Africa, Afghanistan & Pakistan",1655368.265087505
Morocco,Men,1992,0.0687032652912348,Diabetes,6.9,25212468.0,4194.447,Lower middle income,"Middle East, North Africa, Afghanistan & Pakistan",1732178.877650768
Morocco,Men,1993,0.0708158320213387,Diabetes,7.1,25614586.0,4097.281,Lower middle income,"Middle East, North Africa, Afghanistan & Pakistan",1813918.219472134
Morocco,Men,1994,0.0731494203495634,Diabetes,7.3,26000822.0,4461.0625,Lower middle income,"Middle East, North Africa, Afghanistan & Pakistan",1901945.0579121758
Morocco,Men,1995,0.0756522229086952,Diabetes,7.6,26399429.0,4156.9253,Lower middle income,"Middle East, North Africa, Afghanistan & Pakistan",1997175.4873702722
Morocco,Men,1996,0.0783150270802442,Diabetes,7.8,26808107.0,4603.652,Lower middle income,"Middle East, North Africa, Afghanistan & Pakistan",2099477.625675084
Morocco,Men,1997,0.0810109864977244,Diabetes,8.1,27213337.0,4469.19,Lower middle income,"Middle East, North Africa, Afghanistan & Pakistan",2204579.2762650237
Morocco,Men,1998,0.0838949172216519,Diabetes,8.4,27621648.0,4729.183,Lower middle income,"Middle East, North Africa, Afghanistan & Pakistan",2317315.872485607
Morocco,Men,1999,0.0868936418865772,Diabetes,8.7,28027179.0,4720.7715,Lower middle income,"Middle East, North Africa, Afghanistan & Pakistan",2435383.6551169967
Morocco,Men,2000,0.0899848282885027,Diabetes,9.0,28423435.0,4753.638,Lower middle income,"Middle East, North Africa, Afghanistan & Pakistan",2557677.9178444175
Morocco,Men,2001,0.0932307932217486,Diabetes,9.3,28814643.0,5042.073,Lower middle income,"Middle East, North Africa, Afghanistan & Pakistan",2686412.023291506
Morocco,Men,2002,0.0964763281963921,Diabetes,9.6,29198142.0,5140.8726,Lower middle income,"Middle East, North Africa, Afghanistan & Pakistan",2816929.5303168604
Morocco,Men,2003,0.0998237212894182,Diabetes,10.0,29571415.0,5386.8506,Lower middle income,"Middle East, North Africa, Afghanistan & Pakistan",2951928.6890937206
Morocco,Men,2004,0.103214806731264,Diabetes,10.3,29953018.0,5584.154,Lower middle income,"Middle East, North Africa, Afghanistan & Pakistan",3091594.963888072
Morocco,Men,2005,0.106666821908579,Diabetes,10.7,30358144.0,5708.0312,Lower middle income,"Middle East, North Africa, Afghanistan & Pakistan",3238206.739522996
Morocco,Men,2006,0.11008374181317,Diabetes,11.0,30771178.0,6076.9526,Lower middle income,"Middle East, North Africa, Afghanistan & Pakistan",3387406.414239097
Morocco,Men,2007,0.113574948860613,Diabetes,11.4,31186468.0,6228.4316,Lower middle income,"Middle East, North Africa, Afghanistan & Pakistan",3542001.508243144
Morocco,Men,2008,0.11722468658514,Diabetes,11.7,31606767.0,6530.978,Lower middle income,"Middle East, North Africa, Afghanistan & Pakistan",3705093.3555445457
Morocco,Men,2009,0.120940882380639,Diabetes,12.1,32030778.0,6741.4604,Lower middle income,"Middle East, North Africa, Afghanistan & Pakistan",3873830.5546583594
Morocco,Men,2010,0.124697171503973,Diabetes,12.5,32467016.0,6931.558,Lower middle income,"Middle East, North Africa, Afghanistan & Pakistan",4048545.0623742356
Morocco,Men,2011,0.128499736258897,Diabetes,12.8,32912588.0,7226.0,Lower middle income,"Middle East, North Africa, Afghanistan & Pakistan",4229258.877597738
Morocco,Men,2012,0.132377196174902,Diabetes,13.2,33355241.0,7355.326,Lower middle income,"Middle East, North Africa, Afghanistan & Pakistan",4415473.281318135
Morocco,Men,2013,0.136371378726111,Diabetes,13.6,33787571.0,7599.724,Lower middle income,"Middle East, North Africa, Afghanistan & Pakistan",4607657.641076365
Morocco,Men,2014,0.140416698265687,Diabetes,14.0,34204780.0,7714.632,Lower middle income,"Middle East, North Africa, Afghanistan & Pakistan",4802922.272504206
Palestine,Men,1980,0.0656705376713686,Diabetes,6.6,,5239.0,,"Middle East, North Africa, Afghanistan & Pakistan",
Palestine,Men,1981,0.0668601395509347,Diabetes,6.7,,4811.0,,"Middle East, North Africa, Afghanistan & Pakistan",
Palestine,Men,1982,0.0680784432340393,Diabetes,6.8,,5088.0,,"Middle East, North Africa, Afghanistan & Pakistan",
Palestine,Men,1983,0.0693570951914727,Diabetes,6.9,,4733.0,,"Middle East, North Africa, Afghanistan & Pakistan",
Palestine,Men,1984,0.0706799599701739,Diabetes,7.1,,4807.0,,"Middle East, North Africa, Afghanistan & Pakistan",
Palestine,Men,1985,0.0720863258392135,Diabetes,7.2,,4619.0,,"Middle East, North Africa, Afghanistan & Pakistan",
Palestine,Men,1986,0.073528432826582,Diabetes,7.4,,5330.0,,"Middle East, North Africa, Afghanistan & Pakistan",
Palestine,Men,1987,0.0750325277266725,Diabetes,7.5,,5004.0,,"Middle East, North Africa, Afghanistan & Pakistan",
Palestine,Men,1988,0.0765905735762021,Diabetes,7.7,,4745.0,,"Middle East, North Africa, Afghanistan & Pakistan",
Palestine,Men,1989,0.0782305481236975,Diabetes,7.8,,4682.0,,"Middle East, North Africa, Afghanistan & Pakistan",
Palestine,Men,1990,0.0799613975680708,Diabetes,8.0,1978248.0,5345.0,,"Middle East, North Africa, Afghanistan & Pakistan",158183.47481624092
Palestine,Men,1991,0.0817817341237146,Diabetes,8.2,2068845.0,4732.171,,"Middle East, North Africa, Afghanistan & Pakistan",169193.73173317633
Palestine,Men,1992,0.0836961833207204,Diabetes,8.4,2163591.0,5410.625,,"Middle East, North Africa, Afghanistan & Pakistan",181084.3089670608
Palestine,Men,1993,0.0856858829809661,Diabetes,8.6,2262676.0,5527.995,,"Middle East, North Africa, Afghanistan & Pakistan",193879.39095984047
Palestine,Men,1994,0.0877551277968022,Diabetes,8.8,2366298.0,5893.47,Lower middle income,"Middle East, North Africa, Afghanistan & Pakistan",207654.78339531744
Palestine,Men,1995,0.0899830759448234,Diabetes,9.0,2474666.0,5756.845,Lower middle income,"Middle East, North Africa, Afghanistan & Pakistan",222678.05861607235
Palestine,Men,1996,0.0923523421462027,Diabetes,9.2,2587997.0,5320.2554,Lower middle income,"Middle East, North Africa, Afghanistan & Pakistan",239007.58441734617
Palestine,Men,1997,0.0950894013382605,Diabetes,9.5,2706518.0,5598.021,Lower middle income,"Middle East, North Africa, Afghanistan & Pakistan",257361.17633122616
Palestine,Men,1998,0.0982971439560981,Diabetes,9.8,2776568.0,6051.883,Lower middle income,"Middle East, North Africa, Afghanistan & Pakistan",272928.7043998954
Palestine,Men,1999,0.101909935363052,Diabetes,10.2,2848431.0,6204.6465,Lower middle income,"Middle East, North Africa, Afghanistan & Pakistan",290283.4190961136
Palestine,Men,2000,0.105581673470033,Diabetes,10.6,2922153.0,5377.3936,Lower middle income,"Middle East, North Africa, Afghanistan & Pakistan",308525.80387547734
Palestine,Men,2001,0.109327910909603,Diabetes,10.9,2997784.0,4626.303,Lower middle income,"Middle East, North Africa, Afghanistan & Pakistan",327741.4620782333
Palestine,Men,2002,0.113213951945042,Diabetes,11.3,3075373.0,3842.1465,Lower middle income,"Middle East, North Africa, Afghanistan & Pakistan",348175.13103507966
Palestine,Men,2003,0.117419535903887,Diabetes,11.7,3154969.0,4158.2993,Lower middle income,"Middle East, North Africa, Afghanistan & Pakistan",370454.99577115045
Palestine,Men,2004,0.121776847252142,Diabetes,12.2,3236626.0,4358.5176,Lower middle income,"Middle East, North Africa, Afghanistan & Pakistan",394146.1100143113
Palestine,Men,2005,0.126211712723577,Diabetes,12.6,3320396.0,4589.626,Lower middle income,"Middle East, North Africa, Afghanistan & Pakistan",419072.8660805142
Palestine,Men,2006,0.130431526825365,Diabetes,13.0,3406334.0,4193.154,Lower middle income,"Middle East, North Africa, Afghanistan & Pakistan",444293.34449715284
Palestine,Men,2007,0.134484030886519,Diabetes,13.4,3494496.0,4250.989,Lower middle income,"Middle East, North Africa, Afghanistan & Pakistan",469953.9079968171
Palestine,Men,2008,0.138342249285932,Diabetes,13.8,3591977.0,4287.209,Lower middle income,"Middle East, North Africa, Afghanistan & Pakistan",496922.1775633342
Palestine,Men,2009,0.14252723961585,Diabetes,14.3,3689099.0,4426.317,Lower middle income,"Middle East, North Africa, Afghanistan & Pakistan",525797.0971395926
Palestine,Men,2010,0.146803441041344,Diabetes,14.7,3786161.0,4548.5312,Lower middle income,"Middle East, North Africa, Afghanistan & Pakistan",555821.463136536
Palestine,Men,2011,0.151125748014473,Diabetes,15.1,3882986.0,4863.0,Lower middle income,"Middle East, North Africa, Afghanistan & Pakistan",586819.1637797265
Palestine,Men,2012,0.155775039687815,Diabetes,15.6,3979998.0,5054.0,Lower middle income,"Middle East, North Africa, Afghanistan & Pakistan",619984.3464074243
Palestine,Men,2013,0.160473868741731,Diabetes,16.0,4076708.0,5054.0,Lower middle income,"Middle East, North Africa, Afghanistan & Pakistan",654205.1044903647
Palestine,Men,2014,0.165207027543217,Diabetes,16.5,4173398.0,4939.0,Lower middle income,"Middle East, North Africa, Afghanistan & Pakistan",689474.6783348068
Oman,Men,1980,0.0477932801850095,Diabetes,4.8,1001248.0,6491.0,,"Middle East, North Africa, Afghanistan & Pakistan",47852.92619868039
Oman,Men,1981,0.049966728814371,Diabetes,5.0,1057320.0,7210.0,,"Middle East, North Africa, Afghanistan & Pakistan",52830.82171001075
Oman,Men,1982,0.0522718444073726,Diabetes,5.2,1117678.0,7651.0,,"Middle East, North Africa, Afghanistan & Pakistan",58423.09051354339
Oman,Men,1983,0.0547461161820765,Diabetes,5.5,1181459.0,8521.0,,"Middle East, North Africa, Afghanistan & Pakistan",64680.291678359914
Oman,Men,1984,0.0573646845405897,Diabetes,5.7,1247716.0,9526.0,,"Middle East, North Africa, Afghanistan & Pakistan",71574.83473624641
Oman,Men,1985,0.0601198538402459,Diabetes,6.0,1325480.0,10433.0,,"Middle East, North Africa, Afghanistan & Pakistan",79687.66386816914
Oman,Men,1986,0.0629194819075378,Diabetes,6.3,1413419.0,10268.0,,"Middle East, North Africa, Afghanistan & Pakistan",88931.59119827017
Oman,Men,1987,0.0657316816807363,Diabetes,6.6,1500996.0,10699.0,Upper middle income,"Middle East, North Africa, Afghanistan & Pakistan",98662.99127605847
Oman,Men,1988,0.0686149930934218,Diabetes,6.9,1588568.0,10633.0,Upper middle income,"Middle East, North Africa, Afghanistan & Pakistan",108999.58234843088
Oman,Men,1989,0.0715937314682276,Diabetes,7.2,1676228.0,10692.0,Upper middle income,"Middle East, North Africa, Afghanistan & Pakistan",120007.41731152422
Oman,Men,1990,0.0745710856109799,Diabetes,7.5,1763954.0,10327.0,Upper middle income,"Middle East, North Africa, Afghanistan & Pakistan",131539.96474783044
Oman,Men,1991,0.0775065469865149,Diabetes,7.8,1851473.0,11131.0,Upper middle income,"Middle East, North Africa, Afghanistan & Pakistan",143501.2790687637
Oman,Men,1992,0.0804349151242886,Diabetes,8.0,1938238.0,12251.157,Upper middle income,"Middle East, North Africa, Afghanistan & Pakistan",155902.0090206709
Oman,Men,1993,0.0833273045050996,Diabetes,8.3,2021675.0,13226.644,Upper middle income,"Middle East, North Africa, Afghanistan & Pakistan",168460.72833534726
Oman,Men,1994,0.0861984575010284,Diabetes,8.6,2081834.0,14079.533,Upper middle income,"Middle East, North Africa, Afghanistan & Pakistan",179450.87957319597
Oman,Men,1995,0.0890965964466812,Diabetes,8.9,2120528.0,15292.176,Upper middle income,"Middle East, North Africa, Afghanistan & Pakistan",188931.827469888
Oman,Men,1996,0.0918537279552168,Diabetes,9.2,2156926.0,16491.168,Upper middle income,"Middle East, North Africa, Afghanistan & Pakistan",198121.69402353396
Oman,Men,1997,0.0945512077632637,Diabetes,9.5,2190720.0,18518.48,Upper middle income,"Middle East, North Africa, Afghanistan & Pakistan",207135.22187113707
Oman,Men,1998,0.0972307095143617,Diabetes,9.7,2222489.0,20213.02,Upper middle income,"Middle East, North Africa, Afghanistan & Pakistan",216094.18235786422
Oman,Men,1999,0.0998475796849627,Diabetes,10.0,2252909.0,21519.67,Upper middle income,"Middle East, North Africa, Afghanistan & Pakistan",224947.51090046964
Oman,Men,2000,0.102450831525568,Diabetes,10.2,2282131.0,24186.365,Upper middle income,"Middle East, North Africa, Afghanistan & Pakistan",233806.218600276
Oman,Men,2001,0.105136825019948,Diabetes,10.5,2310217.0,26431.1,Upper middle income,"Middle East, North Africa, Afghanistan & Pakistan",242888.8804871092
Oman,Men,2002,0.107821796955547,Diabetes,10.8,2337140.0,27141.844,Upper middle income,"Middle East, North Africa, Afghanistan & Pakistan",251994.6345366871
Oman,Men,2003,0.110493622696792,Diabetes,11.0,2363796.0,27313.98,Upper middle income,"Middle East, North Africa, Afghanistan & Pakistan",261184.38335618615
Oman,Men,2004,0.113197653056464,Diabetes,11.3,2404821.0,28607.084,Upper middle income,"Middle East, North Africa, Afghanistan & Pakistan",272220.0932208988
Oman,Men,2005,0.115895508772982,Diabetes,11.6,2459802.0,30392.56,Upper middle income,"Middle East, North Africa, Afghanistan & Pakistan",285080.0042707987
Oman,Men,2006,0.11867863025098,Diabetes,11.9,2514795.0,33374.895,Upper middle income,"Middle East, North Africa, Afghanistan & Pakistan",298452.42596201325
Oman,Men,2007,0.121604703367611,Diabetes,12.2,2570174.0,36424.98,High income,"Middle East, North Africa, Afghanistan & Pakistan",312545.2468731463
Oman,Men,2008,0.124760061067304,Diabetes,12.5,2626529.0,40909.938,High income,"Middle East, North Africa, Afghanistan & Pakistan",327685.91843504494
Oman,Men,2009,0.127906119248573,Diabetes,12.8,2684659.0,44244.65,High income,"Middle East, North Africa, Afghanistan & Pakistan",343384.31419575476
Oman,Men,2010,0.131062292025809,Diabetes,13.1,2757446.0,46182.16,High income,"Middle East, North Africa, Afghanistan & Pakistan",361397.1928973989
Oman,Men,2011,0.134104851834887,Diabetes,13.4,3076763.0,44454.0,High income,"Middle East, North Africa, Afghanistan & Pakistan",412608.8462460624
Oman,Men,2012,0.137182814145725,Diabetes,13.7,3547106.0,47427.582,High income,"Middle East, North Africa, Afghanistan & Pakistan",486601.98315318604
Oman,Men,2013,0.140247597512581,Diabetes,14.0,3833913.0,48900.758,High income,"Middle East, North Africa, Afghanistan & Pakistan",537697.087322252
Oman,Men,2014,0.143323601852061,Diabetes,14.3,4002439.0,48528.41,High income,"Middle East, North Africa, Afghanistan & Pakistan",573643.9736731611
Pakistan,Men,1980,0.0491402691249509,Diabetes,4.9,82291010.0,1851.0,,"Middle East, North Africa, Afghanistan & Pakistan",4043802.3779640254
Pakistan,Men,1981,0.0506240574122419,Diabetes,5.1,85802049.0,1924.0,,"Middle East, North Africa, Afghanistan & Pakistan",4343647.854663992
Pakistan,Men,1982,0.0521874389825593,Diabetes,5.2,89089246.0,2002.0,,"Middle East, North Africa, Afghanistan & Pakistan",4649339.589627216
Pakistan,Men,1983,0.053815660905387,Diabetes,5.4,92227711.0,2077.0,,"Middle East, North Africa, Afghanistan & Pakistan",4963295.221256031
Pakistan,Men,1984,0.0555158343544886,Diabetes,5.6,95164936.0,2106.0,,"Middle East, North Africa, Afghanistan & Pakistan",5283160.823331509
Pakistan,Men,1985,0.0572914545891187,Diabetes,5.7,98229285.0,2230.0,,"Middle East, North Africa, Afghanistan & Pakistan",5627698.620899098
Pakistan,Men,1986,0.0591303317996687,Diabetes,5.9,101606764.0,2302.0,,"Middle East, North Africa, Afghanistan & Pakistan",6008041.668410633
Pakistan,Men,1987,0.0610242440957367,Diabetes,6.1,105130717.0,2364.0,Low income,"Middle East, North Africa, Afghanistan & Pakistan",6415522.536167816
Pakistan,Men,1988,0.0629877332592758,Diabetes,6.3,108724739.0,2442.0,Low income,"Middle East, North Africa, Afghanistan & Pakistan",6848324.858816381
Pakistan,Men,1989,0.064966294249169,Diabetes,6.5,112336629.0,2487.0,Low income,"Middle East, North Africa, Afghanistan & Pakistan",7298094.494573731
Pakistan,Men,1990,0.0669887680516983,Diabetes,6.7,116155576.0,2531.0,Low income,"Middle East, North Africa, Afghanistan & Pakistan",7781118.938575414
Pakistan,Men,1991,0.0690940016528274,Diabetes,6.9,120060406.0,2644.5742,Low income,"Middle East, North Africa, Afghanistan & Pakistan",8295453.89060313
Pakistan,Men,1992,0.0712899837807355,Diabetes,7.1,123546848.0,2732.3816,Low income,"Middle East, North Africa, Afghanistan & Pakistan",8807652.790080994
Pakistan,Men,1993,0.0735363546119402,Diabetes,7.4,127020117.0,2777.332,Low income,"Middle East, North Africa, Afghanistan & Pakistan",9340596.366562134
Pakistan,Men,1994,0.0758653254679332,Diabetes,7.6,130748083.0,2855.9062,Low income,"Middle East, North Africa, Afghanistan & Pakistan",9919245.871103344
Pakistan,Men,1995,0.0782385837477021,Diabetes,7.8,134582253.0,2947.6826,Low income,"Middle East, North Africa, Afghanistan & Pakistan",10529524.87229493
Pakistan,Men,1996,0.0806502435689792,Diabetes,8.1,138557092.0,2979.808,Low income,"Middle East, North Africa, Afghanistan & Pakistan",11174663.218009459
Pakistan,Men,1997,0.0831140912280522,Diabetes,8.3,142531804.0,2986.7056,Low income,"Middle East, North Africa, Afghanistan & Pakistan",11846401.360554855
Pakistan,Men,1998,0.0855810617127578,Diabetes,8.6,146522356.0,3035.4517,Low income,"Middle East, North Africa, Afghanistan & Pakistan",12539538.791134669
Pakistan,Men,1999,0.0880772456073019,Diabetes,8.8,150565377.0,3111.9585,Low income,"Middle East, North Africa, Afghanistan & Pakistan",13261383.689985005
Pakistan,Men,2000,0.0906239503433777,Diabetes,9.1,154879127.0,3154.5115,Low income,"Middle East, North Africa, Afghanistan & Pakistan",14035758.314473689
Pakistan,Men,2001,0.0931932408085042,Diabetes,9.3,159270907.0,3176.9468,Low income,"Middle East, North Africa, Afghanistan & Pakistan",14842971.989839878
Pakistan,Men,2002,0.0957695631865089,Diabetes,9.6,163222549.0,3265.6865,Low income,"Middle East, North Africa, Afghanistan & Pakistan",15631752.219918543
Pakistan,Men,2003,0.0983490071385987,Diabetes,9.8,167110248.0,3437.992,Low income,"Middle East, North Africa, Afghanistan & Pakistan",16435126.973485
Pakistan,Men,2004,0.100967681707262,Diabetes,10.1,171286000.0,3664.5334,Low income,"Middle East, North Africa, Afghanistan & Pakistan",17294350.32891008
Pakistan,Men,2005,0.103572159536708,Diabetes,10.4,175453212.0,3883.9346,Low income,"Middle East, North Africa, Afghanistan & Pakistan",18172068.06449185
Pakistan,Men,2006,0.106181557549812,Diabetes,10.6,179682690.0,4062.6665,Low income,"Middle East, North Africa, Afghanistan & Pakistan",19078987.88894003
Pakistan,Men,2007,0.108688011928296,Diabetes,10.9,184493231.0,4160.365,Low income,"Middle East, North Africa, Afghanistan & Pakistan",20052202.49161787
Pakistan,Men,2008,0.111165782595324,Diabetes,11.1,189499113.0,4224.405,Lower middle income,"Middle East, North Africa, Afghanistan & Pakistan",21065817.197764736
Pakistan,Men,2009,0.113620723948692,Diabetes,11.4,194376534.0,4288.462,Lower middle income,"Middle East, North Africa, Afghanistan & Pakistan",22085202.511717547
Pakistan,Men,2010,0.116050426436679,Diabetes,11.6,199239047.0,4354.267,Lower middle income,"Middle East, North Africa, Afghanistan & Pakistan",23121776.36718753
Pakistan,Men,2011,0.118463480163206,Diabetes,11.8,203746065.0,4464.0,Lower middle income,"Middle East, North Africa, Afghanistan & Pakistan",24136467.929458782
Pakistan,Men,2012,0.120863916318379,Diabetes,12.1,207667125.0,4538.3457,Lower middle income,"Middle East, North Africa, Afghanistan & Pakistan",25099462.018078353
Pakistan,Men,2013,0.123327105534131,Diabetes,12.3,211073978.0,4638.1616,Lower middle income,"Middle East, North Africa, Afghanistan & Pakistan",26031142.760314845
Pakistan,Men,2014,0.125771360698724,Diabetes,12.6,214264647.0,4750.878,Lower middle income,"Middle East, North Africa, Afghanistan & Pakistan",26948356.20282177
Qatar,Men,1980,0.108042780375018,Diabetes,10.8,275913.0,45860.0,,"Middle East, North Africa, Afghanistan & Pakistan",29810.40766161234
Qatar,Men,1981,0.109471007469058,Diabetes,10.9,293553.0,37307.0,,"Middle East, North Africa, Afghanistan & Pakistan",32135.542655564383
Qatar,Men,1982,0.110601284774572,Diabetes,11.1,311537.0,29046.0,,"Middle East, North Africa, Afghanistan & Pakistan",34456.39245481584
Qatar,Men,1983,0.111462770561777,Diabetes,11.1,329709.0,23146.0,,"Middle East, North Africa, Afghanistan & Pakistan",36750.27861915293
Qatar,Men,1984,0.112290277554651,Diabetes,11.2,347878.0,20354.0,,"Middle East, North Africa, Afghanistan & Pakistan",39063.31717515688
Qatar,Men,1985,0.112929553740152,Diabetes,11.3,365940.0,16558.0,,"Middle East, North Africa, Afghanistan & Pakistan",41325.44089567122
Qatar,Men,1986,0.113618734317524,Diabetes,11.4,382422.0,12881.0,,"Middle East, North Africa, Afghanistan & Pakistan",43450.30361517616
Qatar,Men,1987,0.114369420024326,Diabetes,11.4,397005.0,12819.0,High income,"Middle East, North Africa, Afghanistan & Pakistan",45405.23159675754
Qatar,Men,1988,0.11521990507303,Diabetes,11.5,411264.0,12492.0,High income,"Middle East, North Africa, Afghanistan & Pakistan",47385.79903995461
Qatar,Men,1989,0.116170295637469,Diabetes,11.6,425646.0,12137.0,High income,"Middle East, North Africa, Afghanistan & Pakistan",49447.42165690613
Qatar,Men,1990,0.117051540808646,Diabetes,11.7,440175.0,11705.0,High income,"Middle East, North Africa, Afghanistan & Pakistan",51523.16197544576
Qatar,Men,1991,0.118105178627355,Diabetes,11.8,454853.0,12417.643,High income,"Middle East, North Africa, Afghanistan & Pakistan",53720.49481418831
Qatar,Men,1992,0.119493197944377,Diabetes,11.9,469657.0,15042.123,High income,"Middle East, North Africa, Afghanistan & Pakistan",56120.81686696227
Qatar,Men,1993,0.120996881598366,Diabetes,12.1,484545.0,16221.046,High income,"Middle East, North Africa, Afghanistan & Pakistan",58628.43399408025
Qatar,Men,1994,0.122647194092484,Diabetes,12.3,499459.0,17955.314,High income,"Middle East, North Africa, Afghanistan & Pakistan",61257.24491423796
Qatar,Men,1995,0.124510583325634,Diabetes,12.5,514325.0,19959.703,High income,"Middle East, North Africa, Afghanistan & Pakistan",64038.905768956705
Qatar,Men,1996,0.126481157057069,Diabetes,12.6,529019.0,22395.264,High income,"Middle East, North Africa, Afghanistan & Pakistan",66910.93522517358
Qatar,Men,1997,0.12889171546774,Diabetes,12.9,550500.0,30989.15,High income,"Middle East, North Africa, Afghanistan & Pakistan",70954.88936499087
Qatar,Men,1998,0.131578618940105,Diabetes,13.2,580540.0,36448.055,High income,"Middle East, North Africa, Afghanistan & Pakistan",76386.65143948856
Qatar,Men,1999,0.134405677268132,Diabetes,13.4,612500.0,40135.176,High income,"Middle East, North Africa, Afghanistan & Pakistan",82323.47732673085
Qatar,Men,2000,0.137441862361488,Diabetes,13.7,644989.0,45788.12,High income,"Middle East, North Africa, Afghanistan & Pakistan",88648.48936267379
Qatar,Men,2001,0.140626067987394,Diabetes,14.1,677925.0,50525.707,High income,"Middle East, North Africa, Afghanistan & Pakistan",95333.92714035408
Qatar,Men,2002,0.143985907055263,Diabetes,14.4,711205.0,57541.1,High income,"Middle East, North Africa, Afghanistan & Pakistan",102403.49702723834
Qatar,Men,2003,0.14744726941786,Diabetes,14.7,744682.0,62234.215,High income,"Middle East, North Africa, Afghanistan & Pakistan",109801.3274846308
Qatar,Men,2004,0.151117778562613,Diabetes,15.1,773332.0,74372.93,High income,"Middle East, North Africa, Afghanistan & Pakistan",116864.21393138263
Qatar,Men,2005,0.154680600199798,Diabetes,15.5,825408.0,76808.42,High income,"Middle East, North Africa, Afghanistan & Pakistan",127674.60484971487
Qatar,Men,2006,0.15835837306862,Diabetes,15.8,972831.0,90120.92,High income,"Middle East, North Africa, Afghanistan & Pakistan",154055.93443071865
Qatar,Men,2007,0.162054779756827,Diabetes,16.2,1208595.0,97912.69,High income,"Middle East, North Africa, Afghanistan & Pakistan",195858.59654020233
Qatar,Men,2008,0.165835322142635,Diabetes,16.6,1426938.0,107402.055,High income,"Middle East, North Africa, Afghanistan & Pakistan",236636.72290756728
Qatar,Men,2009,0.169624164540968,Diabetes,17.0,1608903.0,115283.414,High income,"Middle East, North Africa, Afghanistan & Pakistan",272908.827202457
Qatar,Men,2010,0.173477999210992,Diabetes,17.3,1616832.0,134802.78,High income,"Middle East, North Africa, Afghanistan & Pakistan",280484.7804203066
Qatar,Men,2011,0.177398975407638,Diabetes,17.7,1624761.0,155533.0,High income,"Middle East, North Africa, Afghanistan & Pakistan",288230.9366822893
Qatar,Men,2012,0.181346475886615,Diabetes,18.1,1722438.0,154339.81,High income,"Middle East, North Africa, Afghanistan & Pakistan",312358.06123318936
Qatar,Men,2013,0.185337687085947,Diabetes,18.5,1916426.0,155657.12,High income,"Middle East, North Africa, Afghanistan & Pakistan",355185.9623113731
Qatar,Men,2014,0.189393887179066,Diabetes,18.9,2151745.0,157712.9,High income,"Middle East, North Africa, Afghanistan & Pakistan",407527.34976811934
Saudi Arabia,Men,1980,0.0766117081837553,Diabetes,7.7,6047997.0,21068.0,,"Middle East, North Africa, Afghanistan & Pakistan",463347.3812602275
Saudi Arabia,Men,1981,0.079245865500151,Diabetes,7.9,6420551.0,21393.0,,"Middle East, North Africa, Afghanistan & Pakistan",508802.12098286004
Saudi Arabia,Men,1982,0.0817863719044542,Diabetes,8.2,6824486.0,20535.0,,"Middle East, North Africa, Afghanistan & Pakistan",558149.9500527411
Saudi Arabia,Men,1983,0.0842534918482695,Diabetes,8.4,7252941.0,17315.0,,"Middle East, North Africa, Afghanistan & Pakistan",611085.6054194797
Saudi Arabia,Men,1984,0.0867131064825488,Diabetes,8.7,7697307.0,16343.0,,"Middle East, North Africa, Afghanistan & Pakistan",667457.4015198683
Saudi Arabia,Men,1985,0.0892958193789495,Diabetes,8.9,8151779.0,14422.0,,"Middle East, North Africa, Afghanistan & Pakistan",727919.7852011136
Saudi Arabia,Men,1986,0.0919448393112567,Diabetes,9.2,8628639.0,12897.0,,"Middle East, North Africa, Afghanistan & Pakistan",793358.8263298427
Saudi Arabia,Men,1987,0.0945977367467755,Diabetes,9.5,9130194.0,12919.0,High income,"Middle East, North Africa, Afghanistan & Pakistan",863695.6884589893
Saudi Arabia,Men,1988,0.0973183131093737,Diabetes,9.7,9629165.0,12795.0,High income,"Middle East, North Africa, Afghanistan & Pakistan",937094.0944518223
Saudi Arabia,Men,1989,0.100002473057519,Diabetes,10.0,10128394.0,12758.0,High income,"Middle East, North Africa, Afghanistan & Pakistan",1012864.4481009371
Saudi Arabia,Men,1990,0.10271008353947,Diabetes,10.3,10640691.0,14335.0,Upper middle income,"Middle East, North Africa, Afghanistan & Pakistan",1092906.2615276866
Saudi Arabia,Men,1991,0.105554583518343,Diabetes,10.6,11160744.0,16830.412,Upper middle income,"Middle East, North Africa, Afghanistan & Pakistan",1178067.6846748455
Saudi Arabia,Men,1992,0.108431347435692,Diabetes,10.8,11686676.0,17905.28,Upper middle income,"Middle East, North Africa, Afghanistan & Pakistan",1267202.0257243633
Saudi Arabia,Men,1993,0.111223314310377,Diabetes,11.1,12215862.0,18101.092,Upper middle income,"Middle East, North Africa, Afghanistan & Pakistan",1358688.6587981908
Saudi Arabia,Men,1994,0.113936193561533,Diabetes,11.4,12750040.0,18678.932,Upper middle income,"Middle East, North Africa, Afghanistan & Pakistan",1452691.0253572883
Saudi Arabia,Men,1995,0.116656643617167,Diabetes,11.7,13289245.0,19223.332,Upper middle income,"Middle East, North Africa, Afghanistan & Pakistan",1550278.7179062185
Saudi Arabia,Men,1996,0.119431811589819,Diabetes,11.9,13831009.0,20280.494,Upper middle income,"Middle East, North Africa, Afghanistan & Pakistan",1651862.4609850908
Saudi Arabia,Men,1997,0.122239453767918,Diabetes,12.2,14374943.0,21087.428,Upper middle income,"Middle East, North Africa, Afghanistan & Pakistan",1757185.1802649566
Saudi Arabia,Men,1998,0.125082961398406,Diabetes,12.5,14922185.0,22310.918,Upper middle income,"Middle East, North Africa, Afghanistan & Pakistan",1866511.090334873
Saudi Arabia,Men,1999,0.127851643814703,Diabetes,12.8,15472075.0,22058.572,Upper middle income,"Middle East, North Africa, Afghanistan & Pakistan",1978130.2219743708
Saudi Arabia,Men,2000,0.130629513458019,Diabetes,13.1,16177722.0,23904.516,Upper middle income,"Middle East, North Africa, Afghanistan & Pakistan",2113287.9537190897
Saudi Arabia,Men,2001,0.133351791851778,Diabetes,13.3,17041397.0,24191.996,Upper middle income,"Middle East, North Africa, Afghanistan & Pakistan",2272500.825607514
Saudi Arabia,Men,2002,0.136068651492434,Diabetes,13.6,17910910.0,24053.975,Upper middle income,"Middle East, North Africa, Afghanistan & Pakistan",2437113.370702351
Saudi Arabia,Men,2003,0.138907727987856,Diabetes,13.9,18786767.0,27367.094,Upper middle income,"Middle East, North Africa, Afghanistan & Pakistan",2609627.1202072296
Saudi Arabia,Men,2004,0.141845413520896,Diabetes,14.2,19669480.0,30233.512,High income,"Middle East, North Africa, Afghanistan & Pakistan",2790025.5243409933
Saudi Arabia,Men,2005,0.144798671770613,Diabetes,14.5,20559890.0,32700.332,High income,"Middle East, North Africa, Afghanistan & Pakistan",2977044.7637499087
Saudi Arabia,Men,2006,0.147749521464088,Diabetes,14.8,21459144.0,34483.043,High income,"Middle East, North Africa, Afghanistan & Pakistan",3170578.2570289555
Saudi Arabia,Men,2007,0.150846020448104,Diabetes,15.1,22368313.0,36070.316,High income,"Middle East, North Africa, Afghanistan & Pakistan",3374171.0001875903
Saudi Arabia,Men,2008,0.154163905351704,Diabetes,15.4,23287877.0,39393.43,High income,"Middle East, North Africa, Afghanistan & Pakistan",3590150.0656701243
Saudi Arabia,Men,2009,0.157560240175471,Diabetes,15.8,24217654.0,39671.555,High income,"Middle East, North Africa, Afghanistan & Pakistan",3815739.3807264557
Saudi Arabia,Men,2010,0.161107157383374,Diabetes,16.1,23978487.0,42737.656,High income,"Middle East, North Africa, Afghanistan & Pakistan",3863105.8789241873
Saudi Arabia,Men,2011,0.164776365838569,Diabetes,16.5,25091867.0,48470.0,High income,"Middle East, North Africa, Afghanistan & Pakistan",4134546.6563647166
Saudi Arabia,Men,2012,0.168536051718255,Diabetes,16.9,26168861.0,49835.047,High income,"Middle East, North Africa, Afghanistan & Pakistan",4410396.510903826
Saudi Arabia,Men,2013,0.172327678622657,Diabetes,17.2,27624004.0,50021.12,High income,"Middle East, North Africa, Afghanistan & Pakistan",4760380.483582991
Saudi Arabia,Men,2014,0.176139624643022,Diabetes,17.6,28309273.0,50790.992,High income,"Middle East, North Africa, Afghanistan & Pakistan",4986384.720136837
Syria,Men,1980,0.0556762113270871,Diabetes,5.6,8957663.0,10374.0,,"Middle East, North Africa, Afghanistan & Pakistan",498728.738184829
Syria,Men,1981,0.0568980376507272,Diabetes,5.7,9260189.0,10984.0,,"Middle East, North Africa, Afghanistan & Pakistan",526886.5823748498
Syria,Men,1982,0.0581540419583259,Diabetes,5.8,9572511.0,10817.0,,"Middle East, North Africa, Afghanistan & Pakistan",556680.2063405362
Syria,Men,1983,0.0594622494042285,Diabetes,5.9,9904809.0,10581.0,,"Middle East, North Africa, Afghanistan & Pakistan",588962.2230592471
Syria,Men,1984,0.0608173906476394,Diabetes,6.1,10258398.0,9792.0,,"Middle East, North Africa, Afghanistan & Pakistan",623888.9985849627
Syria,Men,1985,0.062269505918286,Diabetes,6.2,10625672.0,10026.0,,"Middle East, North Africa, Afghanistan & Pakistan",661655.3454897659
Syria,Men,1986,0.0637296185921458,Diabetes,6.4,11002844.0,9200.0,,"Middle East, North Africa, Afghanistan & Pakistan",701207.05154888
Syria,Men,1987,0.0653111535496206,Diabetes,6.5,11388923.0,9055.0,Lower middle income,"Middle East, North Africa, Afghanistan & Pakistan",743823.6988178056
Syria,Men,1988,0.0670513458217856,Diabetes,6.7,11782264.0,9913.0,Lower middle income,"Middle East, North Africa, Afghanistan & Pakistan",790016.6580275749
Syria,Men,1989,0.0688554568435607,Diabetes,6.9,12179060.0,8735.0,Lower middle income,"Middle East, North Africa, Afghanistan & Pakistan",838594.7402251364
Syria,Men,1990,0.0708675880279013,Diabetes,7.1,12579208.0,9087.0,Lower middle income,"Middle East, North Africa, Afghanistan & Pakistan",891458.1302612802
Syria,Men,1991,0.0730936581663702,Diabetes,7.3,12980821.0,9424.123,Lower middle income,"Middle East, North Africa, Afghanistan & Pakistan",948815.6928928398
Syria,Men,1992,0.075563381982956,Diabetes,7.6,13385571.0,10002.276,Lower middle income,"Middle East, North Africa, Afghanistan & Pakistan",1011459.0145329782
Syria,Men,1993,0.0781835424603245,Diabetes,7.8,13795686.0,10072.486,Lower middle income,"Middle East, North Africa, Afghanistan & Pakistan",1078595.6021503042
Syria,Men,1994,0.0809429752638463,Diabetes,8.1,14208583.0,9969.374,Lower middle income,"Middle East, North Africa, Afghanistan & Pakistan",1150084.9823033072
Syria,Men,1995,0.0838408001500899,Diabetes,8.4,14616801.0,9856.483,Lower middle income,"Middle East, North Africa, Afghanistan & Pakistan",1225484.2914746343
Syria,Men,1996,0.0867575058208949,Diabetes,8.7,15018104.0,9517.372,Lower middle income,"Middle East, North Africa, Afghanistan & Pakistan",1302933.2451988051
Syria,Men,1997,0.0896882540481495,Diabetes,9.0,15417542.0,8826.773,Lower middle income,"Middle East, North Africa, Afghanistan & Pakistan",1382772.4236940148
Syria,Men,1998,0.0926453303329113,Diabetes,9.3,15820413.0,8742.974,Lower middle income,"Middle East, North Africa, Afghanistan & Pakistan",1465687.3883880842
Syria,Men,1999,0.0954647651987096,Diabetes,9.5,16228061.0,7960.292,Lower middle income,"Middle East, North Africa, Afghanistan & Pakistan",1549208.0329953365
Syria,Men,2000,0.0981775524278611,Diabetes,9.8,16637888.0,7668.072,Lower middle income,"Middle East, North Africa, Afghanistan & Pakistan",1633467.121408881
Syria,Men,2001,0.100908415326177,Diabetes,10.1,17051338.0,7509.304,Lower middle income,"Middle East, North Africa, Afghanistan & Pakistan",1720623.4967710243
Syria,Men,2002,0.103600235953133,Diabetes,10.4,17468332.0,7529.7017,Lower middle income,"Middle East, North Africa, Afghanistan & Pakistan",1809723.3169076638
Syria,Men,2003,0.106194561180265,Diabetes,10.6,17889296.0,6986.524,Lower middle income,"Middle East, North Africa, Afghanistan & Pakistan",1899745.93854387
Syria,Men,2004,0.108817495150399,Diabetes,10.9,18336875.0,7051.4287,Lower middle income,"Middle East, North Africa, Afghanistan & Pakistan",1995372.8063859725
Syria,Men,2005,0.1114608168909,Diabetes,11.1,18814091.0,7037.7183,Lower middle income,"Middle East, North Africa, Afghanistan & Pakistan",2097033.9519197296
Syria,Men,2006,0.114149908100303,Diabetes,11.4,19637022.0,6901.778,Lower middle income,"Middle East, North Africa, Afghanistan & Pakistan",2241564.256663628
Syria,Men,2007,0.117066853490311,Diabetes,11.7,20884125.0,6779.537,Lower middle income,"Middle East, North Africa, Afghanistan & Pakistan",2444838.801648341
Syria,Men,2008,0.120085276902077,Diabetes,12.0,21636564.0,6600.379,Lower middle income,"Middle East, North Africa, Afghanistan & Pakistan",2598232.779149511
Syria,Men,2009,0.123415498663521,Diabetes,12.3,21976969.0,6586.5186,Lower middle income,"Middle East, North Africa, Afghanistan & Pakistan",2712298.5882477425
Syria,Men,2010,0.12711408141099,Diabetes,12.7,22482421.0,6520.6123,Lower middle income,"Middle East, North Africa, Afghanistan & Pakistan",2857832.2933101514
Syria,Men,2011,0.130598697399489,Diabetes,13.1,22878098.0,5979.0,Lower middle income,"Middle East, North Africa, Afghanistan & Pakistan",2987849.797777855
Syria,Men,2012,0.13367175277837,Diabetes,13.4,22759763.0,4443.686,Lower middle income,"Middle East, North Africa, Afghanistan & Pakistan",3042337.413030293
Syria,Men,2013,0.136635239135288,Diabetes,13.7,21666917.0,3487.681,Lower middle income,"Middle East, North Africa, Afghanistan & Pakistan",2960464.385619437
Syria,Men,2014,0.139683955782195,Diabetes,14.0,20273659.0,3384.4143,Lower middle income,"Middle East, North Africa, Afghanistan & Pakistan",2831904.8872992997
Tunisia,Men,1980,0.047862259177814,Diabetes,4.8,6606195.0,4693.0,,"Middle East, North Africa, Afghanistan & Pakistan",316187.41726917896
Tunisia,Men,1981,0.0489636020536351,Diabetes,4.9,6758284.0,4830.0,,"Middle East, North Africa, Afghanistan & Pakistan",330909.92834144924
Tunisia,Men,1982,0.0501055751066294,Diabetes,5.0,6908642.0,4713.0,,"Middle East, North Africa, Afghanistan & Pakistan",346161.48061581433
Tunisia,Men,1983,0.051314561492193,Diabetes,5.1,7053800.0,4844.0,,"Middle East, North Africa, Afghanistan & Pakistan",361962.653853631
Tunisia,Men,1984,0.0525854651140901,Diabetes,5.3,7220044.0,4890.0,,"Middle East, North Africa, Afghanistan & Pakistan",379669.37188419554
Tunisia,Men,1985,0.0539095092148474,Diabetes,5.4,7409903.0,5039.0,,"Middle East, North Africa, Afghanistan & Pakistan",399464.23405962536
Tunisia,Men,1986,0.0552698710751391,Diabetes,5.5,7600301.0,4841.0,,"Middle East, North Africa, Afghanistan & Pakistan",420067.6564022508
Tunisia,Men,1987,0.0567219813251124,Diabetes,5.7,7789987.0,5043.0,Lower middle income,"Middle East, North Africa, Afghanistan & Pakistan",441863.49713686836
Tunisia,Men,1988,0.0583260695331335,Diabetes,5.8,7974440.0,4940.0,Lower middle income,"Middle East, North Africa, Afghanistan & Pakistan",465117.7419278011
Tunisia,Men,1989,0.0600357626612328,Diabetes,6.0,8151660.0,5023.0,Lower middle income,"Middle East, North Africa, Afghanistan & Pakistan",489391.125055065
Tunisia,Men,1990,0.0618446654724408,Diabetes,6.2,8324509.0,5316.0,Lower middle income,"Middle East, North Africa, Afghanistan & Pakistan",514826.4743273227
Tunisia,Men,1991,0.0637076215733491,Diabetes,6.4,8501827.0,5446.228,Lower middle income,"Middle East, North Africa, Afghanistan & Pakistan",541631.1771980819
Tunisia,Men,1992,0.0656264312757406,Diabetes,6.6,8682512.0,5789.955,Lower middle income,"Middle East, North Africa, Afghanistan & Pakistan",569802.2770687931
Tunisia,Men,1993,0.0675327215475737,Diabetes,6.8,8857910.0,5843.0684,Lower middle income,"Middle East, North Africa, Afghanistan & Pakistan",598198.7695234686
Tunisia,Men,1994,0.0694955512292551,Diabetes,6.9,9018448.0,5968.8447,Lower middle income,"Middle East, North Africa, Afghanistan & Pakistan",626742.0149923732
Tunisia,Men,1995,0.0715925049646803,Diabetes,7.2,9161258.0,6048.7476,Lower middle income,"Middle East, North Africa, Afghanistan & Pakistan",655877.4088477171
Tunisia,Men,1996,0.0737435289305413,Diabetes,7.4,9294432.0,6388.394,Lower middle income,"Middle East, North Africa, Afghanistan & Pakistan",685404.2150849488
Tunisia,Men,1997,0.0759345589517074,Diabetes,7.6,9421270.0,6680.1035,Lower middle income,"Middle East, North Africa, Afghanistan & Pakistan",715399.9822149525
Tunisia,Men,1998,0.0781931439696518,Diabetes,7.8,9541667.0,6944.661,Lower middle income,"Middle East, North Africa, Afghanistan & Pakistan",746092.9414414755
Tunisia,Men,1999,0.0804632660578103,Diabetes,8.0,9655963.0,7297.4746,Lower middle income,"Middle East, North Africa, Afghanistan & Pakistan",776950.3199133722
Tunisia,Men,2000,0.0828072659616021,Diabetes,8.3,9764935.0,7548.438,Lower middle income,"Middle East, North Africa, Afghanistan & Pakistan",808607.569642757
Tunisia,Men,2001,0.0853635385134448,Diabetes,8.5,9869677.0,7848.094,Lower middle income,"Middle East, North Africa, Afghanistan & Pakistan",842510.5527047603
Tunisia,Men,2002,0.0880405167090662,Diabetes,8.8,9971515.0,7916.6797,Lower middle income,"Middle East, North Africa, Afghanistan & Pakistan",877897.3329722042
Tunisia,Men,2003,0.0907572930787458,Diabetes,9.1,10071632.0,8281.715,Lower middle income,"Middle East, North Africa, Afghanistan & Pakistan",914074.0572052748
Tunisia,Men,2004,0.0934588424865352,Diabetes,9.3,10166163.0,8705.084,Lower middle income,"Middle East, North Africa, Afghanistan & Pakistan",950117.8265094422
Tunisia,Men,2005,0.0962213985551127,Diabetes,9.6,10255472.0,8983.384,Lower middle income,"Middle East, North Africa, Afghanistan & Pakistan",986795.8586827988
Tunisia,Men,2006,0.098909134111814,Diabetes,9.9,10346410.0,9420.023,Lower middle income,"Middle East, North Africa, Afghanistan & Pakistan",1023354.4542658135
Tunisia,Men,2007,0.10163763675544,Diabetes,10.2,10441702.0,9932.938,Lower middle income,"Middle East, North Africa, Afghanistan & Pakistan",1061269.9149845515
Tunisia,Men,2008,0.104370510260604,Diabetes,10.4,10542635.0,10294.922,Lower middle income,"Middle East, North Africa, Afghanistan & Pakistan",1100340.194441303
Tunisia,Men,2009,0.107118109527074,Diabetes,10.7,10650681.0,10533.218,Lower middle income,"Middle East, North Africa, Afghanistan & Pakistan",1140880.813895926
Tunisia,Men,2010,0.109880869019901,Diabetes,11.0,10765980.0,10721.812,Upper middle income,"Middle East, North Africa, Afghanistan & Pakistan",1182975.2382508738
Tunisia,Men,2011,0.112607484112911,Diabetes,11.3,10886035.0,10437.0,Upper middle income,"Middle East, North Africa, Afghanistan & Pakistan",1225849.013315093
Tunisia,Men,2012,0.115422001535147,Diabetes,11.5,11009647.0,10750.85,Upper middle income,"Middle East, North Africa, Afghanistan & Pakistan",1270755.4929354265
Tunisia,Men,2013,0.118306746096073,Diabetes,11.8,11141361.0,10881.511,Upper middle income,"Middle East, North Africa, Afghanistan & Pakistan",1318098.16699169
Tunisia,Men,2014,0.121266469454968,Diabetes,12.1,11274288.0,11084.781,Upper middle income,"Middle East, North Africa, Afghanistan & Pakistan",1367193.101378512
United Arab Emirates,Men,1980,0.095691923460278,Diabetes,9.6,1015700.0,44168.0,,"Middle East, North Africa, Afghanistan & Pakistan",97194.28665860435
United Arab Emirates,Men,1981,0.0951700593690153,Diabetes,9.5,1099855.0,42456.0,,"Middle East, North Africa, Afghanistan & Pakistan",104673.26564730833
United Arab Emirates,Men,1982,0.0947867087491924,Diabetes,9.5,1166370.0,36635.0,,"Middle East, North Africa, Afghanistan & Pakistan",110556.37348379554
United Arab Emirates,Men,1983,0.094629452833518,Diabetes,9.5,1235305.0,32737.0,,"Middle East, North Africa, Afghanistan & Pakistan",116896.23623250895
United Arab Emirates,Men,1984,0.0945018302874195,Diabetes,9.5,1305996.0,32135.0,,"Middle East, North Africa, Afghanistan & Pakistan",123419.01234804872
United Arab Emirates,Men,1985,0.0943630450031328,Diabetes,9.4,1377911.0,29562.0,,"Middle East, North Africa, Afghanistan & Pakistan",130023.87770331172
United Arab Emirates,Men,1986,0.0941553899100548,Diabetes,9.4,1467383.0,21949.0,,"Middle East, North Africa, Afghanistan & Pakistan",138162.01851238596
United Arab Emirates,Men,1987,0.0940549263334063,Diabetes,9.4,1574244.0,21487.0,High income,"Middle East, North Africa, Afghanistan & Pakistan",148065.40345080686
United Arab Emirates,Men,1988,0.0942436688158033,Diabetes,9.4,1681788.0,20215.0,High income,"Middle East, North Africa, Afghanistan & Pakistan",158497.8712903922
United Arab Emirates,Men,1989,0.0947562966802004,Diabetes,9.5,1789851.0,21072.0,High income,"Middle East, North Africa, Afghanistan & Pakistan",169599.65236935337
United Arab Emirates,Men,1990,0.095700215010694,Diabetes,9.6,1898220.0,22254.0,High income,"Middle East, North Africa, Afghanistan & Pakistan",181660.06213759957
United Arab Emirates,Men,1991,0.0969504799035951,Diabetes,9.7,2006626.0,,High income,"Middle East, North Africa, Afghanistan & Pakistan",194543.3536870314
United Arab Emirates,Men,1992,0.0984082408139447,Diabetes,9.8,2114730.0,,High income,"Middle East, North Africa, Afghanistan & Pakistan",208106.85909647326
United Arab Emirates,Men,1993,0.0999328896472434,Diabetes,10.0,2222093.0,25558.756,High income,"Middle East, North Africa, Afghanistan & Pakistan",222060.17455491202
United Arab Emirates,Men,1994,0.10153373105406,Diabetes,10.2,2328188.0,28334.582,High income,"Middle East, North Africa, Afghanistan & Pakistan",236389.61423528983
United Arab Emirates,Men,1995,0.103576493269891,Diabetes,10.4,2434662.0,31239.918,High income,"Middle East, North Africa, Afghanistan & Pakistan",252173.75225745936
United Arab Emirates,Men,1996,0.10594434273097,Diabetes,10.6,2597564.0,34042.742,High income,"Middle East, North Africa, Afghanistan & Pakistan",275197.21068162937
United Arab Emirates,Men,1997,0.108563707182792,Diabetes,10.9,2817410.0,38168.465,High income,"Middle East, North Africa, Afghanistan & Pakistan",305868.47425387
United Arab Emirates,Men,1998,0.111558274891084,Diabetes,11.2,3040421.0,39667.793,High income,"Middle East, North Africa, Afghanistan & Pakistan",339184.1217026245
United Arab Emirates,Men,1999,0.114679170646379,Diabetes,11.5,3266009.0,42372.438,High income,"Middle East, North Africa, Afghanistan & Pakistan",374543.20344360964
United Arab Emirates,Men,2000,0.118074374606831,Diabetes,11.8,3493575.0,48888.03,High income,"Middle East, North Africa, Afghanistan & Pakistan",412501.6832670596
United Arab Emirates,Men,2001,0.121748655593977,Diabetes,12.2,3723590.0,51263.375,High income,"Middle East, North Africa, Afghanistan & Pakistan",453342.07648317685
United Arab Emirates,Men,2002,0.125509554415408,Diabetes,12.6,3956826.0,54077.47,High income,"Middle East, North Africa, Afghanistan & Pakistan",496619.4681593012
United Arab Emirates,Men,2003,0.129453459529293,Diabetes,12.9,4192457.0,59823.266,High income,"Middle East, North Africa, Afghanistan & Pakistan",542728.062577801
United Arab Emirates,Men,2004,0.133263992905145,Diabetes,13.3,4428967.0,64925.67,High income,"Middle East, North Africa, Afghanistan & Pakistan",590221.8268651214
United Arab Emirates,Men,2005,0.13673825920527,Diabetes,13.7,4664790.0,65599.055,High income,"Middle East, North Africa, Afghanistan & Pakistan",637855.2641581515
United Arab Emirates,Men,2006,0.139700913514803,Diabetes,14.0,5009100.0,67830.93,High income,"Middle East, North Africa, Afghanistan & Pakistan",699775.8458869996
United Arab Emirates,Men,2007,0.142195607780354,Diabetes,14.2,5624635.0,65412.8,High income,"Middle East, North Africa, Afghanistan & Pakistan",799798.3923676515
United Arab Emirates,Men,2008,0.144242888039044,Diabetes,14.4,6302664.0,63862.086,High income,"Middle East, North Africa, Afghanistan & Pakistan",909114.4576997132
United Arab Emirates,Men,2009,0.145677383486843,Diabetes,14.6,6707058.0,58860.535,High income,"Middle East, North Africa, Afghanistan & Pakistan",977066.6603344983
United Arab Emirates,Men,2010,0.146504369948098,Diabetes,14.7,6869838.0,60112.402,High income,"Middle East, North Africa, Afghanistan & Pakistan",1006461.2878355017
United Arab Emirates,Men,2011,0.146668273366853,Diabetes,14.7,7104538.0,65307.0,High income,"Middle East, North Africa, Afghanistan & Pakistan",1042010.3215291952
United Arab Emirates,Men,2012,0.147665954357165,Diabetes,14.8,7391448.0,66007.0,High income,"Middle East, North Africa, Afghanistan & Pakistan",1091465.2230013586
United Arab Emirates,Men,2013,0.148830766326304,Diabetes,14.9,7693031.0,66825.305,High income,"Middle East, North Africa, Afghanistan & Pakistan",1144959.6991020127
United Arab Emirates,Men,2014,0.150211902129322,Diabetes,15.0,8059440.0,67791.39,High income,"Middle East, North Africa, Afghanistan & Pakistan",1210623.812497143
Yemen,Men,1980,0.033454494324436,Diabetes,3.3,9543358.0,3650.0,,"Middle East, North Africa, Afghanistan & Pakistan",319268.2160470609
Yemen,Men,1981,0.0344055085696415,Diabetes,3.4,9882362.0,3767.0,,"Middle East, North Africa, Afghanistan & Pakistan",340007.6904792995
Yemen,Men,1982,0.0354652162523663,Diabetes,3.5,10241006.0,3724.0,,"Middle East, North Africa, Afghanistan & Pakistan",363199.4924317808
Yemen,Men,1983,0.0366928612207783,Diabetes,3.7,10621499.0,3827.0,,"Middle East, North Africa, Afghanistan & Pakistan",389733.18876363547
Yemen,Men,1984,0.0380680795909766,Diabetes,3.8,11025597.0,3861.0,,"Middle East, North Africa, Afghanistan & Pakistan",419723.3041340328
Yemen,Men,1985,0.0395953428850166,Diabetes,4.0,11453825.0,3717.0,,"Middle East, North Africa, Afghanistan & Pakistan",453518.1282199753
Yemen,Men,1986,0.0412505961172497,Diabetes,4.1,11901040.0,3684.0,,"Middle East, North Africa, Afghanistan & Pakistan",490924.9944152333
Yemen,Men,1987,0.0430397831485097,Diabetes,4.3,12369912.0,3712.0,,"Middle East, North Africa, Afghanistan & Pakistan",532398.3300461479
Yemen,Men,1988,0.0449077691586318,Diabetes,4.5,12859708.0,3747.0,,"Middle East, North Africa, Afghanistan & Pakistan",577500.7983114107
Yemen,Men,1989,0.046804636779882,Diabetes,4.7,13364174.0,3751.0,Lower middle income,"Middle East, North Africa, Afghanistan & Pakistan",625505.3099331427
Yemen,Men,1990,0.0487525490753729,Diabetes,4.9,13887862.0,3622.0,Lower middle income,"Middle East, North Africa, Afghanistan & Pakistan",677068.6737070065
Yemen,Men,1991,0.0508252872338981,Diabetes,5.1,14430201.0,3661.9236,Low income,"Middle East, North Africa, Afghanistan & Pakistan",733419.1106678835
Yemen,Men,1992,0.0529955862832206,Diabetes,5.3,14989494.0,3759.7183,Low income,"Middle East, North Africa, Afghanistan & Pakistan",794377.0226188174
Yemen,Men,1993,0.0552172586499547,Diabetes,5.5,15563914.0,3712.341,Low income,"Middle East, North Africa, Afghanistan & Pakistan",859396.6649436511
Yemen,Men,1994,0.0575277488805998,Diabetes,5.8,16149147.0,3775.0696,Low income,"Middle East, North Africa, Afghanistan & Pakistan",929024.0732518915
Yemen,Men,1995,0.0599489812338995,Diabetes,6.0,16740058.0,3823.3188,Low income,"Middle East, North Africa, Afghanistan & Pakistan",1003549.4228963893
Yemen,Men,1996,0.0624867352069316,Diabetes,6.2,17313177.0,3855.572,Low income,"Middle East, North Africa, Afghanistan & Pakistan",1081843.9067897385
Yemen,Men,1997,0.0651810856874027,Diabetes,6.5,17873936.0,3927.6804,Low income,"Middle East, North Africa, Afghanistan & Pakistan",1165042.553987152
Yemen,Men,1998,0.0680136418360093,Diabetes,6.8,18446013.0,4044.1484,Low income,"Middle East, North Africa, Afghanistan & Pakistan",1254580.5214843715
Yemen,Men,1999,0.0710030347350259,Diabetes,7.1,19029420.0,4080.2185,Low income,"Middle East, North Africa, Afghanistan & Pakistan",1351146.5692473964
Yemen,Men,2000,0.0741119219085,Diabetes,7.4,19624141.0,4212.1055,Low income,"Middle East, North Africa, Afghanistan & Pakistan",1454382.805313393
Yemen,Men,2001,0.0773521014996091,Diabetes,7.7,20226147.0,4249.0337,Low income,"Middle East, North Africa, Afghanistan & Pakistan",1564534.975690014
Yemen,Men,2002,0.0807445578212148,Diabetes,8.1,20835086.0,4292.0986,Low income,"Middle East, North Africa, Afghanistan & Pakistan",1682319.806236983
Yemen,Men,2003,0.0842513961283832,Diabetes,8.4,21456379.0,4326.5103,Low income,"Middle East, North Africa, Afghanistan & Pakistan",1807729.8866097226
Yemen,Men,2004,0.087826353394277,Diabetes,8.8,22095167.0,4371.3955,Low income,"Middle East, North Africa, Afghanistan & Pakistan",1940537.945247567
Yemen,Men,2005,0.0914953256165682,Diabetes,9.1,22790085.0,4485.583,Low income,"Middle East, North Africa, Afghanistan & Pakistan",2085186.2479042667
Yemen,Men,2006,0.0951669160261559,Diabetes,9.5,23543083.0,4497.2593,Low income,"Middle East, North Africa, Afghanistan & Pakistan",2240522.6028578184
Yemen,Men,2007,0.0988293176530564,Diabetes,9.9,24318082.0,4516.1436,Low income,"Middle East, North Africa, Afghanistan & Pakistan",2403339.450691073
Yemen,Men,2008,0.10255072329304,Diabetes,10.3,25111941.0,4549.009,Low income,"Middle East, North Africa, Afghanistan & Pakistan",2575247.7128421464
Yemen,Men,2009,0.106390123985265,Diabetes,10.6,25927724.0,4593.5425,Lower middle income,"Middle East, North Africa, Afghanistan & Pakistan",2758453.771015731
Yemen,Men,2010,0.110298575750742,Diabetes,11.0,26754387.0,4812.345,Lower middle income,"Middle East, North Africa, Afghanistan & Pakistan",2950970.781184167
Yemen,Men,2011,0.114045719762451,Diabetes,11.4,27582897.0,4088.0,Lower middle income,"Middle East, North Africa, Afghanistan & Pakistan",3145711.3414985505
Yemen,Men,2012,0.117857692753045,Diabetes,11.8,28433647.0,4064.3423,Lower middle income,"Middle East, North Africa, Afghanistan & Pakistan",3351124.0319745396
Yemen,Men,2013,0.121799059826683,Diabetes,12.2,29312952.0,4139.823,Lower middle income,"Middle East, North Africa, Afghanistan & Pakistan",3570289.994344687
Yemen,Men,2014,0.125919634017986,Diabetes,12.6,30226309.0,4019.4,Lower middle income,"Middle East, North Africa, Afghanistan & Pakistan",3806085.7669945564
Afghanistan,Women,1980,0.0537463215686857,Diabetes,5.4,13169311.0,1019.0,,"Middle East, North Africa, Afghanistan & Pakistan",707802.0238440299
Afghanistan,Women,1981,0.0549959275727459,Diabetes,5.5,11937581.0,1144.0,,"Middle East, North Africa, Afghanistan & Pakistan",656518.3400697876
Afghanistan,Women,1982,0.0563053800330008,Diabetes,5.6,10991378.0,1270.0,,"Middle East, North Africa, Afghanistan & Pakistan",618873.7153763643
Afghanistan,Women,1983,0.057679907357147,Diabetes,5.8,10917982.0,1347.0,,"Middle East, North Africa, Afghanistan & Pakistan",629748.1902869985
Afghanistan,Women,1984,0.0591149155516432,Diabetes,5.9,11190221.0,1337.0,,"Middle East, North Africa, Afghanistan & Pakistan",661508.9694192243
Afghanistan,Women,1985,0.0606125358233843,Diabetes,6.1,11426852.0,1304.0,,"Middle East, North Africa, Afghanistan & Pakistan",692610.4761985105
Afghanistan,Women,1986,0.062165121644874,Diabetes,6.2,11420074.0,1344.0,,"Middle East, North Africa, Afghanistan & Pakistan",709930.2894034628
Afghanistan,Women,1987,0.0638616487798453,Diabetes,6.4,11387818.0,1211.0,Low income,"Middle East, North Africa, Afghanistan & Pakistan",727244.8334848004
Afghanistan,Women,1988,0.0656179618223464,Diabetes,6.6,11523298.0,1101.0,Low income,"Middle East, North Africa, Afghanistan & Pakistan",756135.3282315206
Afghanistan,Women,1989,0.0673863963502314,Diabetes,6.7,11874088.0,999.0,Low income,"Middle East, North Africa, Afghanistan & Pakistan",800152.0002655265
Afghanistan,Women,1990,0.069083295041626,Diabetes,6.9,12045660.0,963.0,Low income,"Middle East, North Africa, Afghanistan & Pakistan",832153.8837511126
Afghanistan,Women,1991,0.0706991150608023,Diabetes,7.1,12238879.0,881.1704,Low income,"Middle East, North Africa, Afghanistan & Pakistan",865277.914636237
Afghanistan,Women,1992,0.0722180904597718,Diabetes,7.2,13278974.0,843.87537,Low income,"Middle East, North Africa, Afghanistan & Pakistan",958982.1455449578
Afghanistan,Women,1993,0.0736410142093487,Diabetes,7.4,14943172.0,578.4028,Low income,"Middle East, North Africa, Afghanistan & Pakistan",1100430.3415847416
Afghanistan,Women,1994,0.0749969976491843,Diabetes,7.5,16250794.0,428.42456,Low income,"Middle East, North Africa, Afghanistan & Pakistan",1218760.7594153783
Afghanistan,Women,1995,0.0765520790860532,Diabetes,7.7,17065836.0,632.94037,Low income,"Middle East, North Africa, Afghanistan & Pakistan",1306425.2271416138
Afghanistan,Women,1996,0.0781621512033724,Diabetes,7.8,17763266.0,600.1753,Low income,"Middle East, North Africa, Afghanistan & Pakistan",1388415.082957724
Afghanistan,Women,1997,0.0798801254867938,Diabetes,8.0,18452091.0,570.59814,Low income,"Middle East, North Africa, Afghanistan & Pakistan",1473955.3445737385
Afghanistan,Women,1998,0.0816230952118009,Diabetes,8.2,19159996.0,545.03876,Low income,"Middle East, North Africa, Afghanistan & Pakistan",1563898.1777657245
Afghanistan,Women,1999,0.0834767250171924,Diabetes,8.3,19887785.0,518.65784,Low income,"Middle East, North Africa, Afghanistan & Pakistan",1660167.1596460438
Afghanistan,Women,2000,0.085407081235161,Diabetes,8.5,20130327.0,502.37274,Low income,"Middle East, North Africa, Afghanistan & Pakistan",1719272.4733793547
Afghanistan,Women,2001,0.0873461106714137,Diabetes,8.7,20284307.0,489.682,Low income,"Middle East, North Africa, Afghanistan & Pakistan",1771755.3241149315
Afghanistan,Women,2002,0.0896199509170051,Diabetes,9.0,21378117.0,796.8166,Low income,"Middle East, North Africa, Afghanistan & Pakistan",1915905.7962379924
Afghanistan,Women,2003,0.0920281914037101,Diabetes,9.2,22733049.0,842.8052,Low income,"Middle East, North Africa, Afghanistan & Pakistan",2092081.3845619205
Afghanistan,Women,2004,0.0944499211446296,Diabetes,9.4,23560654.0,869.03925,Low income,"Middle East, North Africa, Afghanistan & Pakistan",2225301.912415902
Afghanistan,Women,2005,0.0969392752699144,Diabetes,9.7,24404567.0,964.4081,Low income,"Middle East, North Africa, Afghanistan & Pakistan",2365761.038256069
Afghanistan,Women,2006,0.0994726077305681,Diabetes,9.9,25424094.0,1057.0966,Low income,"Middle East, North Africa, Afghanistan & Pakistan",2529000.92936709
Afghanistan,Women,2007,0.102118013162932,Diabetes,10.2,25909852.0,1259.9967,Low income,"Middle East, North Africa, Afghanistan & Pakistan",2645862.6075856197
Afghanistan,Women,2008,0.104794391596989,Diabetes,10.5,26482622.0,1319.6074,Low income,"Middle East, North Africa, Afghanistan & Pakistan",2775230.260383036
Afghanistan,Women,2009,0.107656021478011,Diabetes,10.8,27466101.0,1557.3207,Low income,"Middle East, North Africa, Afghanistan & Pakistan",2956891.1591732195
Afghanistan,Women,2010,0.110515075808812,Diabetes,11.1,28284089.0,1627.6716,Low income,"Middle East, North Africa, Afghanistan & Pakistan",3125818.240018185
Afghanistan,Women,2011,0.113348233285106,Diabetes,11.3,29347708.0,1792.0,Low income,"Middle East, North Africa, Afghanistan & Pakistan",3326510.852767172
Afghanistan,Women,2012,0.116397174349522,Diabetes,11.6,30560034.0,1945.0,Low income,"Middle East, North Africa, Afghanistan & Pakistan",3557101.60562532
Afghanistan,Women,2013,0.119457729191665,Diabetes,11.9,31622704.0,2025.0,Low income,"Middle East, North Africa, Afghanistan & Pakistan",3777576.410740182
Afghanistan,Women,2014,0.122499832939963,Diabetes,12.2,32792523.0,2022.0,Low income,"Middle East, North Africa, Afghanistan & Pakistan",4017078.5891798944
Algeria,Women,1980,0.0558301874029422,Diabetes,5.6,18607174.0,5024.0,,"Middle East, North Africa, Afghanistan & Pakistan",1038842.0114591536
Algeria,Women,1981,0.0569873180623511,Diabetes,5.7,19220704.0,4991.0,,"Middle East, North Africa, Afghanistan & Pakistan",1095336.372230304
Algeria,Women,1982,0.0582305652285518,Diabetes,5.8,19872348.0,5145.0,,"Middle East, North Africa, Afghanistan & Pakistan",1157178.056458481
Algeria,Women,1983,0.0595964446943998,Diabetes,6.0,20558115.0,5243.0,,"Middle East, North Africa, Afghanistan & Pakistan",1225190.5636186108
Algeria,Women,1984,0.061059580142843,Diabetes,6.1,21271969.0,5361.0,,"Middle East, North Africa, Afghanistan & Pakistan",1298857.4959515717
Algeria,Women,1985,0.0625636225616502,Diabetes,6.3,22008544.0,5469.0,,"Middle East, North Africa, Afghanistan & Pakistan",1376934.239947471
Algeria,Women,1986,0.064105644406904,Diabetes,6.4,22745499.0,5262.0,,"Middle East, North Africa, Afghanistan & Pakistan",1458114.8707515905
Algeria,Women,1987,0.0657158027007717,Diabetes,6.6,23443624.0,5088.0,Upper middle income,"Middle East, North Africa, Afghanistan & Pakistan",1540616.569375076
Algeria,Women,1988,0.067386251685221,Diabetes,6.7,24109536.0,4850.0,Upper middle income,"Middle East, North Africa, Afghanistan & Pakistan",1624651.2609098963
Algeria,Women,1989,0.0691305555857828,Diabetes,6.9,24754485.0,4889.0,Lower middle income,"Middle East, North Africa, Afghanistan & Pakistan",1711291.3012899263
Algeria,Women,1990,0.0709328074958912,Diabetes,7.1,25375810.0,4697.0,Lower middle income,"Middle East, North Africa, Afghanistan & Pakistan",1799977.445782311
Algeria,Women,1991,0.072766677202445,Diabetes,7.3,25987928.0,4708.232,Lower middle income,"Middle East, North Africa, Afghanistan & Pakistan",1891055.167936382
Algeria,Women,1992,0.0746424977282784,Diabetes,7.5,26628568.0,4850.223,Lower middle income,"Middle East, North Africa, Afghanistan & Pakistan",1987622.826447307
Algeria,Women,1993,0.076557579771567,Diabetes,7.7,27277048.0,4816.924,Lower middle income,"Middle East, North Africa, Afghanistan & Pakistan",2088264.7781928622
Algeria,Women,1994,0.0785386839395966,Diabetes,7.9,27887279.0,4856.9854,Lower middle income,"Middle East, North Africa, Afghanistan & Pakistan",2190230.19131635
Algeria,Women,1995,0.0806240575920321,Diabetes,8.1,28470191.0,5142.384,Lower middle income,"Middle East, North Africa, Afghanistan & Pakistan",2295382.318840154
Algeria,Women,1996,0.082776232912466,Diabetes,8.3,29033044.0,5451.6343,Lower middle income,"Middle East, North Africa, Afghanistan & Pakistan",2403246.0123018734
Algeria,Women,1997,0.0849743302399774,Diabetes,8.5,29579301.0,5638.48,Lower middle income,"Middle East, North Africa, Afghanistan & Pakistan",2513481.291441694
Algeria,Women,1998,0.087266142777145,Diabetes,8.7,30054133.0,6069.7773,Lower middle income,"Middle East, North Africa, Afghanistan & Pakistan",2622708.2614213056
Algeria,Women,1999,0.0895970225622137,Diabetes,9.0,30474354.0,6421.5083,Lower middle income,"Middle East, North Africa, Afghanistan & Pakistan",2730411.3829068877
Algeria,Women,2000,0.0919763096217517,Diabetes,9.2,30903893.0,6834.5537,Lower middle income,"Middle East, North Africa, Afghanistan & Pakistan",2842426.031085485
Algeria,Women,2001,0.0943957904939833,Diabetes,9.4,31331221.0,7218.2456,Lower middle income,"Middle East, North Africa, Afghanistan & Pakistan",2957535.3734366903
Algeria,Women,2002,0.0968470364174821,Diabetes,9.7,31750835.0,7814.8384,Lower middle income,"Middle East, North Africa, Afghanistan & Pakistan",3074974.2735304656
Algeria,Women,2003,0.0993220586775152,Diabetes,9.9,32175818.0,8590.178,Lower middle income,"Middle East, North Africa, Afghanistan & Pakistan",3195768.48339305
Algeria,Women,2004,0.101783016925063,Diabetes,10.2,32628286.0,9182.294,Lower middle income,"Middle East, North Africa, Afghanistan & Pakistan",3321005.3861737964
Algeria,Women,2005,0.104243651081469,Diabetes,10.4,33109249.0,9969.623,Lower middle income,"Middle East, North Africa, Afghanistan & Pakistan",3451429.0003254768
Algeria,Women,2006,0.106667284385731,Diabetes,10.7,33623506.0,10385.779,Lower middle income,"Middle East, North Africa, Afghanistan & Pakistan",3586528.0765473326
Algeria,Women,2007,0.109093274709776,Diabetes,10.9,34189416.0,10974.742,Lower middle income,"Middle East, North Africa, Afghanistan & Pakistan",3729835.351854811
Algeria,Women,2008,0.11151646831961,Diabetes,11.2,34816961.0,11475.002,Upper middle income,"Middle East, North Africa, Afghanistan & Pakistan",3882664.528341597
Algeria,Women,2009,0.113922232501744,Diabetes,11.4,35490445.0,11907.021,Upper middle income,"Middle East, North Africa, Afghanistan & Pakistan",4043150.726880358
Algeria,Women,2010,0.116288809200145,Diabetes,11.6,36188236.0,12587.744,Upper middle income,"Middle East, North Africa, Afghanistan & Pakistan",4208286.871493818
Algeria,Women,2011,0.118568509560771,Diabetes,11.9,36903376.0,13204.0,Upper middle income,"Middle East, North Africa, Afghanistan & Pakistan",4375578.290080727
Algeria,Women,2012,0.120969173635142,Diabetes,12.1,37646166.0,13392.944,Upper middle income,"Middle East, North Africa, Afghanistan & Pakistan",4554025.591551379
Algeria,Women,2013,0.123420240430033,Diabetes,12.3,38414171.0,13508.265,Upper middle income,"Middle East, North Africa, Afghanistan & Pakistan",4741086.220740401
Algeria,Women,2014,0.125937459435929,Diabetes,12.6,39205031.0,13760.384,Upper middle income,"Middle East, North Africa, Afghanistan & Pakistan",4937382.001246839
Bahrain,Women,1980,0.095607450225361,Diabetes,9.6,358978.0,6994.0,,"Middle East, North Africa, Afghanistan & Pakistan",34320.971266999644
Bahrain,Women,1981,0.0951418590126747,Diabetes,9.5,373524.0,6875.0,,"Middle East, North Africa, Afghanistan & Pakistan",35537.76774585031
Bahrain,Women,1982,0.0946561050763929,Diabetes,9.5,386983.0,7036.0,,"Middle East, North Africa, Afghanistan & Pakistan",36630.303510777754
Bahrain,Women,1983,0.0943610188158001,Diabetes,9.4,400707.0,7240.0,,"Middle East, North Africa, Afghanistan & Pakistan",37811.12076662281
Bahrain,Women,1984,0.0941646625003169,Diabetes,9.4,415154.0,7264.0,,"Middle East, North Africa, Afghanistan & Pakistan",39092.83629565656
Bahrain,Women,1985,0.0939692260364132,Diabetes,9.4,430358.0,6972.0,,"Middle East, North Africa, Afghanistan & Pakistan",40440.40817857871
Bahrain,Women,1986,0.0938325402818862,Diabetes,9.4,446286.0,6880.0,,"Middle East, North Africa, Afghanistan & Pakistan",41876.14907224187
Bahrain,Women,1987,0.0938623161979351,Diabetes,9.4,462854.0,6786.0,High income,"Middle East, North Africa, Afghanistan & Pakistan",43444.548501479054
Bahrain,Women,1988,0.0940301853587978,Diabetes,9.4,479929.0,6802.0,High income,"Middle East, North Africa, Afghanistan & Pakistan",45127.812829062466
Bahrain,Women,1989,0.094227034510632,Diabetes,9.4,497327.0,6751.0,High income,"Middle East, North Africa, Afghanistan & Pakistan",46861.64839206908
Bahrain,Women,1990,0.0945159489931831,Diabetes,9.5,514797.0,6542.0,Upper middle income,"Middle East, North Africa, Afghanistan & Pakistan",48656.526993843676
Bahrain,Women,1991,0.0949543148390082,Diabetes,9.5,503052.0,7059.957,Upper middle income,"Middle East, North Africa, Afghanistan & Pakistan",47766.95798839275
Bahrain,Women,1992,0.0954531109723185,Diabetes,9.5,516458.0,7993.8926,Upper middle income,"Middle East, North Africa, Afghanistan & Pakistan",49297.52278654167
Bahrain,Women,1993,0.0960378739914454,Diabetes,9.6,530225.0,9102.066,Upper middle income,"Middle East, North Africa, Afghanistan & Pakistan",50921.68173711414
Bahrain,Women,1994,0.0965686261272173,Diabetes,9.7,544366.0,9935.004,Upper middle income,"Middle East, North Africa, Afghanistan & Pakistan",52568.676730368774
Bahrain,Women,1995,0.0971138497486508,Diabetes,9.7,558879.0,10695.393,Upper middle income,"Middle East, North Africa, Afghanistan & Pakistan",54274.89123367621
Bahrain,Women,1996,0.0976336817738028,Diabetes,9.8,573792.0,11640.821,Upper middle income,"Middle East, North Africa, Afghanistan & Pakistan",56021.42553235385
Bahrain,Women,1997,0.0981159444127964,Diabetes,9.8,589115.0,12528.39,Upper middle income,"Middle East, North Africa, Afghanistan & Pakistan",57801.57459274455
Bahrain,Women,1998,0.0985819857228278,Diabetes,9.9,604842.0,13776.008,Upper middle income,"Middle East, North Africa, Afghanistan & Pakistan",59626.52540856661
Bahrain,Women,1999,0.0990292505385606,Diabetes,9.9,620989.0,15263.758,Upper middle income,"Middle East, North Africa, Afghanistan & Pakistan",61496.07526269021
Bahrain,Women,2000,0.0994626635053601,Diabetes,9.9,637582.0,17021.723,Upper middle income,"Middle East, North Africa, Afghanistan & Pakistan",63415.6039230745
Bahrain,Women,2001,0.0998587450725668,Diabetes,10.0,661316.0,18152.963,High income,"Middle East, North Africa, Afghanistan & Pakistan",66038.18585640959
Bahrain,Women,2002,0.100245042195406,Diabetes,10.0,710553.0,19487.842,High income,"Middle East, North Africa, Afghanistan & Pakistan",71229.41546707232
Bahrain,Women,2003,0.10061395040796,Diabetes,10.1,764517.0,21391.611,High income,"Middle East, North Africa, Afghanistan & Pakistan",76921.07552404236
Bahrain,Women,2004,0.101008836439971,Diabetes,10.1,823741.0,23389.602,High income,"Middle East, North Africa, Afghanistan & Pakistan",83205.11993789814
Bahrain,Women,2005,0.101424621234735,Diabetes,10.1,888822.0,25230.9,High income,"Middle East, North Africa, Afghanistan & Pakistan",90148.43469509964
Bahrain,Women,2006,0.101840243709046,Diabetes,10.2,960424.0,26840.125,High income,"Middle East, North Africa, Afghanistan & Pakistan",97809.8142240168
Bahrain,Women,2007,0.102281279843298,Diabetes,10.2,1039295.0,28884.697,High income,"Middle East, North Africa, Afghanistan & Pakistan",106300.4227347404
Bahrain,Women,2008,0.102734875645896,Diabetes,10.3,1103496.0,30612.498,High income,"Middle East, North Africa, Afghanistan & Pakistan",113367.52433574366
Bahrain,Women,2009,0.103194985104274,Diabetes,10.3,1178415.0,31729.566,High income,"Middle East, North Africa, Afghanistan & Pakistan",121606.51837165304
Bahrain,Women,2010,0.103673667631641,Diabetes,10.4,1228543.0,34057.715,High income,"Middle East, North Africa, Afghanistan & Pakistan",127367.55865317913
Bahrain,Women,2011,0.104168149103141,Diabetes,10.4,1195020.0,36372.0,High income,"Middle East, North Africa, Afghanistan & Pakistan",124483.02154123556
Bahrain,Women,2012,0.104805381353185,Diabetes,10.5,1208964.0,36711.39,High income,"Middle East, North Africa, Afghanistan & Pakistan",126705.93306227194
Bahrain,Women,2013,0.105553841801245,Diabetes,10.6,1253191.0,37704.21,High income,"Middle East, North Africa, Afghanistan & Pakistan",132279.124560744
Bahrain,Women,2014,0.106416641534134,Diabetes,10.6,1314562.0,38364.83,High income,"Middle East, North Africa, Afghanistan & Pakistan",139891.27312839424
Djibouti,Women,1980,0.0573333235113573,Diabetes,5.7,325815.0,3167.0,,"Middle East, North Africa, Afghanistan & Pakistan",18680.05679985288
Djibouti,Women,1981,0.05781485144176,Diabetes,5.8,343047.0,3091.0,,"Middle East, North Africa, Afghanistan & Pakistan",19833.211342541443
Djibouti,Women,1982,0.0583198154804843,Diabetes,5.8,356880.0,3043.0,,"Middle East, North Africa, Afghanistan & Pakistan",20813.17574867524
Djibouti,Women,1983,0.0588830949555314,Diabetes,5.9,369553.0,2963.0,,"Middle East, North Africa, Afghanistan & Pakistan",21760.424390101496
Djibouti,Women,1984,0.0595016331120956,Diabetes,6.0,384053.0,2944.0,,"Middle East, North Africa, Afghanistan & Pakistan",22851.78070159965
Djibouti,Women,1985,0.0601364580183853,Diabetes,6.0,402687.0,2880.0,,"Middle East, North Africa, Afghanistan & Pakistan",24216.16987004952
Djibouti,Women,1986,0.0607952332551337,Diabetes,6.1,426341.0,2743.0,,"Middle East, North Africa, Afghanistan & Pakistan",25919.500541226957
Djibouti,Women,1987,0.0614770452462976,Diabetes,6.1,454399.0,2670.0,,"Middle East, North Africa, Afghanistan & Pakistan",27935.107882872384
Djibouti,Women,1988,0.0621697365452469,Diabetes,6.2,484523.0,2652.0,,"Middle East, North Africa, Afghanistan & Pakistan",30122.667260112663
Djibouti,Women,1989,0.0628878267540268,Diabetes,6.3,523355.0,2436.0,,"Middle East, North Africa, Afghanistan & Pakistan",32912.658570853695
Djibouti,Women,1990,0.0643232953814614,Diabetes,6.4,579538.0,2308.0,Lower middle income,"Middle East, North Africa, Afghanistan & Pakistan",37277.79395878138
Djibouti,Women,1991,0.0656476609174363,Diabetes,6.6,631092.0,2013.3427,Lower middle income,"Middle East, North Africa, Afghanistan & Pakistan",41429.71362370671
Djibouti,Women,1992,0.0668894847225798,Diabetes,6.7,626010.0,2141.634,Lower middle income,"Middle East, North Africa, Afghanistan & Pakistan",41873.48633118218
Djibouti,Women,1993,0.0679841309304437,Diabetes,6.8,614245.0,2290.7847,Lower middle income,"Middle East, North Africa, Afghanistan & Pakistan",41758.91250337039
Djibouti,Women,1994,0.0689794693123861,Diabetes,6.9,626710.0,2175.3618,Lower middle income,"Middle East, North Africa, Afghanistan & Pakistan",43230.123212765495
Djibouti,Women,1995,0.0698345548484645,Diabetes,7.0,633074.0,2262.4287,Lower middle income,"Middle East, North Africa, Afghanistan & Pakistan",44210.440976136815
Djibouti,Women,1996,0.0705622730767368,Diabetes,7.1,648348.0,2081.9954,Lower middle income,"Middle East, North Africa, Afghanistan & Pakistan",45748.90862475616
Djibouti,Women,1997,0.0711892752659541,Diabetes,7.1,671817.0,2080.5134,Lower middle income,"Middle East, North Africa, Afghanistan & Pakistan",47826.165341347485
Djibouti,Women,1998,0.07175041948262,Diabetes,7.2,699352.0,1974.5657,Lower middle income,"Middle East, North Africa, Afghanistan & Pakistan",50178.79936600926
Djibouti,Women,1999,0.0722377835491872,Diabetes,7.2,724218.0,1930.5078,Lower middle income,"Middle East, North Africa, Afghanistan & Pakistan",52315.903126425255
Djibouti,Women,2000,0.0726191210894613,Diabetes,7.3,747318.0,1880.9988,Lower middle income,"Middle East, North Africa, Afghanistan & Pakistan",54269.57633433404
Djibouti,Women,2001,0.0729939363147414,Diabetes,7.3,771313.0,1845.6991,Lower middle income,"Middle East, North Africa, Afghanistan & Pakistan",56301.17200073213
Djibouti,Women,2002,0.0733672507802126,Diabetes,7.3,795574.0,1824.4551,Lower middle income,"Middle East, North Africa, Afghanistan & Pakistan",58369.07717221686
Djibouti,Women,2003,0.073726727441034,Diabetes,7.4,813519.0,1945.6655,Lower middle income,"Middle East, North Africa, Afghanistan & Pakistan",59978.09358110254
Djibouti,Women,2004,0.074091895082481,Diabetes,7.4,826124.0,2097.1233,Lower middle income,"Middle East, North Africa, Afghanistan & Pakistan",61209.092733119534
Djibouti,Women,2005,0.0744296274251421,Diabetes,7.4,839167.0,2126.8052,Lower middle income,"Middle East, North Africa, Afghanistan & Pakistan",62458.88715747422
Djibouti,Women,2006,0.0747438067667574,Diabetes,7.5,855764.0,2342.2192,Lower middle income,"Middle East, North Africa, Afghanistan & Pakistan",63963.059053947385
Djibouti,Women,2007,0.0749994330344034,Diabetes,7.5,874528.0,2396.018,Lower middle income,"Middle East, North Africa, Afghanistan & Pakistan",65589.10417271074
Djibouti,Women,2008,0.0752051130690153,Diabetes,7.5,892734.0,2463.4448,Lower middle income,"Middle East, North Africa, Afghanistan & Pakistan",67138.1614105543
Djibouti,Women,2009,0.0753388107984973,Diabetes,7.5,911527.0,2521.5046,Lower middle income,"Middle East, North Africa, Afghanistan & Pakistan",68673.36019072185
Djibouti,Women,2010,0.0753746540228414,Diabetes,7.5,930251.0,2543.8733,Lower middle income,"Middle East, North Africa, Afghanistan & Pakistan",70117.34727940222
Djibouti,Women,2011,0.0753731438145921,Diabetes,7.5,948558.0,2590.0,Lower middle income,"Middle East, North Africa, Afghanistan & Pakistan",71495.79855048186
Djibouti,Women,2012,0.0755057184803971,Diabetes,7.6,966747.0,2654.0,Lower middle income,"Middle East, North Africa, Afghanistan & Pakistan",72994.92682376846
Djibouti,Women,2013,0.0756755775030025,Diabetes,7.6,984824.0,2724.0,Lower middle income,"Middle East, North Africa, Afghanistan & Pakistan",74527.12493881692
Djibouti,Women,2014,0.0759213346442859,Diabetes,7.6,1002717.0,2823.0,Lower middle income,"Middle East, North Africa, Afghanistan & Pakistan",76127.61291051442
Egypt,Women,1980,0.0799592149128186,Diabetes,8.0,43950413.0,3298.0,,"Middle East, North Africa, Afghanistan & Pakistan",3514240.5185741363
Egypt,Women,1981,0.0817192139220534,Diabetes,8.2,45147224.0,3309.0,,"Middle East, North Africa, Afghanistan & Pakistan",3689395.6560428636
Egypt,Women,1982,0.0836312373009224,Diabetes,8.4,46407611.0,3543.0,,"Middle East, North Africa, Afghanistan & Pakistan",3881125.9281098964
Egypt,Women,1983,0.0856667032461162,Diabetes,8.6,47786402.0,3701.0,,"Middle East, North Africa, Afghanistan & Pakistan",4093703.5193336136
Egypt,Women,1984,0.0877931256120355,Diabetes,8.8,49247334.0,3810.0,,"Middle East, North Africa, Afghanistan & Pakistan",4323577.379919867
Egypt,Women,1985,0.089997121877032,Diabetes,9.0,50734968.0,3939.0,,"Middle East, North Africa, Afghanistan & Pakistan",4566001.098523319
Egypt,Women,1986,0.0921998351282232,Diabetes,9.2,52206295.0,3921.0,,"Middle East, North Africa, Afghanistan & Pakistan",4813411.791655383
Egypt,Women,1987,0.0944282597949445,Diabetes,9.4,53674435.0,3929.0,Lower middle income,"Middle East, North Africa, Afghanistan & Pakistan",5068383.492526862
Egypt,Women,1988,0.0967340468127428,Diabetes,9.7,55187681.0,4001.0,Lower middle income,"Middle East, North Africa, Afghanistan & Pakistan",5338527.717340716
Egypt,Women,1989,0.0991068340059561,Diabetes,9.9,56710642.0,4030.0,Lower middle income,"Middle East, North Africa, Afghanistan & Pakistan",5620412.183065202
Egypt,Women,1990,0.101591932342566,Diabetes,10.2,58396618.0,4022.0,Low income,"Middle East, North Africa, Afghanistan & Pakistan",5932625.264890672
Egypt,Women,1991,0.104126361648854,Diabetes,10.4,60028997.0,4180.133,Low income,"Middle East, North Africa, Afghanistan & Pakistan",6250601.051039971
Egypt,Women,1992,0.106728983644115,Diabetes,10.7,61480660.0,4338.9536,Low income,"Middle East, North Africa, Afghanistan & Pakistan",6561768.355569395
Egypt,Women,1993,0.109399511626729,Diabetes,10.9,62915681.0,4542.6323,Low income,"Middle East, North Africa, Afghanistan & Pakistan",6882944.775063073
Egypt,Women,1994,0.112198564255554,Diabetes,11.2,64285589.0,4746.5884,Low income,"Middle East, North Africa, Afghanistan & Pakistan",7212750.788122635
Egypt,Women,1995,0.115160511917132,Diabetes,11.5,65652622.0,5001.067,Lower middle income,"Middle East, North Africa, Afghanistan & Pakistan",7560589.558221962
Egypt,Women,1996,0.11831112418414,Diabetes,11.8,67028048.0,5293.1006,Lower middle income,"Middle East, North Africa, Afghanistan & Pakistan",7930163.710748496
Egypt,Women,1997,0.121683316218735,Diabetes,12.2,68431740.0,5594.597,Lower middle income,"Middle East, North Africa, Afghanistan & Pakistan",8327001.057818257
Egypt,Women,1998,0.125205284623831,Diabetes,12.5,69943294.0,5884.802,Lower middle income,"Middle East, North Africa, Afghanistan & Pakistan",8757270.03279829
Egypt,Women,1999,0.128900245113563,Diabetes,12.9,71520954.0,6211.0156,Lower middle income,"Middle East, North Africa, Afghanistan & Pakistan",9219068.501355864
Egypt,Women,2000,0.132699103349063,Diabetes,13.3,73083284.0,6593.5317,Lower middle income,"Middle East, North Africa, Afghanistan & Pakistan",9698086.256604923
Egypt,Women,2001,0.13654136124231,Diabetes,13.7,74652029.0,6914.937,Lower middle income,"Middle East, North Africa, Afghanistan & Pakistan",10193089.659160402
Egypt,Women,2002,0.140449406437502,Diabetes,14.0,76239137.0,7142.6865,Lower middle income,"Middle East, North Africa, Afghanistan & Pakistan",10707741.538957397
Egypt,Women,2003,0.144416559437264,Diabetes,14.4,77853548.0,7365.8027,Lower middle income,"Middle East, North Africa, Afghanistan & Pakistan",11243341.542143887
Egypt,Women,2004,0.148488924954187,Diabetes,14.8,79477443.0,7661.86,Lower middle income,"Middle East, North Africa, Afghanistan & Pakistan",11801520.069177674
Egypt,Women,2005,0.152644368811005,Diabetes,15.3,81101004.0,8021.8833,Lower middle income,"Middle East, North Africa, Afghanistan & Pakistan",12379611.56551879
Egypt,Women,2006,0.156926518823457,Diabetes,15.7,82700403.0,8509.614,Lower middle income,"Middle East, North Africa, Afghanistan & Pakistan",12977886.348086981
Egypt,Women,2007,0.161374119283989,Diabetes,16.1,84276225.0,9130.598,Lower middle income,"Middle East, North Africa, Afghanistan & Pakistan",13600001.585954297
Egypt,Women,2008,0.166086769029587,Diabetes,16.6,85864789.0,9698.017,Lower middle income,"Middle East, North Africa, Afghanistan & Pakistan",14261005.378417222
Egypt,Women,2009,0.171089142797396,Diabetes,17.1,87501636.0,10159.002,Lower middle income,"Middle East, North Africa, Afghanistan & Pakistan",14970579.896609768
Egypt,Women,2010,0.176308832757632,Diabetes,17.6,89196072.0,10719.291,Lower middle income,"Middle East, North Africa, Afghanistan & Pakistan",15726055.340885703
Egypt,Women,2011,0.181747034480141,Diabetes,18.2,91093059.0,10737.0,Lower middle income,"Middle East, North Africa, Afghanistan & Pakistan",16555893.33497452
Egypt,Women,2012,0.187129559783481,Diabetes,18.7,93161001.0,10774.53,Lower middle income,"Middle East, North Africa, Afghanistan & Pakistan",17433177.106118433
Egypt,Women,2013,0.192589568880599,Diabetes,19.3,95333553.0,10871.145,Lower middle income,"Middle East, North Africa, Afghanistan & Pakistan",18360247.872125734
Egypt,Women,2014,0.198157673596047,Diabetes,19.8,97528654.0,11135.728,Lower middle income,"Middle East, North Africa, Afghanistan & Pakistan",19326051.185593802
Iran,Women,1980,0.0602460751997461,Diabetes,6.0,39842324.0,6334.0,,"Middle East, North Africa, Afghanistan & Pakistan",2400343.647836649
Iran,Women,1981,0.0607724170784596,Diabetes,6.1,41989312.0,5887.0,,"Middle East, North Africa, Afghanistan & Pakistan",2551791.9817015687
Iran,Women,1982,0.0613842709825584,Diabetes,6.1,44272141.0,6535.0,,"Middle East, North Africa, Afghanistan & Pakistan",2717613.100122034
Iran,Women,1983,0.0621016008835702,Diabetes,6.2,46029535.0,7108.0,,"Middle East, North Africa, Afghanistan & Pakistan",2858507.8114263257
Iran,Women,1984,0.0627909908542419,Diabetes,6.3,47793998.0,6951.0,,"Middle East, North Africa, Afghanistan & Pakistan",3001032.491305656
Iran,Women,1985,0.0635020421757965,Diabetes,6.4,49582289.0,6853.0,,"Middle East, North Africa, Afghanistan & Pakistan",3148576.6072505307
Iran,Women,1986,0.0641307002820249,Diabetes,6.4,51446045.0,5984.0,,"Middle East, North Africa, Afghanistan & Pakistan",3299270.8925905656
Iran,Women,1987,0.0648153673802178,Diabetes,6.5,53323493.0,5713.0,Upper middle income,"Middle East, North Africa, Afghanistan & Pakistan",3456181.788791472
Iran,Women,1988,0.0655737254493573,Diabetes,6.6,55072694.0,5249.0,Upper middle income,"Middle East, North Africa, Afghanistan & Pakistan",3611321.716112467
Iran,Women,1989,0.0664944177919077,Diabetes,6.6,56704914.0,5303.0,Upper middle income,"Middle East, North Africa, Afghanistan & Pakistan",3770560.242370196
Iran,Women,1990,0.0676117339098918,Diabetes,6.8,58380092.0,5620.0,Lower middle income,"Middle East, North Africa, Afghanistan & Pakistan",3947179.245939003
Iran,Women,1991,0.0689529481865598,Diabetes,6.9,59986931.0,6380.55,Lower middle income,"Middle East, North Africa, Afghanistan & Pakistan",4136275.7451137374
Iran,Women,1992,0.0704122570449283,Diabetes,7.0,61184983.0,7036.315,Lower middle income,"Middle East, North Africa, Afghanistan & Pakistan",4308172.750285569
Iran,Women,1993,0.0719185141077133,Diabetes,7.2,61403543.0,6914.7666,Lower middle income,"Middle East, North Africa, Afghanistan & Pakistan",4416051.57350908
Iran,Women,1994,0.0734998896347824,Diabetes,7.3,61520598.0,6884.706,Lower middle income,"Middle East, North Africa, Afghanistan & Pakistan",4521757.163265815
Iran,Women,1995,0.0751537320154224,Diabetes,7.5,62205567.0,7093.735,Lower middle income,"Middle East, North Africa, Afghanistan & Pakistan",4674980.512185403
Iran,Women,1996,0.0769145599782893,Diabetes,7.7,62881300.0,7746.409,Lower middle income,"Middle East, North Africa, Afghanistan & Pakistan",4836487.520362803
Iran,Women,1997,0.0787419239255505,Diabetes,7.9,63639638.0,8113.724,Lower middle income,"Middle East, North Africa, Afghanistan & Pakistan",5011107.534045573
Iran,Women,1998,0.0806341495996623,Diabetes,8.1,64519859.0,8458.387,Lower middle income,"Middle East, North Africa, Afghanistan & Pakistan",5202503.962755118
Iran,Women,1999,0.0826242335292479,Diabetes,8.3,65445391.0,8714.627,Lower middle income,"Middle East, North Africa, Afghanistan & Pakistan",5407375.269396938
Iran,Women,2000,0.0847840232197433,Diabetes,8.5,66418659.0,9104.763,Lower middle income,"Middle East, North Africa, Afghanistan & Pakistan",5631241.126880213
Iran,Women,2001,0.0871330100587375,Diabetes,8.7,67452005.0,9620.627,Lower middle income,"Middle East, North Africa, Afghanistan & Pakistan",5877296.230147012
Iran,Women,2002,0.0897238803175571,Diabetes,9.0,68011317.0,10467.371,Lower middle income,"Middle East, North Africa, Afghanistan & Pakistan",6102239.2667474365
Iran,Women,2003,0.0925400296426483,Diabetes,9.3,68769340.0,11502.853,Lower middle income,"Middle East, North Africa, Afghanistan & Pakistan",6363916.76210536
Iran,Women,2004,0.0955686090011741,Diabetes,9.6,70256316.0,12404.323,Lower middle income,"Middle East, North Africa, Afghanistan & Pakistan",6714298.393666932
Iran,Women,2005,0.0986994775847826,Diabetes,9.9,71828455.0,13110.143,Lower middle income,"Middle East, North Africa, Afghanistan & Pakistan",7089430.984222066
Iran,Women,2006,0.101956903918763,Diabetes,10.2,73392747.0,14185.753,Lower middle income,"Middle East, North Africa, Afghanistan & Pakistan",7482897.254213082
Iran,Women,2007,0.105255028669362,Diabetes,10.5,74602648.0,15467.107,Lower middle income,"Middle East, North Africa, Afghanistan & Pakistan",7852303.8540503215
Iran,Women,2008,0.10853336056546,Diabetes,10.9,75514204.0,15739.983,Lower middle income,"Middle East, North Africa, Afghanistan & Pakistan",8195810.330545701
Iran,Women,2009,0.111772346498349,Diabetes,11.2,76457825.0,16575.07,Upper middle income,"Middle East, North Africa, Afghanistan & Pakistan",8545870.50841013
Iran,Women,2010,0.115073902161812,Diabetes,11.5,77420842.0,17751.33,Upper middle income,"Middle East, North Africa, Afghanistan & Pakistan",8909118.397593105
Iran,Women,2011,0.118407943247003,Diabetes,11.8,78383598.0,18024.0,Upper middle income,"Middle East, North Africa, Afghanistan & Pakistan",9281240.623479899
Iran,Women,2012,0.121829846641466,Diabetes,12.2,79370580.0,17556.533,Upper middle income,"Middle East, North Africa, Afghanistan & Pakistan",9669705.589244207
Iran,Women,2013,0.12517190418831,Diabetes,12.5,80414686.0,16842.896,Upper middle income,"Middle East, North Africa, Afghanistan & Pakistan",10065659.371325035
Iran,Women,2014,0.128602930155919,Diabetes,12.9,81502045.0,17449.938,Upper middle income,"Middle East, North Africa, Afghanistan & Pakistan",10481401.800699567
Iraq,Women,1980,0.0870593196838544,Diabetes,8.7,13591992.0,10165.0,,"Middle East, North Africa, Afghanistan & Pakistan",1183309.5766683915
Iraq,Women,1981,0.0886492081145234,Diabetes,8.9,14006381.0,8035.0,,"Middle East, North Africa, Afghanistan & Pakistan",1241654.5842003063
Iraq,Women,1982,0.0902957405629462,Diabetes,9.0,14406083.0,7704.0,,"Middle East, North Africa, Afghanistan & Pakistan",1300807.9330962696
Iraq,Women,1983,0.0920419807297349,Diabetes,9.2,14840555.0,6805.0,,"Middle East, North Africa, Afghanistan & Pakistan",1365954.0773285711
Iraq,Women,1984,0.0938841989748457,Diabetes,9.4,15310733.0,6593.0,,"Middle East, North Africa, Afghanistan & Pakistan",1437435.9034227363
Iraq,Women,1985,0.0957437281442816,Diabetes,9.6,15683430.0,6268.0,,"Middle East, North Africa, Afghanistan & Pakistan",1501590.0582898704
Iraq,Women,1986,0.0975500544137394,Diabetes,9.8,16074145.0,5992.0,,"Middle East, North Africa, Afghanistan & Pakistan",1568033.7194043372
Iraq,Women,1987,0.0993952367884104,Diabetes,9.9,16521049.0,6052.0,Upper middle income,"Middle East, North Africa, Afghanistan & Pakistan",1642113.577347931
Iraq,Women,1988,0.10133189781602,Diabetes,10.1,16908819.0,4635.0,Upper middle income,"Middle East, North Africa, Afghanistan & Pakistan",1713402.7190975775
Iraq,Women,1989,0.103293923440433,Diabetes,10.3,17364542.0,4098.0,Upper middle income,"Middle East, North Africa, Afghanistan & Pakistan",1793651.6719261834
Iraq,Women,1990,0.105316854045819,Diabetes,10.5,17581206.0,3918.0,Upper middle income,"Middle East, North Africa, Afghanistan & Pakistan",1851597.3062514772
Iraq,Women,1991,0.106311294838191,Diabetes,10.6,17767253.0,1518.7421,Lower middle income,"Middle East, North Africa, Afghanistan & Pakistan",1888859.6721477336
Iraq,Women,1992,0.107607459949554,Diabetes,10.8,18300845.0,2046.1809,Lower middle income,"Middle East, North Africa, Afghanistan & Pakistan",1969307.4453804954
Iraq,Women,1993,0.109321669935203,Diabetes,10.9,19201195.0,2132.3823,Lower middle income,"Middle East, North Africa, Afghanistan & Pakistan",2099106.70215147
Iraq,Women,1994,0.110890030910798,Diabetes,11.1,20139807.0,2108.538,Lower middle income,"Middle East, North Africa, Afghanistan & Pakistan",2233303.820767506
Iraq,Women,1995,0.112154373463073,Diabetes,11.2,20825860.0,1996.9279,Lower middle income,"Middle East, North Africa, Afghanistan & Pakistan",2335711.2801296734
Iraq,Women,1996,0.11387277165202,Diabetes,11.4,21501321.0,2337.5227,Lower middle income,"Middle East, North Africa, Afghanistan & Pakistan",2448415.0164497825
Iraq,Women,1997,0.115837431078396,Diabetes,11.6,22176593.0,2337.948,Lower middle income,"Middle East, North Africa, Afghanistan & Pakistan",2568879.563191139
Iraq,Women,1998,0.118222165138392,Diabetes,11.8,22884399.0,2794.7864,Lower middle income,"Middle East, North Africa, Afghanistan & Pakistan",2705443.1976708528
Iraq,Women,1999,0.12098288348794,Diabetes,12.1,23636527.0,3157.1125,Lower middle income,"Middle East, North Africa, Afghanistan & Pakistan",2859615.1921005477
Iraq,Women,2000,0.123791616941956,Diabetes,12.4,24424056.0,3649.493,Lower middle income,"Middle East, North Africa, Afghanistan & Pakistan",3023493.3845208823
Iraq,Women,2001,0.126734435207696,Diabetes,12.7,25197840.0,4147.6484,Lower middle income,"Middle East, North Africa, Afghanistan & Pakistan",3193434.0208538906
Iraq,Women,2002,0.129614922988311,Diabetes,13.0,26006559.0,4631.6523,Lower middle income,"Middle East, North Africa, Afghanistan & Pakistan",3370838.1419759667
Iraq,Women,2003,0.131960983532901,Diabetes,13.2,26802659.0,3782.4526,Lower middle income,"Middle East, North Africa, Afghanistan & Pakistan",3536905.242936961
Iraq,Women,2004,0.135040433680111,Diabetes,13.5,27577878.0,6061.5547,Lower middle income,"Middle East, North Africa, Afghanistan & Pakistan",3724128.6050971923
Iraq,Women,2005,0.138297301172368,Diabetes,13.8,28407448.0,6441.41,Lower middle income,"Middle East, North Africa, Afghanistan & Pakistan",3928673.391594383
Iraq,Women,2006,0.14178763488112,Diabetes,14.2,28616515.0,7117.6133,Lower middle income,"Middle East, North Africa, Afghanistan & Pakistan",4057467.9803900938
Iraq,Women,2007,0.145447142619183,Diabetes,14.5,28391607.0,7587.6055,Lower middle income,"Middle East, North Africa, Afghanistan & Pakistan",4129478.112516795
Iraq,Women,2008,0.149258094230596,Diabetes,14.9,28971036.0,8587.265,Lower middle income,"Middle East, North Africa, Afghanistan & Pakistan",4324161.621245989
Iraq,Women,2009,0.153186353647439,Diabetes,15.3,30058206.0,9268.709,Lower middle income,"Middle East, North Africa, Afghanistan & Pakistan",4604506.974323573
Iraq,Women,2010,0.157173481696954,Diabetes,15.7,31045366.0,10274.33,Lower middle income,"Middle East, North Africa, Afghanistan & Pakistan",4879508.264776238
Iraq,Women,2011,0.16128574380582,Diabetes,16.1,32161424.0,11484.0,Lower middle income,"Middle East, North Africa, Afghanistan & Pakistan",5187179.191694351
Iraq,Women,2012,0.165736070294944,Diabetes,16.6,33654842.0,12521.541,Upper middle income,"Middle East, North Africa, Afghanistan & Pakistan",5577821.2594772335
Iraq,Women,2013,0.170293619898652,Diabetes,17.0,35281989.0,12877.205,Upper middle income,"Middle East, North Africa, Afghanistan & Pakistan",6008297.624034421
Iraq,Women,2014,0.174914420584586,Diabetes,17.5,36550059.0,12559.504,Upper middle income,"Middle East, North Africa, Afghanistan & Pakistan",6393132.392317433
Israel,Women,1980,0.0578215588711292,Diabetes,5.8,3878000.0,17508.0,,"Middle East, North Africa, Afghanistan & Pakistan",224232.00530223903
Israel,Women,1981,0.0581863867046005,Diabetes,5.8,3956000.0,18103.0,,"Middle East, North Africa, Afghanistan & Pakistan",230185.3458033996
Israel,Women,1982,0.0585196872410582,Diabetes,5.9,4031000.0,18155.0,,"Middle East, North Africa, Afghanistan & Pakistan",235892.85926870562
Israel,Women,1983,0.0588527368648131,Diabetes,5.9,4105000.0,18468.0,,"Middle East, North Africa, Afghanistan & Pakistan",241590.48483005777
Israel,Women,1984,0.0591577743139774,Diabetes,5.9,4159000.0,18305.0,,"Middle East, North Africa, Afghanistan & Pakistan",246037.183371832
Israel,Women,1985,0.0594792175477262,Diabetes,5.9,4233000.0,18605.0,,"Middle East, North Africa, Afghanistan & Pakistan",251775.527879525
Israel,Women,1986,0.0597819384657157,Diabetes,6.0,4299000.0,19160.0,,"Middle East, North Africa, Afghanistan & Pakistan",257002.5534641118
Israel,Women,1987,0.0601033110020692,Diabetes,6.0,4369000.0,20196.0,High income,"Middle East, North Africa, Afghanistan & Pakistan",262591.36576804036
Israel,Women,1988,0.060333252320141,Diabetes,6.0,4442000.0,20256.0,High income,"Middle East, North Africa, Afghanistan & Pakistan",268000.3068060663
Israel,Women,1989,0.0605385359758242,Diabetes,6.1,4518000.0,20091.0,High income,"Middle East, North Africa, Afghanistan & Pakistan",273513.1055387737
Israel,Women,1990,0.060701524445739,Diabetes,6.1,4660000.0,20829.0,High income,"Middle East, North Africa, Afghanistan & Pakistan",282869.1039171438
Israel,Women,1991,0.0607907604606983,Diabetes,6.1,4949000.0,20912.941,High income,"Middle East, North Africa, Afghanistan & Pakistan",300853.47351999587
Israel,Women,1992,0.0609068617064018,Diabetes,6.1,5123000.0,21531.596,High income,"Middle East, North Africa, Afghanistan & Pakistan",312025.8525218964
Israel,Women,1993,0.0610468392859907,Diabetes,6.1,5261000.0,21484.979,High income,"Middle East, North Africa, Afghanistan & Pakistan",321167.4214835971
Israel,Women,1994,0.0612164992280838,Diabetes,6.1,5399000.0,22128.805,High income,"Middle East, North Africa, Afghanistan & Pakistan",330507.87933242443
Israel,Women,1995,0.061364642909777,Diabetes,6.1,5545000.0,23378.16,High income,"Middle East, North Africa, Afghanistan & Pakistan",340266.9449347135
Israel,Women,1996,0.0614026320413157,Diabetes,6.1,5692000.0,23979.996,High income,"Middle East, North Africa, Afghanistan & Pakistan",349503.781579169
Israel,Women,1997,0.0613425303821313,Diabetes,6.1,5836000.0,24226.73,High income,"Middle East, North Africa, Afghanistan & Pakistan",357995.00731011824
Israel,Women,1998,0.0612373567328983,Diabetes,6.1,5971000.0,24506.16,High income,"Middle East, North Africa, Afghanistan & Pakistan",365648.2570521357
Israel,Women,1999,0.0610818860303923,Diabetes,6.1,6125000.0,24644.205,High income,"Middle East, North Africa, Afghanistan & Pakistan",374126.55193615286
Israel,Women,2000,0.0608934812745762,Diabetes,6.1,6289000.0,26058.84,High income,"Middle East, North Africa, Afghanistan & Pakistan",382959.10373580974
Israel,Women,2001,0.0605940622295883,Diabetes,6.1,6439000.0,25427.32,High income,"Middle East, North Africa, Afghanistan & Pakistan",390165.16669631907
Israel,Women,2002,0.0601793792377127,Diabetes,6.0,6570000.0,24823.553,High income,"Middle East, North Africa, Afghanistan & Pakistan",395378.52159177244
Israel,Women,2003,0.0597188695681703,Diabetes,6.0,6689700.0,24545.244,High income,"Middle East, North Africa, Afghanistan & Pakistan",399501.3217501889
Israel,Women,2004,0.0592678114190081,Diabetes,5.9,6809000.0,25210.879,High income,"Middle East, North Africa, Afghanistan & Pakistan",403554.52795202617
Israel,Women,2005,0.0588124524370577,Diabetes,5.9,6930100.0,25686.406,High income,"Middle East, North Africa, Afghanistan & Pakistan",407576.1766340535
Israel,Women,2006,0.0583904803164423,Diabetes,5.8,7053700.0,26571.256,High income,"Middle East, North Africa, Afghanistan & Pakistan",411868.93100808904
Israel,Women,2007,0.058062522385409,Diabetes,5.8,7180100.0,27624.883,High income,"Middle East, North Africa, Afghanistan & Pakistan",416894.71697947517
Israel,Women,2008,0.0578151195937819,Diabetes,5.8,7308800.0,27857.62,High income,"Middle East, North Africa, Afghanistan & Pakistan",422559.14608703315
Israel,Women,2009,0.0575983643858077,Diabetes,5.8,7485600.0,27644.697,High income,"Middle East, North Africa, Afghanistan & Pakistan",431158.3164464021
Israel,Women,2010,0.057516320839551,Diabetes,5.8,7623600.0,28575.531,High income,"Middle East, North Africa, Afghanistan & Pakistan",438481.423552401
Israel,Women,2011,0.0575146540508439,Diabetes,5.8,7765800.0,29370.0,High income,"Middle East, North Africa, Afghanistan & Pakistan",446647.3004280435
Israel,Women,2012,0.057488817581321,Diabetes,5.7,7910500.0,29580.836,High income,"Middle East, North Africa, Afghanistan & Pakistan",454765.2914770398
Israel,Women,2013,0.0575264445406856,Diabetes,5.8,8059500.0,30316.602,High income,"Middle East, North Africa, Afghanistan & Pakistan",463634.37977565563
Israel,Women,2014,0.0576136168058147,Diabetes,5.8,8215700.0,30906.148,High income,"Middle East, North Africa, Afghanistan & Pakistan",473336.1915915318
Jordan,Women,1980,0.0917491051364343,Diabetes,9.2,2234186.0,7141.0,,"Middle East, North Africa, Afghanistan & Pakistan",204984.56620834963
Jordan,Women,1981,0.0939851524913386,Diabetes,9.4,2325517.0,7176.0,,"Middle East, North Africa, Afghanistan & Pakistan",218564.06986620027
Jordan,Women,1982,0.0963508383683052,Diabetes,9.6,2426927.0,7401.0,,"Middle East, North Africa, Afghanistan & Pakistan",233836.45110867583
Jordan,Women,1983,0.0987753729653978,Diabetes,9.9,2537307.0,7262.0,,"Middle East, North Africa, Afghanistan & Pakistan",250623.4452527146
Jordan,Women,1984,0.101374019007517,Diabetes,10.1,2654688.0,7599.0,,"Middle East, North Africa, Afghanistan & Pakistan",269116.3917710273
Jordan,Women,1985,0.103963255417563,Diabetes,10.4,2778810.0,7578.0,,"Middle East, North Africa, Afghanistan & Pakistan",288894.13378687826
Jordan,Women,1986,0.106616337792061,Diabetes,10.7,2909887.0,7973.0,,"Middle East, North Africa, Afghanistan & Pakistan",310241.495328727
Jordan,Women,1987,0.109262724739798,Diabetes,10.9,3047634.0,7911.0,Lower middle income,"Middle East, North Africa, Afghanistan & Pakistan",332992.79484964954
Jordan,Women,1988,0.111806715961414,Diabetes,11.2,3193039.0,7571.0,Lower middle income,"Middle East, North Africa, Afghanistan & Pakistan",357003.2045267174
Jordan,Women,1989,0.114168402989772,Diabetes,11.4,3349627.0,6540.0,Lower middle income,"Middle East, North Africa, Afghanistan & Pakistan",382421.56520142104
Jordan,Women,1990,0.116498092782458,Diabetes,11.6,3621908.0,6044.0,Lower middle income,"Middle East, North Africa, Afghanistan & Pakistan",421945.3742335269
Jordan,Women,1991,0.118655028011737,Diabetes,11.9,3915149.0,5900.5093,Lower middle income,"Middle East, North Africa, Afghanistan & Pakistan",464552.1142651241
Jordan,Women,1992,0.120906723355562,Diabetes,12.1,4127693.0,6456.123,Lower middle income,"Middle East, North Africa, Afghanistan & Pakistan",499065.8356476898
Jordan,Women,1993,0.123130249647686,Diabetes,12.3,4348020.0,6460.6626,Lower middle income,"Middle East, North Africa, Afghanistan & Pakistan",535372.7880731317
Jordan,Women,1994,0.125360005437986,Diabetes,12.5,4561406.0,6538.1733,Lower middle income,"Middle East, North Africa, Afghanistan & Pakistan",571817.880964862
Jordan,Women,1995,0.12774134252116,Diabetes,12.8,4752096.0,6760.1084,Lower middle income,"Middle East, North Africa, Afghanistan & Pakistan",607039.1228294345
Jordan,Women,1996,0.130211622112749,Diabetes,13.0,4912516.0,6783.229,Lower middle income,"Middle East, North Africa, Afghanistan & Pakistan",639666.6770148333
Jordan,Women,1997,0.132686541834001,Diabetes,13.3,5046285.0,6942.459,Lower middle income,"Middle East, North Africa, Afghanistan & Pakistan",669574.1057587917
Jordan,Women,1998,0.135271774230783,Diabetes,13.5,5164284.0,7120.4937,Lower middle income,"Middle East, North Africa, Afghanistan & Pakistan",698581.8593116449
Jordan,Women,1999,0.137859237593545,Diabetes,13.8,5276444.0,7340.4937,Lower middle income,"Middle East, North Africa, Afghanistan & Pakistan",727406.5470450349
Jordan,Women,2000,0.140395457242441,Diabetes,14.0,5386945.0,7621.841,Lower middle income,"Middle East, North Africa, Afghanistan & Pakistan",756302.6064148814
Jordan,Women,2001,0.14283662146998,Diabetes,14.3,5498894.0,7982.7407,Lower middle income,"Middle East, North Africa, Afghanistan & Pakistan",785443.4407815442
Jordan,Women,2002,0.145112965193263,Diabetes,14.5,5616066.0,8394.055,Lower middle income,"Middle East, North Africa, Afghanistan & Pakistan",814963.9899810677
Jordan,Women,2003,0.147314227945138,Diabetes,14.7,5741828.0,8669.625,Lower middle income,"Middle East, North Africa, Afghanistan & Pakistan",845852.9588137758
Jordan,Women,2004,0.14938149570107,Diabetes,14.9,5882061.0,9288.616,Lower middle income,"Middle East, North Africa, Afghanistan & Pakistan",878671.0699849316
Jordan,Women,2005,0.151405285207021,Diabetes,15.1,6029587.0,9860.809,Lower middle income,"Middle East, North Africa, Afghanistan & Pakistan",912911.3394155462
Jordan,Women,2006,0.153387528176167,Diabetes,15.3,6427371.0,10404.562,Lower middle income,"Middle East, North Africa, Afghanistan & Pakistan",985878.5503611786
Jordan,Women,2007,0.155471930245701,Diabetes,15.5,6827227.0,10938.805,Lower middle income,"Middle East, North Africa, Afghanistan & Pakistan",1061442.1599155664
Jordan,Women,2008,0.157647237784635,Diabetes,15.8,6989866.0,11378.256,Lower middle income,"Middle East, North Africa, Afghanistan & Pakistan",1101933.0673847354
Jordan,Women,2009,0.159989209128189,Diabetes,16.0,7141753.0,11651.25,Lower middle income,"Middle East, North Africa, Afghanistan & Pakistan",1142603.4142588712
Jordan,Women,2010,0.162367698237037,Diabetes,16.2,7297043.0,11601.088,Upper middle income,"Middle East, North Africa, Afghanistan & Pakistan",1184804.0758466832
Jordan,Women,2011,0.16472558963753,Diabetes,16.5,7480424.0,11615.0,Upper middle income,"Middle East, North Africa, Afghanistan & Pakistan",1232217.2541387307
Jordan,Women,2012,0.167056406880111,Diabetes,16.7,7587127.0,11704.657,Upper middle income,"Middle East, North Africa, Afghanistan & Pakistan",1267478.175163076
Jordan,Women,2013,0.169409664461792,Diabetes,16.9,7991809.0,10834.426,Upper middle income,"Middle East, North Africa, Afghanistan & Pakistan",1353889.6811327296
Jordan,Women,2014,0.171804624792248,Diabetes,17.2,8791710.0,9765.811,Upper middle income,"Middle East, North Africa, Afghanistan & Pakistan",1510456.4378322547
Kuwait,Women,1980,0.131582684333995,Diabetes,13.2,1504782.0,21154.0,,"Middle East, North Africa, Afghanistan & Pakistan",198003.25489747766
Kuwait,Women,1981,0.132116006055689,Diabetes,13.2,1583426.0,16402.0,,"Middle East, North Africa, Afghanistan & Pakistan",209195.9190047354
Kuwait,Women,1982,0.132481937882523,Diabetes,13.2,1662480.0,13845.0,,"Middle East, North Africa, Afghanistan & Pakistan",220248.57209093682
Kuwait,Women,1983,0.133016386076983,Diabetes,13.3,1744295.0,14292.0,,"Middle East, North Africa, Afghanistan & Pakistan",232019.81715215105
Kuwait,Women,1984,0.133596606153207,Diabetes,13.4,1820688.0,14384.0,,"Middle East, North Africa, Afghanistan & Pakistan",243237.73766387015
Kuwait,Women,1985,0.134117420045089,Diabetes,13.4,1894242.0,13015.0,,"Middle East, North Africa, Afghanistan & Pakistan",254050.84998104948
Kuwait,Women,1986,0.134602299499479,Diabetes,13.5,1972520.0,13509.0,,"Middle East, North Africa, Afghanistan & Pakistan",265505.7278087123
Kuwait,Women,1987,0.135105387441128,Diabetes,13.5,2052994.0,12416.0,High income,"Middle East, North Africa, Afghanistan & Pakistan",277370.5497843111
Kuwait,Women,1988,0.135483583631751,Diabetes,13.5,2134707.0,12317.0,High income,"Middle East, North Africa, Afghanistan & Pakistan",289217.7543637843
Kuwait,Women,1989,0.1362715628276,Diabetes,13.6,2217468.0,12701.0,High income,"Middle East, North Africa, Afghanistan & Pakistan",302177.8298801925
Kuwait,Women,1990,0.137476744045573,Diabetes,13.7,1684819.0,9757.0,High income,"Middle East, North Africa, Afghanistan & Pakistan",231623.43042611826
Kuwait,Women,1991,0.138422632764309,Diabetes,13.8,1351399.0,6310.9067,High income,"Middle East, North Africa, Afghanistan & Pakistan",187064.2074950544
Kuwait,Women,1992,0.139872686141996,Diabetes,14.0,1634961.0,12965.067,High income,"Middle East, North Africa, Afghanistan & Pakistan",228686.3868074039
Kuwait,Women,1993,0.141941133452361,Diabetes,14.2,1672151.0,19955.314,High income,"Middle East, North Africa, Afghanistan & Pakistan",237347.00824349892
Kuwait,Women,1994,0.144170166565693,Diabetes,14.4,1664361.0,24532.414,High income,"Middle East, North Africa, Afghanistan & Pakistan",239951.20259544338
Kuwait,Women,1995,0.146425965875483,Diabetes,14.6,1681513.0,27552.96,High income,"Middle East, North Africa, Afghanistan & Pakistan",246217.16515718107
Kuwait,Women,1996,0.148533615579017,Diabetes,14.9,1730246.0,29612.66,High income,"Middle East, North Africa, Afghanistan & Pakistan",256999.69422113185
Kuwait,Women,1997,0.150475828072854,Diabetes,15.0,1787683.0,31511.191,High income,"Middle East, North Africa, Afghanistan & Pakistan",269003.0797567639
Kuwait,Women,1998,0.152348695675339,Diabetes,15.2,1844302.0,33331.297,High income,"Middle East, North Africa, Afghanistan & Pakistan",280977.0041314191
Kuwait,Women,1999,0.154057303718495,Diabetes,15.4,1900030.0,33351.195,High income,"Middle East, North Africa, Afghanistan & Pakistan",292713.49878425203
Kuwait,Women,2000,0.155695967067819,Diabetes,15.6,1954709.0,35844.746,High income,"Middle East, North Africa, Afghanistan & Pakistan",304340.3080911694
Kuwait,Women,2001,0.157247872086062,Diabetes,15.7,2008121.0,37225.87,High income,"Middle East, North Africa, Afghanistan & Pakistan",315772.7541413349
Kuwait,Women,2002,0.159018378298511,Diabetes,15.9,2059974.0,39943.15,High income,"Middle East, North Africa, Afghanistan & Pakistan",327573.7248170969
Kuwait,Women,2003,0.161198660419858,Diabetes,16.1,2109881.0,48809.71,High income,"Middle East, North Africa, Afghanistan & Pakistan",340109.99084531044
Kuwait,Women,2004,0.163749843458264,Diabetes,16.4,2157320.0,55911.793,High income,"Middle East, North Africa, Afghanistan & Pakistan",353260.81228938204
Kuwait,Women,2005,0.16666142694574,Diabetes,16.7,2236788.0,62959.6,High income,"Middle East, North Africa, Afghanistan & Pakistan",372786.27985510783
Kuwait,Women,2006,0.169746865141493,Diabetes,17.0,2364733.0,68546.14,High income,"Middle East, North Africa, Afghanistan & Pakistan",401406.0136466382
Kuwait,Women,2007,0.173014346700068,Diabetes,17.3,2507887.0,73096.87,High income,"Middle East, North Africa, Afghanistan & Pakistan",433900.4309025934
Kuwait,Women,2008,0.176309749960874,Diabetes,17.6,2651421.0,75138.12,High income,"Middle East, North Africa, Afghanistan & Pakistan",467471.3735510105
Kuwait,Women,2009,0.179445106500044,Diabetes,17.9,2795484.0,70072.73,High income,"Middle East, North Africa, Afghanistan & Pakistan",501635.924099169
Kuwait,Women,2010,0.18259015948353,Diabetes,18.3,2943372.0,68865.31,High income,"Middle East, North Africa, Afghanistan & Pakistan",537430.7628993567
Kuwait,Women,2011,0.1858650004721,Diabetes,18.6,3132814.0,77126.0,High income,"Middle East, North Africa, Afghanistan & Pakistan",582280.4755890014
Kuwait,Women,2012,0.1892626135751,Diabetes,18.9,3337109.0,80657.13,High income,"Middle East, North Africa, Afghanistan & Pakistan",631589.9711249884
Kuwait,Women,2013,0.192671948913513,Diabetes,19.3,3507844.0,80098.64,High income,"Middle East, North Africa, Afghanistan & Pakistan",675863.1399645731
Kuwait,Women,2014,0.196190961273289,Diabetes,19.6,3665876.0,79103.414,High income,"Middle East, North Africa, Afghanistan & Pakistan",719211.7363486796
Lebanon,Women,1980,0.0673826956852057,Diabetes,6.7,2944763.0,4608.0,,"Middle East, North Africa, Afghanistan & Pakistan",198426.0690940534
Lebanon,Women,1981,0.068646247145801,Diabetes,6.9,3008981.0,4549.0,,"Middle East, North Africa, Afghanistan & Pakistan",206555.25338301944
Lebanon,Women,1982,0.0693962784696139,Diabetes,6.9,3054931.0,2823.0,,"Middle East, North Africa, Afghanistan & Pakistan",212000.84238145605
Lebanon,Women,1983,0.070225637615296,Diabetes,7.0,3094996.0,3402.0,,"Middle East, North Africa, Afghanistan & Pakistan",217348.06751679067
Lebanon,Women,1984,0.0712903881414962,Diabetes,7.1,3152744.0,4828.0,,"Middle East, North Africa, Afghanistan & Pakistan",224760.34347077328
Lebanon,Women,1985,0.0724365738919399,Diabetes,7.2,3217376.0,5895.0,,"Middle East, North Africa, Afghanistan & Pakistan",233055.69436215403
Lebanon,Women,1986,0.0733551597677009,Diabetes,7.3,3300365.0,5400.0,,"Middle East, North Africa, Afghanistan & Pakistan",242098.8018667282
Lebanon,Women,1987,0.0743060070662702,Diabetes,7.4,3385555.0,6202.0,Lower middle income,"Middle East, North Africa, Afghanistan & Pakistan",251567.07375324643
Lebanon,Women,1988,0.0748865440655006,Diabetes,7.5,3454649.0,4385.0,Lower middle income,"Middle East, North Africa, Afghanistan & Pakistan",258706.7245693376
Lebanon,Women,1989,0.0748985390442806,Diabetes,7.5,3525285.0,2488.0,Lower middle income,"Middle East, North Africa, Afghanistan & Pakistan",264038.6962147167
Lebanon,Women,1990,0.0751539277930596,Diabetes,7.5,3595175.0,3086.0,Lower middle income,"Middle East, North Africa, Afghanistan & Pakistan",270191.52235341305
Lebanon,Women,1991,0.0756774523795348,Diabetes,7.6,3668912.0,4326.2993,Lower middle income,"Middle East, North Africa, Afghanistan & Pakistan",277653.91316470376
Lebanon,Women,1992,0.0762323531217707,Diabetes,7.6,3747371.0,4618.0054,Lower middle income,"Middle East, North Africa, Afghanistan & Pakistan",285670.909350283
Lebanon,Women,1993,0.0768372484574796,Diabetes,7.7,3820647.0,5053.2803,Lower middle income,"Middle East, North Africa, Afghanistan & Pakistan",293568.0028073241
Lebanon,Women,1994,0.0775538897560006,Diabetes,7.8,3889799.0,5585.667,Lower middle income,"Middle East, North Africa, Afghanistan & Pakistan",301669.04281900136
Lebanon,Women,1995,0.0783700504545798,Diabetes,7.8,3960735.0,6095.397,Lower middle income,"Middle East, North Africa, Afghanistan & Pakistan",310403.0017872201
Lebanon,Women,1996,0.0793074423086331,Diabetes,7.9,4034781.0,6567.4004,Lower middle income,"Middle East, North Africa, Afghanistan & Pakistan",319988.16138546896
Lebanon,Women,1997,0.0803406982941939,Diabetes,8.0,4108405.0,6581.053,Upper middle income,"Middle East, North Africa, Afghanistan & Pakistan",330072.1265753577
Lebanon,Women,1998,0.0815647496782119,Diabetes,8.2,4181281.0,6994.1567,Upper middle income,"Middle East, North Africa, Afghanistan & Pakistan",341045.13809926354
Lebanon,Women,1999,0.0828846120061854,Diabetes,8.3,4255277.0,7147.5547,Upper middle income,"Middle East, North Africa, Afghanistan & Pakistan",352696.98312384455
Lebanon,Women,2000,0.0843504003230924,Diabetes,8.4,4329340.0,7405.707,Upper middle income,"Middle East, North Africa, Afghanistan & Pakistan",365181.5621347769
Lebanon,Women,2001,0.0859395730164128,Diabetes,8.6,4401918.0,7836.8267,Upper middle income,"Middle East, North Africa, Afghanistan & Pakistan",378298.95337326184
Lebanon,Women,2002,0.0877388449315366,Diabetes,8.8,4463504.0,8248.101,Upper middle income,"Middle East, North Africa, Afghanistan & Pakistan",391622.6853072933
Lebanon,Women,2003,0.0896111334166462,Diabetes,9.0,4525508.0,8671.1875,Upper middle income,"Middle East, North Africa, Afghanistan & Pakistan",405535.9011660997
Lebanon,Women,2004,0.0917024629531093,Diabetes,9.2,4599279.0,9491.61,Upper middle income,"Middle East, North Africa, Afghanistan & Pakistan",421765.2121085136
Lebanon,Women,2005,0.0940236197315429,Diabetes,9.4,4671102.0,9933.082,Upper middle income,"Middle East, North Africa, Afghanistan & Pakistan",439193.9181752495
Lebanon,Women,2006,0.0965382849589412,Diabetes,9.7,4751136.0,10236.868,Upper middle income,"Middle East, North Africa, Afghanistan & Pakistan",458666.52104668407
Lebanon,Women,2007,0.0992592101542934,Diabetes,9.9,4844118.0,11276.507,Upper middle income,"Middle East, North Africa, Afghanistan & Pakistan",480823.3265741954
Lebanon,Women,2008,0.10210857862906,Diabetes,10.2,4925354.0,12479.107,Upper middle income,"Middle East, North Africa, Afghanistan & Pakistan",502920.8961849552
Lebanon,Women,2009,0.105126285959835,Diabetes,10.5,4992287.0,14039.346,Upper middle income,"Middle East, North Africa, Afghanistan & Pakistan",524820.5907555668
Lebanon,Women,2010,0.108344382275132,Diabetes,10.8,5041288.0,15622.367,Upper middle income,"Middle East, North Africa, Afghanistan & Pakistan",546195.2342310357
Lebanon,Women,2011,0.11165890839692,Diabetes,11.2,5096020.0,16230.0,Upper middle income,"Middle East, North Africa, Afghanistan & Pakistan",569016.0303688722
Lebanon,Women,2012,0.115135762439489,Diabetes,11.5,5235742.0,16284.763,Upper middle income,"Middle East, North Africa, Afghanistan & Pakistan",602821.147106455
Lebanon,Women,2013,0.118712851825846,Diabetes,11.9,5743436.0,15145.569,Upper middle income,"Middle East, North Africa, Afghanistan & Pakistan",681819.6668392296
Lebanon,Women,2014,0.12235737551581,Diabetes,12.2,6346990.0,13586.273,Upper middle income,"Middle East, North Africa, Afghanistan & Pakistan",776601.0388250909
Libya,Women,1980,0.090660697552563,Diabetes,9.1,3424378.0,8741.0,,"Middle East, North Africa, Afghanistan & Pakistan",310456.49816365057
Libya,Women,1981,0.0924780082808347,Diabetes,9.2,3621486.0,6760.0,,"Middle East, North Africa, Afghanistan & Pakistan",334907.8122969269
Libya,Women,1982,0.0942162465626469,Diabetes,9.4,3724765.0,6661.0,,"Middle East, North Africa, Afghanistan & Pakistan",350933.3776279175
Libya,Women,1983,0.0958067994725879,Diabetes,9.6,3718961.0,6237.0,,"Middle East, North Africa, Afghanistan & Pakistan",356301.750773375
Libya,Women,1984,0.0972131321539577,Diabetes,9.7,3773633.0,5695.0,,"Middle East, North Africa, Afghanistan & Pakistan",366846.6835295359
Libya,Women,1985,0.0986080381811089,Diabetes,9.9,3898745.0,6092.0,,"Middle East, North Africa, Afghanistan & Pakistan",384447.5958184074
Libya,Women,1986,0.0997264519927119,Diabetes,10.0,4017403.0,5370.0,,"Middle East, North Africa, Afghanistan & Pakistan",400641.3474148768
Libya,Women,1987,0.100575665982591,Diabetes,10.1,4129739.0,4465.0,Upper middle income,"Middle East, North Africa, Afghanistan & Pakistan",415351.2502592794
Libya,Women,1988,0.101506189800622,Diabetes,10.2,4237755.0,4670.0,Upper middle income,"Middle East, North Africa, Afghanistan & Pakistan",430158.3633585349
Libya,Women,1989,0.102549252255333,Diabetes,10.3,4342920.0,4873.0,Upper middle income,"Middle East, North Africa, Afghanistan & Pakistan",445363.1986047308
Libya,Women,1990,0.103726204335699,Diabetes,10.4,4445239.0,4921.0,Upper middle income,"Middle East, North Africa, Afghanistan & Pakistan",461087.7688350183
Libya,Women,1991,0.105208928774018,Diabetes,10.5,4544400.0,5977.337,Upper middle income,"Middle East, North Africa, Afghanistan & Pakistan",478111.45592064736
Libya,Women,1992,0.106742098277206,Diabetes,10.7,4640352.0,6113.3535,Upper middle income,"Middle East, North Africa, Afghanistan & Pakistan",495320.9092248294
Libya,Women,1993,0.108302895337006,Diabetes,10.8,4733045.0,6190.681,Upper middle income,"Middle East, North Africa, Afghanistan & Pakistan",512602.4772603396
Libya,Women,1994,0.110014998222286,Diabetes,11.0,4822037.0,6645.0767,Upper middle income,"Middle East, North Africa, Afghanistan & Pakistan",530496.3919827973
Libya,Women,1995,0.111720466570723,Diabetes,11.2,4906843.0,6898.952,Upper middle income,"Middle East, North Africa, Afghanistan & Pakistan",548194.7893492861
Libya,Women,1996,0.113556244725177,Diabetes,11.4,4987393.0,7543.9355,Upper middle income,"Middle East, North Africa, Afghanistan & Pakistan",566349.6200486347
Libya,Women,1997,0.115514910696578,Diabetes,11.6,5064639.0,8422.215,Upper middle income,"Middle East, North Africa, Afghanistan & Pakistan",585041.3217954062
Libya,Women,1998,0.117529323818408,Diabetes,11.8,5140704.0,8545.48,Upper middle income,"Middle East, North Africa, Afghanistan & Pakistan",604183.4650705853
Libya,Women,1999,0.119753922656194,Diabetes,12.0,5218038.0,9064.067,Upper middle income,"Middle East, North Africa, Afghanistan & Pakistan",624880.5190690813
Libya,Women,2000,0.122183244985831,Diabetes,12.2,5305021.0,9770.98,Upper middle income,"Middle East, North Africa, Afghanistan & Pakistan",648184.6804979781
Libya,Women,2001,0.124733593687086,Diabetes,12.5,5403639.0,10354.482,Upper middle income,"Middle East, North Africa, Afghanistan & Pakistan",674015.3114576917
Libya,Women,2002,0.127414248935938,Diabetes,12.7,5508410.0,10787.675,Upper middle income,"Middle East, North Africa, Afghanistan & Pakistan",701849.9229812103
Libya,Women,2003,0.130372636892221,Diabetes,13.0,5619398.0,12870.574,Upper middle income,"Middle East, North Africa, Afghanistan & Pakistan",732615.7350068729
Libya,Women,2004,0.133427415408398,Diabetes,13.3,5736693.0,14193.259,Upper middle income,"Middle East, North Africa, Afghanistan & Pakistan",765432.119981449
Libya,Women,2005,0.13669934081654,Diabetes,13.7,5858798.0,16538.557,Upper middle income,"Middle East, North Africa, Afghanistan & Pakistan",800893.824577263
Libya,Women,2006,0.140090938963118,Diabetes,14.0,5980211.0,18657.062,Upper middle income,"Middle East, North Africa, Afghanistan & Pakistan",837773.3741875668
Libya,Women,2007,0.143584054793169,Diabetes,14.4,6104380.0,20731.719,Upper middle income,"Middle East, North Africa, Afghanistan & Pakistan",876491.6323983249
Libya,Women,2008,0.147141223125343,Diabetes,14.7,6235430.0,25140.6,Upper middle income,"Middle East, North Africa, Afghanistan & Pakistan",917488.7969124576
Libya,Women,2009,0.150637447610827,Diabetes,15.1,6366686.0,26403.787,Upper middle income,"Middle East, North Africa, Afghanistan & Pakistan",959061.3287795858
Libya,Women,2010,0.154107857636709,Diabetes,15.4,6497839.0,29157.143,Upper middle income,"Middle East, North Africa, Afghanistan & Pakistan",1001368.0475582556
Libya,Women,2011,0.156137492802637,Diabetes,15.6,6343203.0,12893.0,Upper middle income,"Middle East, North Africa, Afghanistan & Pakistan",990411.8127581654
Libya,Women,2012,0.159461332467195,Diabetes,15.9,6179328.0,25302.516,Upper middle income,"Middle East, North Africa, Afghanistan & Pakistan",985363.8766318471
Libya,Women,2013,0.162719674073721,Diabetes,16.3,6304628.0,20190.09,Upper middle income,"Middle East, North Africa, Afghanistan & Pakistan",1025887.0133160555
Libya,Women,2014,0.165917052713653,Diabetes,16.6,6427252.0,15154.099,Upper middle income,"Middle East, North Africa, Afghanistan & Pakistan",1066390.7088879317
Malta,Women,1980,0.0755371246266709,Diabetes,7.6,316645.0,8920.0,,"Middle East, North Africa, Afghanistan & Pakistan",23918.45282741221
Malta,Women,1981,0.0753984714660447,Diabetes,7.5,318982.0,9224.0,,"Middle East, North Africa, Afghanistan & Pakistan",24050.75522518187
Malta,Women,1982,0.0752236727305034,Diabetes,7.5,325898.0,9526.0,,"Middle East, North Africa, Afghanistan & Pakistan",24515.244495525596
Malta,Women,1983,0.074959755552495,Diabetes,7.5,330524.0,9586.0,,"Middle East, North Africa, Afghanistan & Pakistan",24775.998244232855
Malta,Women,1984,0.0745880215373333,Diabetes,7.5,330593.0,9797.0,,"Middle East, North Africa, Afghanistan & Pakistan",24658.277804091624
Malta,Women,1985,0.0741297814320208,Diabetes,7.4,336452.0,10176.0,,"Middle East, North Africa, Afghanistan & Pakistan",24941.11322236626
Malta,Women,1986,0.0736622274751347,Diabetes,7.4,342121.0,10584.0,,"Middle East, North Africa, Afghanistan & Pakistan",25201.39492602056
Malta,Women,1987,0.0731907168178789,Diabetes,7.3,344485.0,10943.0,Upper middle income,"Middle East, North Africa, Afghanistan & Pakistan",25213.104083007016
Malta,Women,1988,0.072704443527949,Diabetes,7.3,347325.0,11765.0,Upper middle income,"Middle East, North Africa, Afghanistan & Pakistan",25252.070848344887
Malta,Women,1989,0.072265697460908,Diabetes,7.2,350722.0,12607.0,High income,"Middle East, North Africa, Afghanistan & Pakistan",25345.169944884576
Malta,Women,1990,0.0718295321881789,Diabetes,7.2,354170.0,13259.0,Upper middle income,"Middle East, North Africa, Afghanistan & Pakistan",25439.865415087323
Malta,Women,1991,0.0713870165378194,Diabetes,7.1,363845.0,13834.927,Upper middle income,"Middle East, North Africa, Afghanistan & Pakistan",25973.8090322029
Malta,Women,1992,0.0709409202184441,Diabetes,7.1,367618.0,14341.302,Upper middle income,"Middle East, North Africa, Afghanistan & Pakistan",26079.159208863985
Malta,Women,1993,0.0704868779613913,Diabetes,7.0,371308.0,14840.319,Upper middle income,"Middle East, North Africa, Afghanistan & Pakistan",26172.34168208828
Malta,Women,1994,0.0700798768472817,Diabetes,7.0,374797.0,15539.06,Upper middle income,"Middle East, North Africa, Afghanistan & Pakistan",26265.72760273064
Malta,Women,1995,0.0696535126946841,Diabetes,7.0,377419.0,16417.174,Upper middle income,"Middle East, North Africa, Afghanistan & Pakistan",26288.55910771498
Malta,Women,1996,0.0692413916211495,Diabetes,6.9,379905.0,16932.047,Upper middle income,"Middle East, North Africa, Afghanistan & Pakistan",26305.150883832805
Malta,Women,1997,0.0688766201866779,Diabetes,6.9,382791.0,17694.79,Upper middle income,"Middle East, North Africa, Afghanistan & Pakistan",26365.35031787862
Malta,Women,1998,0.068584713782963,Diabetes,6.9,385287.0,18488.666,High income,"Middle East, North Africa, Afghanistan & Pakistan",26424.798619296467
Malta,Women,1999,0.0683464601633471,Diabetes,6.8,387578.0,19254.365,Upper middle income,"Middle East, North Africa, Afghanistan & Pakistan",26489.584337189743
Malta,Women,2000,0.0681940185089853,Diabetes,6.8,390087.0,20434.549,High income,"Middle East, North Africa, Afghanistan & Pakistan",26601.600098114544
Malta,Women,2001,0.0680090966677033,Diabetes,6.8,393028.0,20413.05,Upper middle income,"Middle East, North Africa, Afghanistan & Pakistan",26729.479245114093
Malta,Women,2002,0.0678602970496582,Diabetes,6.8,395969.0,20873.984,High income,"Middle East, North Africa, Afghanistan & Pakistan",26870.573962456107
Malta,Women,2003,0.0676341219526918,Diabetes,6.8,398582.0,21273.135,High income,"Middle East, North Africa, Afghanistan & Pakistan",26957.743596147804
Malta,Women,2004,0.0673059605597463,Diabetes,6.7,401268.0,21233.002,High income,"Middle East, North Africa, Afghanistan & Pakistan",27007.72818188828
Malta,Women,2005,0.066936436783186,Diabetes,6.7,403834.0,21905.215,High income,"Middle East, North Africa, Afghanistan & Pakistan",27031.209011901137
Malta,Women,2006,0.0665350286285708,Diabetes,6.7,405308.0,22233.717,High income,"Middle East, North Africa, Afghanistan & Pakistan",26967.179383388775
Malta,Women,2007,0.0661982362691746,Diabetes,6.6,406724.0,23048.264,High income,"Middle East, North Africa, Afghanistan & Pakistan",26924.411448343773
Malta,Women,2008,0.0657931653116065,Diabetes,6.6,409379.0,23674.594,High income,"Middle East, North Africa, Afghanistan & Pakistan",26934.34022210016
Malta,Women,2009,0.0653389321956516,Diabetes,6.5,412477.0,22927.654,High income,"Middle East, North Africa, Afghanistan & Pakistan",26950.80673526578
Malta,Women,2010,0.0649737361692933,Diabetes,6.5,414508.0,23632.625,High income,"Middle East, North Africa, Afghanistan & Pakistan",26932.13343206143
Malta,Women,2011,0.0646126973676277,Diabetes,6.5,416268.0,23871.0,High income,"Middle East, North Africa, Afghanistan & Pakistan",26896.19830782765
Malta,Women,2012,0.0642612761958511,Diabetes,6.4,420028.0,24629.777,High income,"Middle East, North Africa, Afghanistan & Pakistan",26991.535317990947
Malta,Women,2013,0.0639799123279497,Diabetes,6.4,424810.0,25611.121,High income,"Middle East, North Africa, Afghanistan & Pakistan",27179.30655603631
Malta,Women,2014,0.0637570084743827,Diabetes,6.4,433481.0,27007.89,High income,"Middle East, North Africa, Afghanistan & Pakistan",27637.45179048389
Morocco,Women,1980,0.0543033058403604,Diabetes,5.4,19459943.0,3622.0,,"Middle East, North Africa, Afghanistan & Pakistan",1056739.2363649805
Morocco,Women,1981,0.0555471564570635,Diabetes,5.6,19985401.0,3457.0,,"Middle East, North Africa, Afghanistan & Pakistan",1110132.1962041534
Morocco,Women,1982,0.0569191261081183,Diabetes,5.7,20520318.0,3725.0,,"Middle East, North Africa, Afghanistan & Pakistan",1167998.56802069
Morocco,Women,1983,0.0583437672819107,Diabetes,5.8,21060696.0,3606.0,,"Middle East, North Africa, Afghanistan & Pakistan",1228760.3462190675
Morocco,Women,1984,0.0598636668057148,Diabetes,6.0,21593778.0,3657.0,,"Middle East, North Africa, Afghanistan & Pakistan",1292682.7312685745
Morocco,Women,1985,0.0614432098260895,Diabetes,6.1,22113953.0,3784.0,,"Middle East, North Africa, Afghanistan & Pakistan",1358752.2542632814
Morocco,Women,1986,0.0630535601147842,Diabetes,6.3,22600803.0,3977.0,,"Middle East, North Africa, Afghanistan & Pakistan",1425061.0906028952
Morocco,Women,1987,0.0646744099444445,Diabetes,6.5,23054392.0,3790.0,Lower middle income,"Middle East, North Africa, Afghanistan & Pakistan",1491029.1992279217
Morocco,Women,1988,0.0663727824014019,Diabetes,6.6,23500524.0,4077.0,Lower middle income,"Middle East, North Africa, Afghanistan & Pakistan",1559795.165770923
Morocco,Women,1989,0.0680316579015426,Diabetes,6.8,23939414.0,4073.0,Lower middle income,"Middle East, North Africa, Afghanistan & Pakistan",1628638.0236113996
Morocco,Women,1990,0.0697555763840041,Diabetes,7.0,24375551.0,4130.0,Lower middle income,"Middle East, North Africa, Afghanistan & Pakistan",1700330.6096826876
Morocco,Women,1991,0.0715349137498731,Diabetes,7.2,24799014.0,4353.7295,Lower middle income,"Middle East, North Africa, Afghanistan & Pakistan",1773995.3275718954
Morocco,Women,1992,0.0733339184080243,Diabetes,7.3,25212468.0,4194.447,Lower middle income,"Middle East, North Africa, Afghanistan & Pakistan",1848929.0711769238
Morocco,Women,1993,0.0752128548157865,Diabetes,7.5,25614586.0,4097.281,Lower middle income,"Middle East, North Africa, Afghanistan & Pakistan",1926546.1379844774
Morocco,Women,1994,0.077263866191785,Diabetes,7.7,26000822.0,4461.0625,Lower middle income,"Middle East, North Africa, Afghanistan & Pakistan",2008924.0318844197
Morocco,Women,1995,0.0794198682382338,Diabetes,7.9,26399429.0,4156.9253,Lower middle income,"Middle East, North Africa, Afghanistan & Pakistan",2096639.1727446083
Morocco,Women,1996,0.0817395444700213,Diabetes,8.2,26808107.0,4603.652,Lower middle income,"Middle East, North Africa, Afghanistan & Pakistan",2191282.454283589
Morocco,Women,1997,0.0840885281454657,Diabetes,8.4,27213337.0,4469.19,Lower middle income,"Middle East, North Africa, Afghanistan & Pakistan",2288329.4542565434
Morocco,Women,1998,0.0865599385178627,Diabetes,8.7,27621648.0,4729.183,Lower middle income,"Middle East, North Africa, Afghanistan & Pakistan",2390928.152642045
Morocco,Women,1999,0.0891099460850062,Diabetes,8.9,28027179.0,4720.7715,Lower middle income,"Middle East, North Africa, Afghanistan & Pakistan",2497500.409604818
Morocco,Women,2000,0.0917298295159715,Diabetes,9.2,28423435.0,4753.638,Lower middle income,"Middle East, North Africa, Afghanistan & Pakistan",2607276.8468082976
Morocco,Women,2001,0.0944471253660944,Diabetes,9.4,28814643.0,5042.073,Lower middle income,"Middle East, North Africa, Afghanistan & Pakistan",2721460.1998002543
Morocco,Women,2002,0.0971633173601283,Diabetes,9.7,29198142.0,5140.8726,Lower middle income,"Middle East, North Africa, Afghanistan & Pakistan",2836988.3374720914
Morocco,Women,2003,0.099926164550034,Diabetes,10.0,29571415.0,5386.8506,Lower middle income,"Middle East, North Africa, Afghanistan & Pakistan",2954958.081267344
Morocco,Women,2004,0.102743791174,Diabetes,10.3,29953018.0,5584.154,Lower middle income,"Middle East, North Africa, Afghanistan & Pakistan",3077486.626423063
Morocco,Women,2005,0.105619408184114,Diabetes,10.6,30358144.0,5708.0312,Lower middle income,"Middle East, North Africa, Afghanistan & Pakistan",3206409.2028481113
Morocco,Women,2006,0.108529533197713,Diabetes,10.9,30771178.0,6076.9526,Lower middle income,"Middle East, North Africa, Afghanistan & Pakistan",3339581.5842837356
Morocco,Women,2007,0.111472551041358,Diabetes,11.1,31186468.0,6228.4316,Lower middle income,"Middle East, North Africa, Afghanistan & Pakistan",3476435.145929678
Morocco,Women,2008,0.114499371454102,Diabetes,11.4,31606767.0,6530.978,Lower middle income,"Middle East, North Africa, Afghanistan & Pakistan",3618954.955196253
Morocco,Women,2009,0.117590279730369,Diabetes,11.8,32030778.0,6741.4604,Lower middle income,"Middle East, North Africa, Afghanistan & Pakistan",3766508.145001349
Morocco,Women,2010,0.120741723610571,Diabetes,12.1,32467016.0,6931.558,Lower middle income,"Middle East, North Africa, Afghanistan & Pakistan",3920123.4723319868
Morocco,Women,2011,0.123916029363261,Diabetes,12.4,32912588.0,7226.0,Lower middle income,"Middle East, North Africa, Afghanistan & Pakistan",4078397.221028912
Morocco,Women,2012,0.127206011883643,Diabetes,12.7,33355241.0,7355.326,Lower middle income,"Middle East, North Africa, Afghanistan & Pakistan",4242987.183027776
Morocco,Women,2013,0.130547265693779,Diabetes,13.1,33787571.0,7599.724,Lower middle income,"Middle East, North Africa, Afghanistan & Pakistan",4410875.008484422
Morocco,Women,2014,0.133969031205978,Diabetes,13.4,34204780.0,7714.632,Lower middle income,"Middle East, North Africa, Afghanistan & Pakistan",4582381.239213612
Palestine,Women,1980,0.0743409299931973,Diabetes,7.4,,5239.0,,"Middle East, North Africa, Afghanistan & Pakistan",
Palestine,Women,1981,0.0757382320526033,Diabetes,7.6,,4811.0,,"Middle East, North Africa, Afghanistan & Pakistan",
Palestine,Women,1982,0.0771963812256248,Diabetes,7.7,,5088.0,,"Middle East, North Africa, Afghanistan & Pakistan",
Palestine,Women,1983,0.0787267651216194,Diabetes,7.9,,4733.0,,"Middle East, North Africa, Afghanistan & Pakistan",
Palestine,Women,1984,0.0803144447141261,Diabetes,8.0,,4807.0,,"Middle East, North Africa, Afghanistan & Pakistan",
Palestine,Women,1985,0.0819510725792498,Diabetes,8.2,,4619.0,,"Middle East, North Africa, Afghanistan & Pakistan",
Palestine,Women,1986,0.0836170970210729,Diabetes,8.4,,5330.0,,"Middle East, North Africa, Afghanistan & Pakistan",
Palestine,Women,1987,0.0853333693247239,Diabetes,8.5,,5004.0,,"Middle East, North Africa, Afghanistan & Pakistan",
Palestine,Women,1988,0.0871231332814064,Diabetes,8.7,,4745.0,,"Middle East, North Africa, Afghanistan & Pakistan",
Palestine,Women,1989,0.0889882298902084,Diabetes,8.9,,4682.0,,"Middle East, North Africa, Afghanistan & Pakistan",
Palestine,Women,1990,0.0909314211098433,Diabetes,9.1,1978248.0,5345.0,,"Middle East, North Africa, Afghanistan & Pakistan",179884.90194770528
Palestine,Women,1991,0.0929353501830533,Diabetes,9.3,2068845.0,4732.171,,"Middle East, North Africa, Afghanistan & Pakistan",192268.8345494589
Palestine,Women,1992,0.0949994471069606,Diabetes,9.5,2163591.0,5410.625,,"Middle East, North Africa, Afghanistan & Pakistan",205539.94876559597
Palestine,Women,1993,0.0971304250158368,Diabetes,9.7,2262676.0,5527.995,,"Middle East, North Africa, Afghanistan & Pakistan",219774.68155313353
Palestine,Women,1994,0.0993408739046101,Diabetes,9.9,2366298.0,5893.47,Lower middle income,"Middle East, North Africa, Afghanistan & Pakistan",235070.11123873107
Palestine,Women,1995,0.101724067770638,Diabetes,10.2,2474666.0,5756.845,Lower middle income,"Middle East, North Africa, Afghanistan & Pakistan",251733.09189369367
Palestine,Women,1996,0.10426754606816,Diabetes,10.4,2587997.0,5320.2554,Lower middle income,"Middle East, North Africa, Afghanistan & Pakistan",269844.09642175987
Palestine,Women,1997,0.107161278558012,Diabetes,10.7,2706518.0,5598.021,Lower middle income,"Middle East, North Africa, Afghanistan & Pakistan",290033.9293202735
Palestine,Women,1998,0.110412106346575,Diabetes,11.0,2776568.0,6051.883,Lower middle income,"Middle East, North Africa, Afghanistan & Pakistan",306566.7212944971
Palestine,Women,1999,0.113998270286936,Diabetes,11.4,2848431.0,6204.6465,Lower middle income,"Middle East, North Africa, Afghanistan & Pakistan",324716.20703168743
Palestine,Women,2000,0.117566192544095,Diabetes,11.8,2922153.0,5377.3936,Lower middle income,"Middle East, North Africa, Afghanistan & Pakistan",343546.40224130487
Palestine,Women,2001,0.121120547715325,Diabetes,12.1,2997784.0,4626.303,Lower middle income,"Middle East, North Africa, Afghanistan & Pakistan",363093.24001223786
Palestine,Women,2002,0.124726762508174,Diabetes,12.5,3075373.0,3842.1465,Lower middle income,"Middle East, North Africa, Afghanistan & Pakistan",383581.31779505056
Palestine,Women,2003,0.128508829523097,Diabetes,12.9,3154969.0,4158.2993,Lower middle income,"Middle East, North Africa, Afghanistan & Pakistan",405441.3733716558
Palestine,Women,2004,0.132435415559719,Diabetes,13.2,3236626.0,4358.5176,Lower middle income,"Middle East, North Africa, Afghanistan & Pakistan",428643.909321391
Palestine,Women,2005,0.136470642873261,Diabetes,13.6,3320396.0,4589.626,Lower middle income,"Middle East, North Africa, Afghanistan & Pakistan",453136.57671380433
Palestine,Women,2006,0.140403598075632,Diabetes,14.0,3406334.0,4193.154,Lower middle income,"Middle East, North Africa, Afghanistan & Pakistan",478261.5498473598
Palestine,Women,2007,0.14425014082329,Diabetes,14.4,3494496.0,4250.989,Lower middle income,"Middle East, North Africa, Afghanistan & Pakistan",504081.5401064236
Palestine,Women,2008,0.148019429059308,Diabetes,14.8,3591977.0,4287.209,Lower middle income,"Middle East, North Africa, Afghanistan & Pakistan",531682.384734166
Palestine,Women,2009,0.152130741410797,Diabetes,15.2,3689099.0,4426.317,Lower middle income,"Middle East, North Africa, Afghanistan & Pakistan",561225.3660078298
Palestine,Women,2010,0.156351732432637,Diabetes,15.6,3786161.0,4548.5312,Lower middle income,"Middle East, North Africa, Afghanistan & Pakistan",591972.8316188854
Palestine,Women,2011,0.160667635303983,Diabetes,16.1,3882986.0,4863.0,Lower middle income,"Middle East, North Africa, Afghanistan & Pakistan",623870.1785384718
Palestine,Women,2012,0.165272418609321,Diabetes,16.5,3979998.0,5054.0,Lower middle income,"Middle East, North Africa, Afghanistan & Pakistan",657783.8955202603
Palestine,Women,2013,0.16993001829034,Diabetes,17.0,4076708.0,5054.0,Lower middle income,"Middle East, North Africa, Afghanistan & Pakistan",692755.0650043754
Palestine,Women,2014,0.174636563528808,Diabetes,17.5,4173398.0,4939.0,Lower middle income,"Middle East, North Africa, Afghanistan & Pakistan",728827.8849580003
Oman,Women,1980,0.05760298414902,Diabetes,5.8,1001248.0,6491.0,,"Middle East, North Africa, Afghanistan & Pakistan",57674.87267323798
Oman,Women,1981,0.0594617942811418,Diabetes,5.9,1057320.0,7210.0,,"Middle East, North Africa, Afghanistan & Pakistan",62870.14432933685
Oman,Women,1982,0.0614207919563785,Diabetes,6.1,1117678.0,7651.0,,"Middle East, North Africa, Afghanistan & Pakistan",68648.66791222121
Oman,Women,1983,0.063537338110569,Diabetes,6.4,1181459.0,8521.0,,"Middle East, North Africa, Afghanistan & Pakistan",75066.75994677473
Oman,Women,1984,0.0657617714530462,Diabetes,6.6,1247716.0,9526.0,,"Middle East, North Africa, Afghanistan & Pakistan",82052.01443030899
Oman,Women,1985,0.0680802574004856,Diabetes,6.8,1325480.0,10433.0,,"Middle East, North Africa, Afghanistan & Pakistan",90239.01957919565
Oman,Women,1986,0.0703703404286597,Diabetes,7.0,1413419.0,10268.0,,"Middle East, North Africa, Afghanistan & Pakistan",99462.77619833576
Oman,Women,1987,0.0726175587666967,Diabetes,7.3,1500996.0,10699.0,Upper middle income,"Middle East, North Africa, Afghanistan & Pakistan",108998.6652385767
Oman,Women,1988,0.0749174518190061,Diabetes,7.5,1588568.0,10633.0,Upper middle income,"Middle East, North Africa, Afghanistan & Pakistan",119011.46660121488
Oman,Women,1989,0.0772761879699339,Diabetes,7.7,1676228.0,10692.0,Upper middle income,"Middle East, North Africa, Afghanistan & Pakistan",129532.51000846636
Oman,Women,1990,0.0795854078567351,Diabetes,8.0,1763954.0,10327.0,Upper middle income,"Middle East, North Africa, Afghanistan & Pakistan",140384.9985305193
Oman,Women,1991,0.0818219422380341,Diabetes,8.2,1851473.0,11131.0,Upper middle income,"Middle East, North Africa, Afghanistan & Pakistan",151491.1168612797
Oman,Women,1992,0.0839983144218273,Diabetes,8.4,1938238.0,12251.157,Upper middle income,"Middle East, North Africa, Afghanistan & Pakistan",162808.7249483337
Oman,Women,1993,0.0860821203012341,Diabetes,8.6,2021675.0,13226.644,Upper middle income,"Middle East, North Africa, Afghanistan & Pakistan",174030.07055999746
Oman,Women,1994,0.0880970935209637,Diabetes,8.8,2081834.0,14079.533,Upper middle income,"Middle East, North Africa, Afghanistan & Pakistan",183403.52459312195
Oman,Women,1995,0.0900961841342099,Diabetes,9.0,2120528.0,15292.176,Upper middle income,"Middle East, North Africa, Afghanistan & Pakistan",191051.48114974785
Oman,Women,1996,0.0919437530996659,Diabetes,9.2,2156926.0,16491.168,Upper middle income,"Middle East, North Africa, Afghanistan & Pakistan",198315.87159824997
Oman,Women,1997,0.0937160661166455,Diabetes,9.4,2190720.0,18518.48,Upper middle income,"Middle East, North Africa, Afghanistan & Pakistan",205305.66036305763
Oman,Women,1998,0.0953917467340556,Diabetes,9.5,2222489.0,20213.02,Upper middle income,"Middle East, North Africa, Afghanistan & Pakistan",212007.10780722447
Oman,Women,1999,0.0969896397687165,Diabetes,9.7,2252909.0,21519.67,Upper middle income,"Middle East, North Africa, Afghanistan & Pakistan",218508.8323416993
Oman,Women,2000,0.0985729011703236,Diabetes,9.9,2282131.0,24186.365,Upper middle income,"Middle East, North Africa, Afghanistan & Pakistan",224956.27352073177
Oman,Women,2001,0.100184615236926,Diabetes,10.0,2310217.0,26431.1,Upper middle income,"Middle East, North Africa, Afghanistan & Pakistan",231448.20125880546
Oman,Women,2002,0.101774982705529,Diabetes,10.2,2337140.0,27141.844,Upper middle income,"Middle East, North Africa, Afghanistan & Pakistan",237862.38308040003
Oman,Women,2003,0.103301122272823,Diabetes,10.3,2363796.0,27313.98,Upper middle income,"Middle East, North Africa, Afghanistan & Pakistan",244182.7796240099
Oman,Women,2004,0.104821105477789,Diabetes,10.5,2404821.0,28607.084,Upper middle income,"Middle East, North Africa, Afghanistan & Pakistan",252075.995696202
Oman,Women,2005,0.106380028430802,Diabetes,10.6,2459802.0,30392.56,Upper middle income,"Middle East, North Africa, Afghanistan & Pakistan",261673.80669414363
Oman,Women,2006,0.108008463651974,Diabetes,10.8,2514795.0,33374.895,Upper middle income,"Middle East, North Africa, Afghanistan & Pakistan",271619.14434966596
Oman,Women,2007,0.109764019160183,Diabetes,11.0,2570174.0,36424.98,High income,"Middle East, North Africa, Afghanistan & Pakistan",282112.6281810042
Oman,Women,2008,0.111683121523131,Diabetes,11.2,2626529.0,40909.938,High income,"Middle East, North Africa, Afghanistan & Pakistan",293338.9574910277
Oman,Women,2009,0.11361037019368,Diabetes,11.4,2684659.0,44244.65,High income,"Middle East, North Africa, Afghanistan & Pakistan",305005.1028337948
Oman,Women,2010,0.115553320558184,Diabetes,11.6,2757446.0,46182.16,High income,"Middle East, North Africa, Afghanistan & Pakistan",318632.04155988223
Oman,Women,2011,0.117429850766227,Diabetes,11.7,3076763.0,44454.0,High income,"Middle East, North Africa, Afghanistan & Pakistan",361303.81993304886
Oman,Women,2012,0.119331610994563,Diabetes,11.9,3547106.0,47427.582,High income,"Middle East, North Africa, Afghanistan & Pakistan",423281.8733484804
Oman,Women,2013,0.121214598589798,Diabetes,12.1,3833913.0,48900.758,High income,"Middle East, North Africa, Afghanistan & Pakistan",464726.2253232082
Oman,Women,2014,0.123150791257829,Diabetes,12.3,4002439.0,48528.41,High income,"Middle East, North Africa, Afghanistan & Pakistan",492903.5298111939
Pakistan,Women,1980,0.0588214401785493,Diabetes,5.9,82291010.0,1851.0,,"Middle East, North Africa, Afghanistan & Pakistan",4840475.721947403
Pakistan,Women,1981,0.0599678669285894,Diabetes,6.0,85802049.0,1924.0,,"Middle East, North Africa, Afghanistan & Pakistan",5145365.856632307
Pakistan,Women,1982,0.0611741687952109,Diabetes,6.1,89089246.0,2002.0,,"Middle East, North Africa, Afghanistan & Pakistan",5449960.572642067
Pakistan,Women,1983,0.062432697196974,Diabetes,6.2,92227711.0,2077.0,,"Middle East, North Africa, Afghanistan & Pakistan",5758024.754033028
Pakistan,Women,1984,0.0637216316628573,Diabetes,6.4,95164936.0,2106.0,,"Middle East, North Africa, Afghanistan & Pakistan",6064064.999011388
Pakistan,Women,1985,0.0650653136592737,Diabetes,6.5,98229285.0,2230.0,,"Middle East, North Africa, Afghanistan & Pakistan",6391319.239051189
Pakistan,Women,1986,0.0664181136371305,Diabetes,6.6,101606764.0,2302.0,,"Middle East, North Africa, Afghanistan & Pakistan",6748529.5976531
Pakistan,Women,1987,0.0678130812671401,Diabetes,6.8,105130717.0,2364.0,Low income,"Middle East, North Africa, Afghanistan & Pakistan",7129237.855593707
Pakistan,Women,1988,0.0692469316382941,Diabetes,6.9,108724739.0,2442.0,Low income,"Middle East, North Africa, Afghanistan & Pakistan",7528854.568924368
Pakistan,Women,1989,0.0707111968236063,Diabetes,7.1,112336629.0,2487.0,Low income,"Middle East, North Africa, Afghanistan & Pakistan",7943457.483719439
Pakistan,Women,1990,0.0722135420242105,Diabetes,7.2,116155576.0,2531.0,Low income,"Middle East, North Africa, Afghanistan & Pakistan",8388005.568822376
Pakistan,Women,1991,0.073768778686181,Diabetes,7.4,120060406.0,2644.5742,Low income,"Middle East, North Africa, Afghanistan & Pakistan",8856709.519187037
Pakistan,Women,1992,0.0753811469250037,Diabetes,7.5,123546848.0,2732.3816,Low income,"Middle East, North Africa, Afghanistan & Pakistan",9313103.101209098
Pakistan,Women,1993,0.0770258859909999,Diabetes,7.7,127020117.0,2777.332,Low income,"Middle East, North Africa, Afghanistan & Pakistan",9783837.050605468
Pakistan,Women,1994,0.0787508000816729,Diabetes,7.9,130748083.0,2855.9062,Low income,"Middle East, North Africa, Afghanistan & Pakistan",10296516.145394975
Pakistan,Women,1995,0.0805258933575895,Diabetes,8.1,134582253.0,2947.6826,Low income,"Middle East, North Africa, Afghanistan & Pakistan",10837356.15290213
Pakistan,Women,1996,0.0823474371716834,Diabetes,8.2,138557092.0,2979.808,Low income,"Middle East, North Africa, Afghanistan & Pakistan",11409821.428161157
Pakistan,Women,1997,0.0842085552803151,Diabetes,8.4,142531804.0,2986.7056,Low income,"Middle East, North Africa, Afghanistan & Pakistan",12002397.296337036
Pakistan,Women,1998,0.0860838087669372,Diabetes,8.6,146522356.0,3035.4517,Low income,"Middle East, North Africa, Afghanistan & Pakistan",12613202.473985095
Pakistan,Women,1999,0.0880172826204519,Diabetes,8.8,150565377.0,3111.9585,Low income,"Middle East, North Africa, Afghanistan & Pakistan",13252355.340263888
Pakistan,Women,2000,0.0900022839915062,Diabetes,9.0,154879127.0,3154.5115,Low income,"Middle East, North Africa, Afghanistan & Pakistan",13939475.172610555
Pakistan,Women,2001,0.0920097211165612,Diabetes,9.2,159270907.0,3176.9468,Low income,"Middle East, North Africa, Afghanistan & Pakistan",14654471.735051755
Pakistan,Women,2002,0.0940529060133716,Diabetes,9.4,163222549.0,3265.6865,Low income,"Middle East, North Africa, Afghanistan & Pakistan",15351555.06035994
Pakistan,Women,2003,0.0961596201193653,Diabetes,9.6,167110248.0,3437.992,Low income,"Middle East, North Africa, Afghanistan & Pakistan",16069257.965732925
Pakistan,Women,2004,0.098341747200966,Diabetes,9.8,171286000.0,3664.5334,Low income,"Middle East, North Africa, Afghanistan & Pakistan",16844564.511064664
Pakistan,Women,2005,0.100554213324171,Diabetes,10.1,175453212.0,3883.9346,Low income,"Middle East, North Africa, Afghanistan & Pakistan",17642559.707859
Pakistan,Women,2006,0.102811226064713,Diabetes,10.3,179682690.0,4062.6665,Low income,"Middle East, North Africa, Afghanistan & Pakistan",18473397.661505748
Pakistan,Women,2007,0.105034399488859,Diabetes,10.5,184493231.0,4160.365,Low income,"Middle East, North Africa, Afghanistan & Pakistan",19378135.727844346
Pakistan,Women,2008,0.107270719530836,Diabetes,10.7,189499113.0,4224.405,Lower middle income,"Middle East, North Africa, Afghanistan & Pakistan",20327706.201965198
Pakistan,Women,2009,0.109529634845125,Diabetes,11.0,194376534.0,4288.462,Lower middle income,"Middle East, North Africa, Afghanistan & Pakistan",21289990.791481026
Pakistan,Women,2010,0.111801264913706,Diabetes,11.2,199239047.0,4354.267,Lower middle income,"Middle East, North Africa, Afghanistan & Pakistan",22275177.47480132
Pakistan,Women,2011,0.11412522177477,Diabetes,11.4,203746065.0,4464.0,Lower middle income,"Middle East, North Africa, Afghanistan & Pakistan",23252564.853861704
Pakistan,Women,2012,0.116461023419808,Diabetes,11.6,207667125.0,4538.3457,Lower middle income,"Middle East, North Africa, Afghanistan & Pakistan",24185125.908149198
Pakistan,Women,2013,0.11887680331763,Diabetes,11.9,211073978.0,4638.1616,Lower middle income,"Middle East, North Africa, Afghanistan & Pakistan",25091799.768175762
Pakistan,Women,2014,0.121315271439807,Diabetes,12.1,214264647.0,4750.878,Lower middle income,"Middle East, North Africa, Afghanistan & Pakistan",25993573.81075943
Qatar,Women,1980,0.115793858444875,Diabetes,11.6,275913.0,45860.0,,"Middle East, North Africa, Afghanistan & Pakistan",31949.030865100794
Qatar,Women,1981,0.117557264054727,Diabetes,11.8,293553.0,37307.0,,"Middle East, North Africa, Afghanistan & Pakistan",34509.28753505727
Qatar,Women,1982,0.11876170697115,Diabetes,11.9,311537.0,29046.0,,"Middle East, North Africa, Afghanistan & Pakistan",36998.66590467116
Qatar,Women,1983,0.11950541874671,Diabetes,12.0,329709.0,23146.0,,"Middle East, North Africa, Afghanistan & Pakistan",39402.01210955901
Qatar,Women,1984,0.120170700850402,Diabetes,12.0,347878.0,20354.0,,"Middle East, North Africa, Afghanistan & Pakistan",41804.74307043615
Qatar,Women,1985,0.120489194076002,Diabetes,12.0,365940.0,16558.0,,"Middle East, North Africa, Afghanistan & Pakistan",44091.81568017217
Qatar,Women,1986,0.120801665664957,Diabetes,12.1,382422.0,12881.0,,"Middle East, North Africa, Afghanistan & Pakistan",46197.21458692419
Qatar,Women,1987,0.121181213647715,Diabetes,12.1,397005.0,12819.0,High income,"Middle East, North Africa, Afghanistan & Pakistan",48109.547724211094
Qatar,Women,1988,0.121713887997914,Diabetes,12.2,411264.0,12492.0,High income,"Middle East, North Africa, Afghanistan & Pakistan",50056.540433574104
Qatar,Women,1989,0.122413018360204,Diabetes,12.2,425646.0,12137.0,High income,"Middle East, North Africa, Afghanistan & Pakistan",52104.611612947396
Qatar,Women,1990,0.123070387503184,Diabetes,12.3,440175.0,11705.0,High income,"Middle East, North Africa, Afghanistan & Pakistan",54172.50781921401
Qatar,Women,1991,0.123940336645635,Diabetes,12.4,454853.0,12417.643,High income,"Middle East, North Africa, Afghanistan & Pakistan",56374.63394427702
Qatar,Women,1992,0.125149349692071,Diabetes,12.5,469657.0,15042.123,High income,"Middle East, North Africa, Afghanistan & Pakistan",58777.26812832899
Qatar,Women,1993,0.126513469793558,Diabetes,12.7,484545.0,16221.046,High income,"Middle East, North Africa, Afghanistan & Pakistan",61301.46922111956
Qatar,Women,1994,0.128031227516651,Diabetes,12.8,499459.0,17955.314,High income,"Middle East, North Africa, Afghanistan & Pakistan",63946.34886423899
Qatar,Women,1995,0.129775906862845,Diabetes,13.0,514325.0,19959.703,High income,"Middle East, North Africa, Afghanistan & Pakistan",66746.99329723275
Qatar,Women,1996,0.131636598252365,Diabetes,13.2,529019.0,22395.264,High income,"Middle East, North Africa, Afghanistan & Pakistan",69638.2615708679
Qatar,Women,1997,0.133921973098599,Diabetes,13.4,550500.0,30989.15,High income,"Middle East, North Africa, Afghanistan & Pakistan",73724.04619077874
Qatar,Women,1998,0.136395678316504,Diabetes,13.6,580540.0,36448.055,High income,"Middle East, North Africa, Afghanistan & Pakistan",79183.14708986324
Qatar,Women,1999,0.138956596344227,Diabetes,13.9,612500.0,40135.176,High income,"Middle East, North Africa, Afghanistan & Pakistan",85110.91526083903
Qatar,Women,2000,0.14169313951698,Diabetes,14.2,644989.0,45788.12,High income,"Middle East, North Africa, Afghanistan & Pakistan",91390.51636391741
Qatar,Women,2001,0.144471668588143,Diabetes,14.4,677925.0,50525.707,High income,"Middle East, North Africa, Afghanistan & Pakistan",97940.95592761684
Qatar,Women,2002,0.147409824429165,Diabetes,14.7,711205.0,57541.1,High income,"Middle East, North Africa, Afghanistan & Pakistan",104838.6041831443
Qatar,Women,2003,0.150361254913852,Diabetes,15.0,744682.0,62234.215,High income,"Middle East, North Africa, Afghanistan & Pakistan",111971.32003175713
Qatar,Women,2004,0.153488763783952,Diabetes,15.3,773332.0,74372.93,High income,"Middle East, North Africa, Afghanistan & Pakistan",118697.77267457116
Qatar,Women,2005,0.156574429697209,Diabetes,15.7,825408.0,76808.42,High income,"Middle East, North Africa, Afghanistan & Pakistan",129237.78686751389
Qatar,Women,2006,0.159816843397196,Diabetes,16.0,972831.0,90120.92,High income,"Middle East, North Africa, Afghanistan & Pakistan",155474.7795789376
Qatar,Women,2007,0.163109862693606,Diabetes,16.3,1208595.0,97912.69,High income,"Middle East, North Africa, Afghanistan & Pakistan",197133.76450217873
Qatar,Women,2008,0.166458053068204,Diabetes,16.6,1426938.0,107402.055,High income,"Middle East, North Africa, Afghanistan & Pakistan",237525.32132903687
Qatar,Women,2009,0.169826175046481,Diabetes,17.0,1608903.0,115283.414,High income,"Middle East, North Africa, Afghanistan & Pakistan",273233.84251080843
Qatar,Women,2010,0.173311320973512,Diabetes,17.3,1616832.0,134802.78,High income,"Middle East, North Africa, Afghanistan & Pakistan",280215.2897122454
Qatar,Women,2011,0.176855914642219,Diabetes,17.7,1624761.0,155533.0,High income,"Middle East, North Africa, Afghanistan & Pakistan",287348.5927300064
Qatar,Women,2012,0.180422321019102,Diabetes,18.0,1722438.0,154339.81,High income,"Middle East, North Africa, Afghanistan & Pakistan",310766.2617715
Qatar,Women,2013,0.184036105156969,Diabetes,18.4,1916426.0,155657.12,High income,"Middle East, North Africa, Afghanistan & Pakistan",352691.57686154946
Qatar,Women,2014,0.187735012255082,Diabetes,18.8,2151745.0,157712.9,High income,"Middle East, North Africa, Afghanistan & Pakistan",403957.8739448114
Saudi Arabia,Women,1980,0.0872920350894093,Diabetes,8.7,6047997.0,21068.0,,"Middle East, North Africa, Afghanistan & Pakistan",527941.9663446422
Saudi Arabia,Women,1981,0.0893429521159045,Diabetes,8.9,6420551.0,21393.0,,"Middle East, North Africa, Afghanistan & Pakistan",573630.9805507227
Saudi Arabia,Women,1982,0.0911808196038073,Diabetes,9.1,6824486.0,20535.0,,"Middle East, North Africa, Afghanistan & Pakistan",622262.2268547085
Saudi Arabia,Women,1983,0.0928731263025995,Diabetes,9.3,7252941.0,17315.0,,"Middle East, North Africa, Afghanistan & Pakistan",673603.3055583023
Saudi Arabia,Women,1984,0.094515119924662,Diabetes,9.5,7697307.0,16343.0,,"Middle East, North Africa, Afghanistan & Pakistan",727511.8942019403
Saudi Arabia,Women,1985,0.0962449477244519,Diabetes,9.6,8151779.0,14422.0,,"Middle East, North Africa, Afghanistan & Pakistan",784567.5437162848
Saudi Arabia,Women,1986,0.0980556155808164,Diabetes,9.8,8628639.0,12897.0,,"Middle East, North Africa, Afghanistan & Pakistan",846086.50876964
Saudi Arabia,Women,1987,0.0998833703043656,Diabetes,10.0,9130194.0,12919.0,High income,"Middle East, North Africa, Afghanistan & Pakistan",911954.548252697
Saudi Arabia,Women,1988,0.101872772309779,Diabetes,10.2,9629165.0,12795.0,High income,"Middle East, North Africa, Afghanistan & Pakistan",980949.733578293
Saudi Arabia,Women,1989,0.103898442268647,Diabetes,10.4,10128394.0,12758.0,High income,"Middle East, North Africa, Afghanistan & Pakistan",1052324.3592831106
Saudi Arabia,Women,1990,0.106070134615625,Diabetes,10.6,10640691.0,14335.0,Upper middle income,"Middle East, North Africa, Afghanistan & Pakistan",1128659.5267732695
Saudi Arabia,Women,1991,0.108415874836301,Diabetes,10.8,11160744.0,16830.412,Upper middle income,"Middle East, North Africa, Afghanistan & Pakistan",1210001.8245839973
Saudi Arabia,Women,1992,0.110855128844195,Diabetes,11.1,11686676.0,17905.28,Upper middle income,"Middle East, North Africa, Afghanistan & Pakistan",1295527.9737403614
Saudi Arabia,Women,1993,0.113295235303346,Diabetes,11.3,12215862.0,18101.092,Upper middle income,"Middle East, North Africa, Afghanistan & Pakistan",1383998.9597232027
Saudi Arabia,Women,1994,0.115728680337135,Diabetes,11.6,12750040.0,18678.932,Upper middle income,"Middle East, North Africa, Afghanistan & Pakistan",1475545.3034456847
Saudi Arabia,Women,1995,0.118221023996446,Diabetes,11.8,13289245.0,19223.332,Upper middle income,"Middle East, North Africa, Afghanistan & Pakistan",1571068.1520396501
Saudi Arabia,Women,1996,0.120743917443335,Diabetes,12.1,13831009.0,20280.494,Upper middle income,"Middle East, North Africa, Afghanistan & Pakistan",1670010.2088540234
Saudi Arabia,Women,1997,0.12331605236067,Diabetes,12.3,14374943.0,21087.428,Upper middle income,"Middle East, North Africa, Afghanistan & Pakistan",1772661.2236696468
Saudi Arabia,Women,1998,0.125863849843405,Diabetes,12.6,14922185.0,22310.918,Upper middle income,"Middle East, North Africa, Afghanistan & Pakistan",1878163.6521755105
Saudi Arabia,Women,1999,0.128300561234874,Diabetes,12.8,15472075.0,22058.572,Upper middle income,"Middle East, North Africa, Afghanistan & Pakistan",1985075.905968063
Saudi Arabia,Women,2000,0.130705434747769,Diabetes,13.1,16177722.0,23904.516,Upper middle income,"Middle East, North Africa, Afghanistan & Pakistan",2114516.187238547
Saudi Arabia,Women,2001,0.1329902380309,Diabetes,13.3,17041397.0,24191.996,Upper middle income,"Middle East, North Africa, Afghanistan & Pakistan",2266339.443409065
Saudi Arabia,Women,2002,0.13524657029009,Diabetes,13.5,17910910.0,24053.975,Upper middle income,"Middle East, North Africa, Afghanistan & Pakistan",2422389.1482744757
Saudi Arabia,Women,2003,0.137518511196517,Diabetes,13.8,18786767.0,27367.094,Upper middle income,"Middle East, North Africa, Afghanistan & Pakistan",2583528.228035856
Saudi Arabia,Women,2004,0.139902146432247,Diabetes,14.0,19669480.0,30233.512,High income,"Middle East, North Africa, Afghanistan & Pakistan",2751802.4712061537
Saudi Arabia,Women,2005,0.14235287481925,Diabetes,14.2,20559890.0,32700.332,High income,"Middle East, North Africa, Afghanistan & Pakistan",2926759.4474675497
Saudi Arabia,Women,2006,0.144899679835391,Diabetes,14.5,21459144.0,34483.043,High income,"Middle East, North Africa, Afghanistan & Pakistan",3109423.095141552
Saudi Arabia,Women,2007,0.147606975053436,Diabetes,14.8,22368313.0,36070.316,High income,"Middle East, North Africa, Afghanistan & Pakistan",3301719.018978448
Saudi Arabia,Women,2008,0.150533316489543,Diabetes,15.1,23287877.0,39393.43,High income,"Middle East, North Africa, Afghanistan & Pakistan",3505601.358810549
Saudi Arabia,Women,2009,0.153558744246012,Diabetes,15.4,24217654.0,39671.555,High income,"Middle East, North Africa, Afghanistan & Pakistan",3718832.53682441
Saudi Arabia,Women,2010,0.156709038998312,Diabetes,15.7,23978487.0,42737.656,High income,"Middle East, North Africa, Afghanistan & Pakistan",3757645.6544035175
Saudi Arabia,Women,2011,0.159927175145578,Diabetes,16.0,25091867.0,48470.0,High income,"Middle East, North Africa, Afghanistan & Pakistan",4012871.408438549
Saudi Arabia,Women,2012,0.163261347534225,Diabetes,16.3,26168861.0,49835.047,High income,"Middle East, North Africa, Afghanistan & Pakistan",4272363.510295827
Saudi Arabia,Women,2013,0.166675946509786,Diabetes,16.7,27624004.0,50021.12,High income,"Middle East, North Africa, Afghanistan & Pakistan",4604257.013090115
Saudi Arabia,Women,2014,0.170134147287373,Diabetes,17.0,28309273.0,50790.992,High income,"Middle East, North Africa, Afghanistan & Pakistan",4816374.022180452
Syria,Women,1980,0.0680039663466624,Diabetes,6.8,8957663.0,10374.0,,"Middle East, North Africa, Afghanistan & Pakistan",609156.613196743
Syria,Women,1981,0.0693262440879417,Diabetes,6.9,9260189.0,10984.0,,"Middle East, North Africa, Afghanistan & Pakistan",641974.1229144728
Syria,Women,1982,0.0706212496325822,Diabetes,7.1,9572511.0,10817.0,,"Middle East, North Africa, Afghanistan & Pakistan",676022.6889416391
Syria,Women,1983,0.071934940878968,Diabetes,7.2,9904809.0,10581.0,,"Middle East, North Africa, Afghanistan & Pakistan",712501.8498324702
Syria,Women,1984,0.0732257704107808,Diabetes,7.3,10258398.0,9792.0,,"Middle East, North Africa, Afghanistan & Pakistan",751179.0967304129
Syria,Women,1985,0.0745931476752873,Diabetes,7.5,10625672.0,10026.0,,"Middle East, North Africa, Afghanistan & Pakistan",792602.3206451653
Syria,Women,1986,0.0759368412815738,Diabetes,7.6,11002844.0,9200.0,,"Middle East, North Africa, Afghanistan & Pakistan",835521.2184739165
Syria,Women,1987,0.077419780675621,Diabetes,7.7,11388923.0,9055.0,Lower middle income,"Middle East, North Africa, Afghanistan & Pakistan",881727.9207915355
Syria,Women,1988,0.0790966126170068,Diabetes,7.9,11782264.0,9913.0,Lower middle income,"Middle East, North Africa, Afghanistan & Pakistan",931937.171359305
Syria,Women,1989,0.080822195942134,Diabetes,8.1,12179060.0,8735.0,Lower middle income,"Middle East, North Africa, Afghanistan & Pakistan",984338.3737110065
Syria,Women,1990,0.0827579989649241,Diabetes,8.3,12579208.0,9087.0,Lower middle income,"Middle East, North Africa, Afghanistan & Pakistan",1041030.0826435649
Syria,Women,1991,0.0848770281444506,Diabetes,8.5,12980821.0,9424.123,Lower middle income,"Middle East, North Africa, Afghanistan & Pakistan",1101773.5093550754
Syria,Women,1992,0.0871949718723617,Diabetes,8.7,13385571.0,10002.276,Lower middle income,"Middle East, North Africa, Afghanistan & Pakistan",1167154.4868405005
Syria,Women,1993,0.0896688428056844,Diabetes,9.0,13795686.0,10072.486,Lower middle income,"Middle East, North Africa, Afghanistan & Pakistan",1237043.1993305811
Syria,Women,1994,0.0923025862771797,Diabetes,9.2,14208583.0,9969.374,Lower middle income,"Middle East, North Africa, Afghanistan & Pakistan",1311488.9582339688
Syria,Women,1995,0.0950670515541263,Diabetes,9.5,14616801.0,9856.483,Lower middle income,"Middle East, North Africa, Afghanistan & Pakistan",1389576.1742234048
Syria,Women,1996,0.0978453727082346,Diabetes,9.8,15018104.0,9517.372,Lower middle income,"Middle East, North Africa, Afghanistan & Pakistan",1469451.983251029
Syria,Women,1997,0.10064956714772,Diabetes,10.1,15417542.0,8826.773,Lower middle income,"Middle East, North Africa, Afghanistan & Pakistan",1551768.9287817932
Syria,Women,1998,0.103481302005663,Diabetes,10.3,15820413.0,8742.974,Lower middle income,"Middle East, North Africa, Afghanistan & Pakistan",1637116.9355073168
Syria,Women,1999,0.106194015899419,Diabetes,10.6,16228061.0,7960.292,Lower middle income,"Middle East, North Africa, Afghanistan & Pakistan",1723322.9678507415
Syria,Women,2000,0.108864064558975,Diabetes,10.9,16637888.0,7668.072,Lower middle income,"Middle East, North Africa, Afghanistan & Pakistan",1811268.1133569954
Syria,Women,2001,0.111592645977596,Diabetes,11.2,17051338.0,7509.304,Lower middle income,"Middle East, North Africa, Afghanistan & Pakistan",1902803.9248783297
Syria,Women,2002,0.114355351201342,Diabetes,11.4,17468332.0,7529.7017,Lower middle income,"Middle East, North Africa, Afghanistan & Pakistan",1997597.240761641
Syria,Women,2003,0.117062580462935,Diabetes,11.7,17889296.0,6986.524,Lower middle income,"Middle East, North Africa, Afghanistan & Pakistan",2094167.1524252612
Syria,Women,2004,0.119835738968371,Diabetes,12.0,18336875.0,7051.4287,Lower middle income,"Middle East, North Africa, Afghanistan & Pakistan",2197412.965995648
Syria,Women,2005,0.122675675833,Diabetes,12.3,18814091.0,7037.7183,Lower middle income,"Middle East, North Africa, Afghanistan & Pakistan",2308031.3286085627
Syria,Women,2006,0.125607174251455,Diabetes,12.6,19637022.0,6901.778,Lower middle income,"Middle East, North Africa, Afghanistan & Pakistan",2466550.8441336555
Syria,Women,2007,0.128688015804606,Diabetes,12.9,20884125.0,6779.537,Lower middle income,"Middle East, North Africa, Afghanistan & Pakistan",2687536.6080653677
Syria,Women,2008,0.131896567795157,Diabetes,13.2,21636564.0,6600.379,Lower middle income,"Middle East, North Africa, Afghanistan & Pakistan",2853788.530480253
Syria,Women,2009,0.135381497999271,Diabetes,13.5,21976969.0,6586.5186,Lower middle income,"Middle East, North Africa, Afghanistan & Pakistan",2975274.9847035403
Syria,Women,2010,0.139218422567623,Diabetes,13.9,22482421.0,6520.6123,Lower middle income,"Middle East, North Africa, Afghanistan & Pakistan",3129967.1871212013
Syria,Women,2011,0.142867306623887,Diabetes,14.3,22878098.0,5979.0,Lower middle income,"Middle East, North Africa, Afghanistan & Pakistan",3268532.241937336
Syria,Women,2012,0.146200629475163,Diabetes,14.6,22759763.0,4443.686,Lower middle income,"Middle East, North Africa, Afghanistan & Pakistan",3327491.6773055242
Syria,Women,2013,0.149502825664907,Diabetes,15.0,21666917.0,3487.681,Lower middle income,"Middle East, North Africa, Afghanistan & Pakistan",3239265.3149470096
Syria,Women,2014,0.15288632686408,Diabetes,15.3,20273659.0,3384.4143,Lower middle income,"Middle East, North Africa, Afghanistan & Pakistan",3099565.256604897
Tunisia,Women,1980,0.0598790192852246,Diabetes,6.0,6606195.0,4693.0,,"Middle East, North Africa, Afghanistan & Pakistan",395572.4778069543
Tunisia,Women,1981,0.0613283303137875,Diabetes,6.1,6758284.0,4830.0,,"Middle East, North Africa, Afghanistan & Pakistan",414474.27350638504
Tunisia,Women,1982,0.0628034449121889,Diabetes,6.3,6908642.0,4713.0,,"Middle East, North Africa, Afghanistan & Pakistan",433886.5172650345
Tunisia,Women,1983,0.0643449010625904,Diabetes,6.4,7053800.0,4844.0,,"Middle East, North Africa, Afghanistan & Pakistan",453876.06311530015
Tunisia,Women,1984,0.0659551375337022,Diabetes,6.6,7220044.0,4890.0,,"Middle East, North Africa, Afghanistan & Pakistan",476198.9950193814
Tunisia,Women,1985,0.0676089468938499,Diabetes,6.8,7409903.0,5039.0,,"Middle East, North Africa, Afghanistan & Pakistan",500975.7384155791
Tunisia,Women,1986,0.0692411375505537,Diabetes,6.9,7600301.0,4841.0,,"Middle East, North Africa, Afghanistan & Pakistan",526253.4869666108
Tunisia,Women,1987,0.0709526041204714,Diabetes,7.1,7789987.0,5043.0,Lower middle income,"Middle East, North Africa, Afghanistan & Pakistan",552719.8637146186
Tunisia,Women,1988,0.0727602675587665,Diabetes,7.3,7974440.0,4940.0,Lower middle income,"Middle East, North Africa, Afghanistan & Pakistan",580222.3880313298
Tunisia,Women,1989,0.0746144502953058,Diabetes,7.5,8151660.0,5023.0,Lower middle income,"Middle East, North Africa, Afghanistan & Pakistan",608231.6298942325
Tunisia,Women,1990,0.0765632696536345,Diabetes,7.7,8324509.0,5316.0,Lower middle income,"Middle East, North Africa, Afghanistan & Pakistan",637351.6273011073
Tunisia,Women,1991,0.0785576974962554,Diabetes,7.9,8501827.0,5446.228,Lower middle income,"Middle East, North Africa, Afghanistan & Pakistan",667883.9536314965
Tunisia,Women,1992,0.0805671571284946,Diabetes,8.1,8682512.0,5789.955,Lower middle income,"Middle East, North Africa, Afghanistan & Pakistan",699525.30857404
Tunisia,Women,1993,0.0825184512213974,Diabetes,8.3,8857910.0,5843.0684,Lower middle income,"Middle East, North Africa, Afghanistan & Pakistan",730941.0142585281
Tunisia,Women,1994,0.0844937771420544,Diabetes,8.4,9018448.0,5968.8447,Lower middle income,"Middle East, North Africa, Afghanistan & Pakistan",762002.7354792062
Tunisia,Women,1995,0.0865479441520425,Diabetes,8.7,9161258.0,6048.7476,Lower middle income,"Middle East, North Africa, Afghanistan & Pakistan",792888.0457464526
Tunisia,Women,1996,0.0886386146934142,Diabetes,8.9,9294432.0,6388.394,Lower middle income,"Middle East, North Africa, Afghanistan & Pakistan",823845.5768421391
Tunisia,Women,1997,0.0907163597866926,Diabetes,9.1,9421270.0,6680.1035,Lower middle income,"Middle East, North Africa, Afghanistan & Pakistan",854663.3189675733
Tunisia,Women,1998,0.0927653852878752,Diabetes,9.3,9541667.0,6944.661,Lower middle income,"Middle East, North Africa, Afghanistan & Pakistan",885136.4155436043
Tunisia,Women,1999,0.0947819570985364,Diabetes,9.5,9655963.0,7297.4746,Lower middle income,"Middle East, North Africa, Afghanistan & Pakistan",915211.0708110549
Tunisia,Women,2000,0.0968092818278483,Diabetes,9.7,9764935.0,7548.438,Lower middle income,"Middle East, North Africa, Afghanistan & Pakistan",945336.3444456198
Tunisia,Women,2001,0.0989275628279491,Diabetes,9.9,9869677.0,7848.094,Lower middle income,"Middle East, North Africa, Afghanistan & Pakistan",976383.0915090642
Tunisia,Women,2002,0.101062702745886,Diabetes,10.1,9971515.0,7916.6797,Lower middle income,"Middle East, North Africa, Afghanistan & Pakistan",1007748.2563711434
Tunisia,Women,2003,0.103184416029802,Diabetes,10.3,10071632.0,8281.715,Lower middle income,"Middle East, North Africa, Afghanistan & Pakistan",1039235.4663870668
Tunisia,Women,2004,0.105259725920677,Diabetes,10.5,10166163.0,8705.084,Lower middle income,"Middle East, North Africa, Afghanistan & Pakistan",1070087.5310449274
Tunisia,Women,2005,0.107418239470834,Diabetes,10.7,10255472.0,8983.384,Lower middle income,"Middle East, North Africa, Afghanistan & Pakistan",1101624.7471824328
Tunisia,Women,2006,0.109559168071315,Diabetes,11.0,10346410.0,9420.023,Lower middle income,"Middle East, North Africa, Afghanistan & Pakistan",1133544.072124734
Tunisia,Women,2007,0.111765998455789,Diabetes,11.2,10441702.0,9932.938,Lower middle income,"Middle East, North Africa, Afghanistan & Pakistan",1167027.249607809
Tunisia,Women,2008,0.114003718291221,Diabetes,11.4,10542635.0,10294.922,Lower middle income,"Middle East, North Africa, Afghanistan & Pakistan",1201899.5905871666
Tunisia,Women,2009,0.116298993854696,Diabetes,11.6,10650681.0,10533.218,Lower middle income,"Middle East, North Africa, Afghanistan & Pakistan",1238663.4841673274
Tunisia,Women,2010,0.118671729061204,Diabetes,11.9,10765980.0,10721.812,Upper middle income,"Middle East, North Africa, Afghanistan & Pakistan",1277617.4616383412
Tunisia,Women,2011,0.121046899499056,Diabetes,12.1,10886035.0,10437.0,Upper middle income,"Middle East, North Africa, Afghanistan & Pakistan",1317720.784588206
Tunisia,Women,2012,0.12348870665259,Diabetes,12.3,11009647.0,10750.85,Upper middle income,"Middle East, North Africa, Afghanistan & Pakistan",1359567.0687315676
Tunisia,Women,2013,0.126002989974049,Diabetes,12.6,11141361.0,10881.511,Upper middle income,"Middle East, North Africa, Afghanistan & Pakistan",1403844.7983802604
Tunisia,Women,2014,0.128581777687543,Diabetes,12.9,11274288.0,11084.781,Upper middle income,"Middle East, North Africa, Afghanistan & Pakistan",1449667.9932013338
United Arab Emirates,Women,1980,0.103998611740747,Diabetes,10.4,1015700.0,44168.0,,"Middle East, North Africa, Afghanistan & Pakistan",105631.38994507672
United Arab Emirates,Women,1981,0.103561258213809,Diabetes,10.4,1099855.0,42456.0,,"Middle East, North Africa, Afghanistan & Pakistan",113902.3676527489
United Arab Emirates,Women,1982,0.103099789753164,Diabetes,10.3,1166370.0,36635.0,,"Middle East, North Africa, Afghanistan & Pakistan",120252.5017743979
United Arab Emirates,Women,1983,0.102815953000065,Diabetes,10.3,1235305.0,32737.0,,"Middle East, North Africa, Afghanistan & Pakistan",127009.0608207453
United Arab Emirates,Women,1984,0.102543154136623,Diabetes,10.3,1305996.0,32135.0,,"Middle East, North Africa, Afghanistan & Pakistan",133920.9491298131
United Arab Emirates,Women,1985,0.102241179649213,Diabetes,10.2,1377911.0,29562.0,,"Middle East, North Africa, Afghanistan & Pakistan",140879.24609162673
United Arab Emirates,Women,1986,0.101871690364286,Diabetes,10.2,1467383.0,21949.0,,"Middle East, North Africa, Afghanistan & Pakistan",149484.7866218171
United Arab Emirates,Women,1987,0.101625745186985,Diabetes,10.2,1574244.0,21487.0,High income,"Middle East, North Africa, Afghanistan & Pakistan",159983.71960614002
United Arab Emirates,Women,1988,0.101767171928468,Diabetes,10.2,1681788.0,20215.0,High income,"Middle East, North Africa, Afghanistan & Pakistan",171150.80854323434
United Arab Emirates,Women,1989,0.102336125766016,Diabetes,10.2,1789851.0,21072.0,High income,"Middle East, North Africa, Afghanistan & Pakistan",183166.4170384295
United Arab Emirates,Women,1990,0.103381787444948,Diabetes,10.3,1898220.0,22254.0,High income,"Middle East, North Africa, Afghanistan & Pakistan",196241.3765637492
United Arab Emirates,Women,1991,0.104700822553479,Diabetes,10.5,2006626.0,,High income,"Middle East, North Africa, Afghanistan & Pakistan",210095.39275719735
United Arab Emirates,Women,1992,0.106237991106465,Diabetes,10.6,2114730.0,,High income,"Middle East, North Africa, Afghanistan & Pakistan",224664.6669325747
United Arab Emirates,Women,1993,0.107807762791322,Diabetes,10.8,2222093.0,25558.756,High income,"Middle East, North Africa, Afghanistan & Pakistan",239558.87504425706
United Arab Emirates,Women,1994,0.10943407594945,Diabetes,10.9,2328188.0,28334.582,High income,"Middle East, North Africa, Afghanistan & Pakistan",254783.1024165981
United Arab Emirates,Women,1995,0.111405696965989,Diabetes,11.1,2434662.0,31239.918,High income,"Middle East, North Africa, Afghanistan & Pakistan",271235.2169866087
United Arab Emirates,Women,1996,0.113522421374643,Diabetes,11.4,2597564.0,34042.742,High income,"Middle East, North Africa, Afghanistan & Pakistan",294881.75495560316
United Arab Emirates,Women,1997,0.115821442431102,Diabetes,11.6,2817410.0,38168.465,High income,"Middle East, North Africa, Afghanistan & Pakistan",326316.4901198111
United Arab Emirates,Women,1998,0.118356677704587,Diabetes,11.8,3040421.0,39667.793,High income,"Middle East, North Africa, Afghanistan & Pakistan",359854.12838325807
United Arab Emirates,Women,1999,0.120994624398384,Diabetes,12.1,3266009.0,42372.438,High income,"Middle East, North Africa, Afghanistan & Pakistan",395169.53223674174
United Arab Emirates,Women,2000,0.123903864114214,Diabetes,12.4,3493575.0,48888.03,High income,"Middle East, North Africa, Afghanistan & Pakistan",432867.4420728152
United Arab Emirates,Women,2001,0.127062191644768,Diabetes,12.7,3723590.0,51263.375,High income,"Middle East, North Africa, Afghanistan & Pakistan",473127.5061865417
United Arab Emirates,Women,2002,0.13026696467933,Diabetes,13.0,3956826.0,54077.47,High income,"Middle East, North Africa, Afghanistan & Pakistan",515443.7127842546
United Arab Emirates,Women,2003,0.133502589631219,Diabetes,13.4,4192457.0,59823.266,High income,"Middle East, North Africa, Afghanistan & Pakistan",559703.8664175315
United Arab Emirates,Women,2004,0.136685995788803,Diabetes,13.7,4428967.0,64925.67,High income,"Middle East, North Africa, Afghanistan & Pakistan",605377.7647107474
United Arab Emirates,Women,2005,0.13965296505843,Diabetes,14.0,4664790.0,65599.055,High income,"Middle East, North Africa, Afghanistan & Pakistan",651451.7548749137
United Arab Emirates,Women,2006,0.142313424862522,Diabetes,14.2,5009100.0,67830.93,High income,"Middle East, North Africa, Afghanistan & Pakistan",712862.1764788589
United Arab Emirates,Women,2007,0.144597972905085,Diabetes,14.5,5624635.0,65412.8,High income,"Middle East, North Africa, Afghanistan & Pakistan",813310.8193309928
United Arab Emirates,Women,2008,0.146472985660631,Diabetes,14.6,6302664.0,63862.086,High income,"Middle East, North Africa, Afghanistan & Pakistan",923170.0136957752
United Arab Emirates,Women,2009,0.147915754293732,Diabetes,14.8,6707058.0,58860.535,High income,"Middle East, North Africa, Afghanistan & Pakistan",992079.5431618096
United Arab Emirates,Women,2010,0.148999163088657,Diabetes,14.9,6869838.0,60112.402,High income,"Middle East, North Africa, Afghanistan & Pakistan",1023600.1125546532
United Arab Emirates,Women,2011,0.149692954809532,Diabetes,15.0,7104538.0,65307.0,High income,"Middle East, North Africa, Afghanistan & Pakistan",1063499.2857766028
United Arab Emirates,Women,2012,0.150988085901869,Diabetes,15.1,7391448.0,66007.0,High income,"Middle East, North Africa, Afghanistan & Pakistan",1116020.5855631977
United Arab Emirates,Women,2013,0.152418294578145,Diabetes,15.2,7693031.0,66825.305,High income,"Middle East, North Africa, Afghanistan & Pakistan",1172558.6651568015
United Arab Emirates,Women,2014,0.154024670251267,Diabetes,15.4,8059440.0,67791.39,High income,"Middle East, North Africa, Afghanistan & Pakistan",1241352.5884098713
Yemen,Women,1980,0.0310878973660958,Diabetes,3.1,9543358.0,3650.0,,"Middle East, North Africa, Afghanistan & Pakistan",296682.9340319093
Yemen,Women,1981,0.0317494130594995,Diabetes,3.2,9882362.0,3767.0,,"Middle East, North Africa, Afghanistan & Pakistan",313759.1931415016
Yemen,Women,1982,0.0324851416107702,Diabetes,3.2,10241006.0,3724.0,,"Middle East, North Africa, Afghanistan & Pakistan",332680.5301467473
Yemen,Women,1983,0.0333431107035326,Diabetes,3.3,10621499.0,3827.0,,"Middle East, North Africa, Afghanistan & Pakistan",354153.8169944608
Yemen,Women,1984,0.0343044393790518,Diabetes,3.4,11025597.0,3861.0,,"Middle East, North Africa, Afghanistan & Pakistan",378226.92390435544
Yemen,Women,1985,0.0353627672865241,Diabetes,3.5,11453825.0,3717.0,,"Middle East, North Africa, Afghanistan & Pakistan",405038.9480155719
Yemen,Women,1986,0.0365117551553169,Diabetes,3.7,11901040.0,3684.0,,"Middle East, North Africa, Afghanistan & Pakistan",434527.8585736326
Yemen,Women,1987,0.0377598598254896,Diabetes,3.8,12369912.0,3712.0,,"Middle East, North Africa, Afghanistan & Pakistan",467086.1431736417
Yemen,Women,1988,0.0390958628475713,Diabetes,3.9,12859708.0,3747.0,,"Middle East, North Africa, Afghanistan & Pakistan",502761.3802278154
Yemen,Women,1989,0.0404740957727044,Diabetes,4.0,13364174.0,3751.0,Lower middle income,"Middle East, North Africa, Afghanistan & Pakistan",540902.858399086
Yemen,Women,1990,0.0419186717143028,Diabetes,4.2,13887862.0,3622.0,Lower middle income,"Middle East, North Africa, Afghanistan & Pakistan",582160.7279915407
Yemen,Women,1991,0.0434631343699491,Diabetes,4.3,14430201.0,3661.9236,Low income,"Middle East, North Africa, Afghanistan & Pakistan",627181.7650483738
Yemen,Women,1992,0.0450999787301311,Diabetes,4.5,14989494.0,3759.7183,Low income,"Middle East, North Africa, Afghanistan & Pakistan",676025.8605754278
Yemen,Women,1993,0.04677735313995,Diabetes,4.7,15563914.0,3712.341,Low income,"Middle East, North Africa, Afghanistan & Pakistan",728038.7014178117
Yemen,Women,1994,0.048555650234624,Diabetes,4.9,16149147.0,3775.0696,Low income,"Middle East, North Africa, Afghanistan & Pakistan",784132.3333195274
Yemen,Women,1995,0.0504469624499605,Diabetes,5.0,16740058.0,3823.3188,Low income,"Middle East, North Africa, Afghanistan & Pakistan",844485.0773361608
Yemen,Women,1996,0.0524461574163436,Diabetes,5.2,17313177.0,3855.572,Low income,"Middle East, North Africa, Afghanistan & Pakistan",908009.6063190195
Yemen,Women,1997,0.0545806191354119,Diabetes,5.5,17873936.0,3927.6804,Low income,"Middle East, North Africa, Afghanistan & Pakistan",975570.4932667277
Yemen,Women,1998,0.0568086765327594,Diabetes,5.7,18446013.0,4044.1484,Low income,"Middle East, North Africa, Afghanistan & Pakistan",1047893.5858360749
Yemen,Women,1999,0.0591409473705518,Diabetes,5.9,19029420.0,4080.2185,Low income,"Middle East, North Africa, Afghanistan & Pakistan",1125417.9267121258
Yemen,Women,2000,0.0615605599500946,Diabetes,6.2,19624141.0,4212.1055,Low income,"Middle East, North Africa, Afghanistan & Pakistan",1208073.1084996094
Yemen,Women,2001,0.064039331855934,Diabetes,6.4,20226147.0,4249.0337,Low income,"Middle East, North Africa, Afghanistan & Pakistan",1295268.9398999037
Yemen,Women,2002,0.0666001100848098,Diabetes,6.7,20835086.0,4292.0986,Low income,"Middle East, North Africa, Afghanistan & Pakistan",1387619.0212264794
Yemen,Women,2003,0.0691983860581399,Diabetes,6.9,21456379.0,4326.5103,Low income,"Middle East, North Africa, Afghanistan & Pakistan",1484746.7974517657
Yemen,Women,2004,0.0718229014189523,Diabetes,7.2,22095167.0,4371.3955,Low income,"Middle East, North Africa, Afghanistan & Pakistan",1586939.001276288
Yemen,Women,2005,0.0745055925131972,Diabetes,7.5,22790085.0,4485.583,Low income,"Middle East, North Africa, Afghanistan & Pakistan",1697988.7863511278
Yemen,Women,2006,0.077228919920506,Diabetes,7.7,23543083.0,4497.2593,Low income,"Middle East, North Africa, Afghanistan & Pakistan",1818206.871688826
Yemen,Women,2007,0.0799934063403539,Diabetes,8.0,24318082.0,4516.1436,Low income,"Middle East, North Africa, Afghanistan & Pakistan",1945286.2148440462
Yemen,Women,2008,0.0828379880558365,Diabetes,8.3,25111941.0,4549.009,Low income,"Middle East, North Africa, Afghanistan & Pakistan",2080222.668616871
Yemen,Women,2009,0.0858160025917781,Diabetes,8.6,25927724.0,4593.5425,Lower middle income,"Middle East, North Africa, Afghanistan & Pakistan",2225013.6299829073
Yemen,Women,2010,0.0888863313525077,Diabetes,8.9,26754387.0,4812.345,Lower middle income,"Middle East, North Africa, Afghanistan & Pakistan",2378099.3080152245
Yemen,Women,2011,0.0918910569029089,Diabetes,9.2,27582897.0,4088.0,Lower middle income,"Middle East, North Africa, Afghanistan & Pakistan",2534621.5577740753
Yemen,Women,2012,0.0949440590394881,Diabetes,9.5,28433647.0,4064.3423,Lower middle income,"Middle East, North Africa, Afghanistan & Pakistan",2699605.8594759637
Yemen,Women,2013,0.098116216433669,Diabetes,9.8,29312952.0,4139.823,Lower middle income,"Middle East, North Africa, Afghanistan & Pakistan",2876075.9427417503
Yemen,Women,2014,0.101444686873028,Diabetes,10.1,30226309.0,4019.4,Lower middle income,"Middle East, North Africa, Afghanistan & Pakistan",3066298.451832388
